split_tag,eval_track,experiment,model,split,ood_name,acc,macro_f1,auc_pr,roc_auc,tpr_at_1pct_fpr,tpr_at_5pct_fpr,tpr_at_10pct_fpr,semantic_coverage,defer_rate,threshold_note,val_threshold_t_star,threshold_selection_mode,threshold_target_fpr,threshold_macro_f1_tolerance,threshold_val_fpr_at_t_star,threshold_val_fpr_constraint_satisfied,threshold_val_fpr_gap_to_target,m3_val_t_star,m3_threshold_mode,m3_val_fpr_at_t_star,m3_val_fpr_constraint_satisfied,hybrid_variant,tau_low,tau_high,score_definition,ibvs_boost_alpha,ibvs_high_precision_rule,tuning_source,fusion_margin,fusion_alpha,ibvs_gate_definition,calibration_method,source_file,repeatability_n_splits,macro_f1_repeat_mean,macro_f1_repeat_std,macro_f1_repeat_ci95_low,macro_f1_repeat_ci95_high,tpr_at_1pct_fpr_repeat_mean,tpr_at_1pct_fpr_repeat_std,tpr_at_1pct_fpr_repeat_ci95_low,tpr_at_1pct_fpr_repeat_ci95_high,tpr_at_5pct_fpr_repeat_mean,tpr_at_5pct_fpr_repeat_std,tpr_at_5pct_fpr_repeat_ci95_low,tpr_at_5pct_fpr_repeat_ci95_high,tpr_at_10pct_fpr_repeat_mean,tpr_at_10pct_fpr_repeat_std,tpr_at_10pct_fpr_repeat_ci95_low,tpr_at_10pct_fpr_repeat_ci95_high
A,deployment_threshold,ablation,M1_TFIDF_ONLY,VAL,id,0.6577,0.6501,0.9674,0.9183,0.4679,0.5596,0.7523,,,eval_track=deployment_threshold; policy=low_fpr_enforced; mode=low_fpr_enforced_macro_best; t*=0.965; target_fpr=0.05; val_fpr=0.050; macro_tol=0.020,0.965,low_fpr_enforced_macro_best,0.05,0.02,0.05,1.0,0.0,,,,,,,,,,,,,,,,metrics_ablation_splitA.csv,,,,,,,,,,,,,,,,,
A,deployment_threshold,ablation,M1_TFIDF_ONLY,TEST,id,0.6443,0.6348,0.9421,0.8792,0.1574,0.5093,0.5556,,,eval_track=deployment_threshold; policy=low_fpr_enforced; mode=low_fpr_enforced_macro_best; t*=0.965; target_fpr=0.05; val_fpr=0.050; macro_tol=0.020,0.965,low_fpr_enforced_macro_best,0.05,0.02,0.05,1.0,0.0,,,,,,,,,,,,,,,,metrics_ablation_splitA.csv,,,,,,,,,,,,,,,,,
A,deployment_threshold,ablation,M1_TFIDF_ONLY,OOD,ood_test,0.5807,0.5028,0.7249,0.6816,0.1016,0.2552,0.4062,,,eval_track=deployment_threshold; policy=low_fpr_enforced; mode=low_fpr_enforced_macro_best; t*=0.965; target_fpr=0.05; val_fpr=0.050; macro_tol=0.020,0.965,low_fpr_enforced_macro_best,0.05,0.02,0.05,1.0,0.0,,,,,,,,,,,,,,,,metrics_ablation_splitA.csv,3.0,0.6591,0.1403,0.5674,0.7507,0.1272,0.0989,0.0626,0.1918,0.3257,0.1806,0.2077,0.4437,0.4768,0.2174,0.3348,0.6188
A,deployment_threshold,ablation,M1_TFIDF_ONLY,OOD,ood_test_injection,0.8643,0.8643,0.9282,0.9379,0.3333,0.6549,0.8289,,,eval_track=deployment_threshold; policy=low_fpr_enforced; mode=low_fpr_enforced_macro_best; t*=0.965; target_fpr=0.05; val_fpr=0.050; macro_tol=0.020,0.965,low_fpr_enforced_macro_best,0.05,0.02,0.05,1.0,0.0,,,,,,,,,,,,,,,,metrics_ablation_splitA__ood-ood_test_injection.csv,3.0,0.6591,0.1403,0.5674,0.7507,0.1272,0.0989,0.0626,0.1918,0.3257,0.1806,0.2077,0.4437,0.4768,0.2174,0.3348,0.6188
A,deployment_threshold,ablation,M1_TFIDF_ONLY,OOD,ood_test_injection_standard,0.6889,0.686,0.6895,0.7409,0.0251,0.139,0.2755,,,eval_track=deployment_threshold; policy=low_fpr_enforced; mode=low_fpr_enforced_macro_best; t*=0.965; target_fpr=0.05; val_fpr=0.050; macro_tol=0.020,0.965,low_fpr_enforced_macro_best,0.05,0.02,0.05,1.0,0.0,,,,,,,,,,,,,,,,metrics_ablation_splitA__ood-ood_test_injection_standard.csv,3.0,0.6591,0.1403,0.5674,0.7507,0.1272,0.0989,0.0626,0.1918,0.3257,0.1806,0.2077,0.4437,0.4768,0.2174,0.3348,0.6188
A,deployment_threshold,ablation,M2_TFIDF_PLUS_FLAGS,VAL,id,0.7181,0.7054,0.9603,0.9259,0.1009,0.633,0.789,,,eval_track=deployment_threshold; policy=low_fpr_enforced; mode=low_fpr_enforced_macro_best; t*=0.964; target_fpr=0.05; val_fpr=0.050; macro_tol=0.020,0.964,low_fpr_enforced_macro_best,0.05,0.02,0.05,1.0,0.0,,,,,,,,,,,,,,,,metrics_ablation_splitA.csv,,,,,,,,,,,,,,,,,
A,deployment_threshold,ablation,M2_TFIDF_PLUS_FLAGS,TEST,id,0.7047,0.6913,0.9479,0.9015,0.1296,0.4537,0.6944,,,eval_track=deployment_threshold; policy=low_fpr_enforced; mode=low_fpr_enforced_macro_best; t*=0.964; target_fpr=0.05; val_fpr=0.050; macro_tol=0.020,0.964,low_fpr_enforced_macro_best,0.05,0.02,0.05,1.0,0.0,,,,,,,,,,,,,,,,metrics_ablation_splitA.csv,,,,,,,,,,,,,,,,,
A,deployment_threshold,ablation,M2_TFIDF_PLUS_FLAGS,OOD,ood_test,0.6367,0.6013,0.7624,0.7492,0.125,0.2969,0.401,,,eval_track=deployment_threshold; policy=low_fpr_enforced; mode=low_fpr_enforced_macro_best; t*=0.964; target_fpr=0.05; val_fpr=0.050; macro_tol=0.020,0.964,low_fpr_enforced_macro_best,0.05,0.02,0.05,1.0,0.0,,,,,,,,,,,,,,,,metrics_ablation_splitA.csv,3.0,0.5909,0.0885,0.5331,0.6488,0.0448,0.0496,0.0123,0.0772,0.1346,0.1069,0.0647,0.2044,0.2404,0.1294,0.1559,0.3249
A,deployment_threshold,ablation,M2_TFIDF_PLUS_FLAGS,OOD,ood_test_injection,0.7463,0.7452,0.7047,0.7934,0.0118,0.0767,0.236,,,eval_track=deployment_threshold; policy=low_fpr_enforced; mode=low_fpr_enforced_macro_best; t*=0.964; target_fpr=0.05; val_fpr=0.050; macro_tol=0.020,0.964,low_fpr_enforced_macro_best,0.05,0.02,0.05,1.0,0.0,,,,,,,,,,,,,,,,metrics_ablation_splitA__ood-ood_test_injection.csv,3.0,0.5909,0.0885,0.5331,0.6488,0.0448,0.0496,0.0123,0.0772,0.1346,0.1069,0.0647,0.2044,0.2404,0.1294,0.1559,0.3249
A,deployment_threshold,ablation,M2_TFIDF_PLUS_FLAGS,OOD,ood_test_injection_standard,0.6332,0.6305,0.6127,0.6698,0.013,0.0793,0.1711,,,eval_track=deployment_threshold; policy=low_fpr_enforced; mode=low_fpr_enforced_macro_best; t*=0.964; target_fpr=0.05; val_fpr=0.050; macro_tol=0.020,0.964,low_fpr_enforced_macro_best,0.05,0.02,0.05,1.0,0.0,,,,,,,,,,,,,,,,metrics_ablation_splitA__ood-ood_test_injection_standard.csv,3.0,0.5909,0.0885,0.5331,0.6488,0.0448,0.0496,0.0123,0.0772,0.1346,0.1069,0.0647,0.2044,0.2404,0.1294,0.1559,0.3249
A,deployment_threshold,ablation,M3_TFIDF_PLUS_FLAGS_PLUS_IBVS_V1_TOTAL,VAL,id,0.7718,0.755,0.9696,0.9362,0.2018,0.7064,0.8532,,,eval_track=deployment_threshold; policy=low_fpr_enforced; mode=low_fpr_enforced_macro_best; t*=0.963; target_fpr=0.05; val_fpr=0.050; macro_tol=0.020,0.963,low_fpr_enforced_macro_best,0.05,0.02,0.05,1.0,0.0,,,,,,,,,,,,,,,,metrics_ablation_splitA.csv,,,,,,,,,,,,,,,,,
A,deployment_threshold,ablation,M3_TFIDF_PLUS_FLAGS_PLUS_IBVS_V1_TOTAL,TEST,id,0.7785,0.7613,0.9448,0.9144,0.0741,0.7037,0.8426,,,eval_track=deployment_threshold; policy=low_fpr_enforced; mode=low_fpr_enforced_macro_best; t*=0.963; target_fpr=0.05; val_fpr=0.050; macro_tol=0.020,0.963,low_fpr_enforced_macro_best,0.05,0.02,0.05,1.0,0.0,,,,,,,,,,,,,,,,metrics_ablation_splitA.csv,,,,,,,,,,,,,,,,,
A,deployment_threshold,ablation,M3_TFIDF_PLUS_FLAGS_PLUS_IBVS_V1_TOTAL,OOD,ood_test,0.6354,0.5995,0.7557,0.7392,0.1146,0.2865,0.4323,,,eval_track=deployment_threshold; policy=low_fpr_enforced; mode=low_fpr_enforced_macro_best; t*=0.963; target_fpr=0.05; val_fpr=0.050; macro_tol=0.020,0.963,low_fpr_enforced_macro_best,0.05,0.02,0.05,1.0,0.0,,,,,,,,,,,,,,,,metrics_ablation_splitA.csv,3.0,0.5813,0.1477,0.4848,0.6778,0.0343,0.0386,0.0091,0.0595,0.1465,0.1226,0.0664,0.2266,0.2359,0.1343,0.1482,0.3237
A,deployment_threshold,ablation,M3_TFIDF_PLUS_FLAGS_PLUS_IBVS_V1_TOTAL,OOD,ood_test_injection,0.7242,0.7241,0.6477,0.7605,0.0088,0.0354,0.115,,,eval_track=deployment_threshold; policy=low_fpr_enforced; mode=low_fpr_enforced_macro_best; t*=0.963; target_fpr=0.05; val_fpr=0.050; macro_tol=0.020,0.963,low_fpr_enforced_macro_best,0.05,0.02,0.05,1.0,0.0,,,,,,,,,,,,,,,,metrics_ablation_splitA__ood-ood_test_injection.csv,3.0,0.5813,0.1477,0.4848,0.6778,0.0343,0.0386,0.0091,0.0595,0.1465,0.1226,0.0664,0.2266,0.2359,0.1343,0.1482,0.3237
A,deployment_threshold,ablation,M3_TFIDF_PLUS_FLAGS_PLUS_IBVS_V1_TOTAL,OOD,ood_test_injection_standard,0.6365,0.635,0.624,0.6815,0.0135,0.0923,0.1776,,,eval_track=deployment_threshold; policy=low_fpr_enforced; mode=low_fpr_enforced_macro_best; t*=0.963; target_fpr=0.05; val_fpr=0.050; macro_tol=0.020,0.963,low_fpr_enforced_macro_best,0.05,0.02,0.05,1.0,0.0,,,,,,,,,,,,,,,,metrics_ablation_splitA__ood-ood_test_injection_standard.csv,3.0,0.5813,0.1477,0.4848,0.6778,0.0343,0.0386,0.0091,0.0595,0.1465,0.1226,0.0664,0.2266,0.2359,0.1343,0.1482,0.3237
A,deployment_threshold,ablation,M3_TFIDF_PLUS_FLAGS_PLUS_IBVS_V2_STRUCTURED,VAL,id,0.8054,0.7868,0.9699,0.9342,0.2477,0.7523,0.7798,,,eval_track=deployment_threshold; policy=low_fpr_enforced; mode=low_fpr_enforced_macro_best; t*=0.940; target_fpr=0.05; val_fpr=0.050; macro_tol=0.020,0.94,low_fpr_enforced_macro_best,0.05,0.02,0.05,1.0,0.0,,,,,,,,,,,,,,,,metrics_ablation_splitA.csv,,,,,,,,,,,,,,,,,
A,deployment_threshold,ablation,M3_TFIDF_PLUS_FLAGS_PLUS_IBVS_V2_STRUCTURED,TEST,id,0.7987,0.7742,0.9489,0.8995,0.1481,0.4907,0.6481,,,eval_track=deployment_threshold; policy=low_fpr_enforced; mode=low_fpr_enforced_macro_best; t*=0.940; target_fpr=0.05; val_fpr=0.050; macro_tol=0.020,0.94,low_fpr_enforced_macro_best,0.05,0.02,0.05,1.0,0.0,,,,,,,,,,,,,,,,metrics_ablation_splitA.csv,,,,,,,,,,,,,,,,,
A,deployment_threshold,ablation,M3_TFIDF_PLUS_FLAGS_PLUS_IBVS_V2_STRUCTURED,OOD,ood_test,0.6602,0.6392,0.7562,0.7392,0.0859,0.3021,0.4193,,,eval_track=deployment_threshold; policy=low_fpr_enforced; mode=low_fpr_enforced_macro_best; t*=0.940; target_fpr=0.05; val_fpr=0.050; macro_tol=0.020,0.94,low_fpr_enforced_macro_best,0.05,0.02,0.05,1.0,0.0,,,,,,,,,,,,,,,,metrics_ablation_splitA.csv,3.0,0.6164,0.0852,0.5607,0.6721,0.0412,0.0378,0.0165,0.0659,0.1513,0.1077,0.0809,0.2217,0.2617,0.1302,0.1767,0.3468
A,deployment_threshold,ablation,M3_TFIDF_PLUS_FLAGS_PLUS_IBVS_V2_STRUCTURED,OOD,ood_test_injection,0.7566,0.7513,0.6811,0.7748,0.0088,0.0796,0.1888,,,eval_track=deployment_threshold; policy=low_fpr_enforced; mode=low_fpr_enforced_macro_best; t*=0.940; target_fpr=0.05; val_fpr=0.050; macro_tol=0.020,0.94,low_fpr_enforced_macro_best,0.05,0.02,0.05,1.0,0.0,,,,,,,,,,,,,,,,metrics_ablation_splitA__ood-ood_test_injection.csv,3.0,0.6164,0.0852,0.5607,0.6721,0.0412,0.0378,0.0165,0.0659,0.1513,0.1077,0.0809,0.2217,0.2617,0.1302,0.1767,0.3468
A,deployment_threshold,ablation,M3_TFIDF_PLUS_FLAGS_PLUS_IBVS_V2_STRUCTURED,OOD,ood_test_injection_standard,0.6322,0.6239,0.6159,0.6702,0.0186,0.0813,0.1781,,,eval_track=deployment_threshold; policy=low_fpr_enforced; mode=low_fpr_enforced_macro_best; t*=0.940; target_fpr=0.05; val_fpr=0.050; macro_tol=0.020,0.94,low_fpr_enforced_macro_best,0.05,0.02,0.05,1.0,0.0,,,,,,,,,,,,,,,,metrics_ablation_splitA__ood-ood_test_injection_standard.csv,3.0,0.6164,0.0852,0.5607,0.6721,0.0412,0.0378,0.0165,0.0659,0.1513,0.1077,0.0809,0.2217,0.2617,0.1302,0.1767,0.3468
A,deployment_threshold,ablation,M3_TFIDF_PLUS_FLAGS_PLUS_IBVS_V2_TOTAL,VAL,id,0.8121,0.7932,0.9679,0.9323,0.211,0.7615,0.8073,,,eval_track=deployment_threshold; policy=low_fpr_enforced; mode=low_fpr_enforced_macro_best; t*=0.938; target_fpr=0.05; val_fpr=0.050; macro_tol=0.020,0.938,low_fpr_enforced_macro_best,0.05,0.02,0.05,1.0,0.0,,,,,,,,,,,,,,,,metrics_ablation_splitA.csv,,,,,,,,,,,,,,,,,
A,deployment_threshold,ablation,M3_TFIDF_PLUS_FLAGS_PLUS_IBVS_V2_TOTAL,TEST,id,0.7852,0.7637,0.9417,0.8959,0.0833,0.4907,0.6296,,,eval_track=deployment_threshold; policy=low_fpr_enforced; mode=low_fpr_enforced_macro_best; t*=0.938; target_fpr=0.05; val_fpr=0.050; macro_tol=0.020,0.938,low_fpr_enforced_macro_best,0.05,0.02,0.05,1.0,0.0,,,,,,,,,,,,,,,,metrics_ablation_splitA.csv,,,,,,,,,,,,,,,,,
A,deployment_threshold,ablation,M3_TFIDF_PLUS_FLAGS_PLUS_IBVS_V2_TOTAL,OOD,ood_test,0.6589,0.6381,0.7576,0.7422,0.0677,0.3125,0.4141,,,eval_track=deployment_threshold; policy=low_fpr_enforced; mode=low_fpr_enforced_macro_best; t*=0.938; target_fpr=0.05; val_fpr=0.050; macro_tol=0.020,0.938,low_fpr_enforced_macro_best,0.05,0.02,0.05,1.0,0.0,,,,,,,,,,,,,,,,metrics_ablation_splitA.csv,3.0,0.6067,0.0772,0.5562,0.6571,0.0387,0.0349,0.0159,0.0615,0.1527,0.1158,0.0771,0.2284,0.2459,0.1285,0.1619,0.3299
A,deployment_threshold,ablation,M3_TFIDF_PLUS_FLAGS_PLUS_IBVS_V2_TOTAL,OOD,ood_test_injection,0.7493,0.745,0.6753,0.7702,0.0088,0.0708,0.1681,,,eval_track=deployment_threshold; policy=low_fpr_enforced; mode=low_fpr_enforced_macro_best; t*=0.938; target_fpr=0.05; val_fpr=0.050; macro_tol=0.020,0.938,low_fpr_enforced_macro_best,0.05,0.02,0.05,1.0,0.0,,,,,,,,,,,,,,,,metrics_ablation_splitA__ood-ood_test_injection.csv,3.0,0.6067,0.0772,0.5562,0.6571,0.0387,0.0349,0.0159,0.0615,0.1527,0.1158,0.0771,0.2284,0.2459,0.1285,0.1619,0.3299
A,deployment_threshold,ablation,M3_TFIDF_PLUS_FLAGS_PLUS_IBVS_V2_TOTAL,OOD,ood_test_injection_standard,0.6417,0.6332,0.6198,0.6772,0.0201,0.0868,0.1641,,,eval_track=deployment_threshold; policy=low_fpr_enforced; mode=low_fpr_enforced_macro_best; t*=0.938; target_fpr=0.05; val_fpr=0.050; macro_tol=0.020,0.938,low_fpr_enforced_macro_best,0.05,0.02,0.05,1.0,0.0,,,,,,,,,,,,,,,,metrics_ablation_splitA__ood-ood_test_injection_standard.csv,3.0,0.6067,0.0772,0.5562,0.6571,0.0387,0.0349,0.0159,0.0615,0.1527,0.1158,0.0771,0.2284,0.2459,0.1285,0.1619,0.3299
A,deployment_threshold,hybrid,HYBRID_SEM_ANCHORED_IBVS_BOOST,VAL (HYBRID),id,0.9262,0.9095,0.9774,0.9477,0.3303,0.8532,0.8716,0.8993,0.1007,"variant=anchored_ibvs_boost; tau=(0.40,0.60); alpha=0.25; fallback=M3+IBVSv2; m3_t*=0.940; m3_val_fpr=0.050; gate=tripwire_alert>0 OR interaction_system_hierarchy_spoof_chain>0 OR (hierarchy_override>0 AND system_spoof>0); tuning=id_val_only",,,,,,,,0.94,low_fpr_enforced_macro_best,0.05,True,anchored_ibvs_boost,0.4,0.6,p_sem globally; uncertain boosted toward p_m3 where legacy ibvs gate and delta>0,0.25,tripwire_alert>0 OR interaction_system_hierarchy_spoof_chain>0 OR (hierarchy_override>0 AND system_spoof>0),id_val_only,0.0,0.25,tripwire_alert>0 OR interaction_system_hierarchy_spoof_chain>0 OR (hierarchy_override>0 AND system_spoof>0),none,metrics_hybrid_splitA.csv,,,,,,,,,,,,,,,,,
A,deployment_threshold,hybrid,HYBRID_SEM_ANCHORED_IBVS_BOOST,TEST (HYBRID),id,0.8658,0.8387,0.9713,0.9232,0.6296,0.6574,0.8426,0.9195,0.0805,"variant=anchored_ibvs_boost; tau=(0.40,0.60); alpha=0.25; fallback=M3+IBVSv2; m3_t*=0.940; m3_val_fpr=0.050; gate=tripwire_alert>0 OR interaction_system_hierarchy_spoof_chain>0 OR (hierarchy_override>0 AND system_spoof>0); tuning=id_val_only",,,,,,,,0.94,low_fpr_enforced_macro_best,0.05,True,anchored_ibvs_boost,0.4,0.6,p_sem globally; uncertain boosted toward p_m3 where legacy ibvs gate and delta>0,0.25,tripwire_alert>0 OR interaction_system_hierarchy_spoof_chain>0 OR (hierarchy_override>0 AND system_spoof>0),id_val_only,0.0,0.25,tripwire_alert>0 OR interaction_system_hierarchy_spoof_chain>0 OR (hierarchy_override>0 AND system_spoof>0),none,metrics_hybrid_splitA.csv,,,,,,,,,,,,,,,,,
A,deployment_threshold,hybrid,HYBRID_SEM_ANCHORED_IBVS_BOOST,OOD (HYBRID),ood_test,0.7357,0.7329,0.829,0.8294,0.1823,0.3984,0.5,0.6693,0.3307,"variant=anchored_ibvs_boost; tau=(0.40,0.60); alpha=0.25; fallback=M3+IBVSv2; m3_t*=0.940; m3_val_fpr=0.050; gate=tripwire_alert>0 OR interaction_system_hierarchy_spoof_chain>0 OR (hierarchy_override>0 AND system_spoof>0); tuning=id_val_only",,,,,,,,0.94,low_fpr_enforced_macro_best,0.05,True,anchored_ibvs_boost,0.4,0.6,p_sem globally; uncertain boosted toward p_m3 where legacy ibvs gate and delta>0,0.25,tripwire_alert>0 OR interaction_system_hierarchy_spoof_chain>0 OR (hierarchy_override>0 AND system_spoof>0),id_val_only,0.0,0.25,tripwire_alert>0 OR interaction_system_hierarchy_spoof_chain>0 OR (hierarchy_override>0 AND system_spoof>0),none,metrics_hybrid_splitA.csv,3.0,0.7004,0.046,0.6703,0.7304,0.0876,0.0776,0.0369,0.1383,0.249,0.1398,0.1576,0.3403,0.3683,0.1608,0.2632,0.4734
A,deployment_threshold,hybrid,HYBRID_SEM_ANCHORED_IBVS_BOOST,OOD (HYBRID),ood_test_injection,0.6711,0.6684,0.5755,0.6151,0.0147,0.0708,0.1239,0.6799,0.3201,"variant=anchored_ibvs_boost; tau=(0.40,0.60); alpha=0.25; fallback=M3+IBVSv2; m3_t*=0.940; m3_val_fpr=0.050; gate=tripwire_alert>0 OR interaction_system_hierarchy_spoof_chain>0 OR (hierarchy_override>0 AND system_spoof>0); tuning=id_val_only; ood_name=ood_test_injection",,,,,,,,0.94,low_fpr_enforced_macro_best,0.05,True,anchored_ibvs_boost,0.4,0.6,p_sem globally; uncertain boosted toward p_m3 where legacy ibvs gate and delta>0,0.25,tripwire_alert>0 OR interaction_system_hierarchy_spoof_chain>0 OR (hierarchy_override>0 AND system_spoof>0),id_val_only,0.0,0.25,tripwire_alert>0 OR interaction_system_hierarchy_spoof_chain>0 OR (hierarchy_override>0 AND system_spoof>0),none,metrics_hybrid_splitA__ood-ood_test_injection.csv,3.0,0.7004,0.046,0.6703,0.7304,0.0876,0.0776,0.0369,0.1383,0.249,0.1398,0.1576,0.3403,0.3683,0.1608,0.2632,0.4734
A,deployment_threshold,hybrid,HYBRID_SEM_ANCHORED_IBVS_BOOST,OOD (HYBRID),ood_test_injection_standard,0.7361,0.7335,0.77,0.8024,0.0617,0.2358,0.418,0.6851,0.3149,"variant=anchored_ibvs_boost; tau=(0.40,0.60); alpha=0.25; fallback=M3+IBVSv2; m3_t*=0.940; m3_val_fpr=0.050; gate=tripwire_alert>0 OR interaction_system_hierarchy_spoof_chain>0 OR (hierarchy_override>0 AND system_spoof>0); tuning=id_val_only; ood_name=ood_test_injection_standard",,,,,,,,0.94,low_fpr_enforced_macro_best,0.05,True,anchored_ibvs_boost,0.4,0.6,p_sem globally; uncertain boosted toward p_m3 where legacy ibvs gate and delta>0,0.25,tripwire_alert>0 OR interaction_system_hierarchy_spoof_chain>0 OR (hierarchy_override>0 AND system_spoof>0),id_val_only,0.0,0.25,tripwire_alert>0 OR interaction_system_hierarchy_spoof_chain>0 OR (hierarchy_override>0 AND system_spoof>0),none,metrics_hybrid_splitA__ood-ood_test_injection_standard.csv,3.0,0.7004,0.046,0.6703,0.7304,0.0876,0.0776,0.0369,0.1383,0.249,0.1398,0.1576,0.3403,0.3683,0.1608,0.2632,0.4734
A,deployment_threshold,hybrid,HYBRID_SEM_ANCHORED_IBVS_BOOST_V2,VAL (HYBRID),id,0.9262,0.9095,0.9774,0.9477,0.3303,0.8532,0.8716,0.8993,0.1007,"variant=anchored_ibvs_boost_v2; tau=(0.40,0.60); alpha=0.25; margin=0.00; calibration=none; fallback=M3+IBVSv2; m3_t*=0.940; m3_val_fpr=0.050; gate=high_specific_risk_anchor>0 OR interaction_harm_evasion>0 OR (harm_domain>0 AND evasion>0) AND benign/meta suppressors are zero; tuning=id_val_only",,,,,,,,0.94,low_fpr_enforced_macro_best,0.05,True,anchored_ibvs_boost_v2,0.4,0.6,p_sem_cal globally; uncertain boosted with relu(delta-margin) on high-specific ibvs gate,0.25,high_specific_risk_anchor>0 OR interaction_harm_evasion>0 OR (harm_domain>0 AND evasion>0) AND benign/meta suppressors are zero,id_val_only,0.0,0.25,high_specific_risk_anchor>0 OR interaction_harm_evasion>0 OR (harm_domain>0 AND evasion>0) AND benign/meta suppressors are zero,none,metrics_hybrid_splitA.csv,,,,,,,,,,,,,,,,,
A,deployment_threshold,hybrid,HYBRID_SEM_ANCHORED_IBVS_BOOST_V2,TEST (HYBRID),id,0.8658,0.8387,0.9713,0.9232,0.6296,0.6574,0.8426,0.9195,0.0805,"variant=anchored_ibvs_boost_v2; tau=(0.40,0.60); alpha=0.25; margin=0.00; calibration=none; fallback=M3+IBVSv2; m3_t*=0.940; m3_val_fpr=0.050; gate=high_specific_risk_anchor>0 OR interaction_harm_evasion>0 OR (harm_domain>0 AND evasion>0) AND benign/meta suppressors are zero; tuning=id_val_only",,,,,,,,0.94,low_fpr_enforced_macro_best,0.05,True,anchored_ibvs_boost_v2,0.4,0.6,p_sem_cal globally; uncertain boosted with relu(delta-margin) on high-specific ibvs gate,0.25,high_specific_risk_anchor>0 OR interaction_harm_evasion>0 OR (harm_domain>0 AND evasion>0) AND benign/meta suppressors are zero,id_val_only,0.0,0.25,high_specific_risk_anchor>0 OR interaction_harm_evasion>0 OR (harm_domain>0 AND evasion>0) AND benign/meta suppressors are zero,none,metrics_hybrid_splitA.csv,,,,,,,,,,,,,,,,,
A,deployment_threshold,hybrid,HYBRID_SEM_ANCHORED_IBVS_BOOST_V2,OOD (HYBRID),ood_test,0.7357,0.7329,0.829,0.8294,0.1823,0.3984,0.5,0.6693,0.3307,"variant=anchored_ibvs_boost_v2; tau=(0.40,0.60); alpha=0.25; margin=0.00; calibration=none; fallback=M3+IBVSv2; m3_t*=0.940; m3_val_fpr=0.050; gate=high_specific_risk_anchor>0 OR interaction_harm_evasion>0 OR (harm_domain>0 AND evasion>0) AND benign/meta suppressors are zero; tuning=id_val_only",,,,,,,,0.94,low_fpr_enforced_macro_best,0.05,True,anchored_ibvs_boost_v2,0.4,0.6,p_sem_cal globally; uncertain boosted with relu(delta-margin) on high-specific ibvs gate,0.25,high_specific_risk_anchor>0 OR interaction_harm_evasion>0 OR (harm_domain>0 AND evasion>0) AND benign/meta suppressors are zero,id_val_only,0.0,0.25,high_specific_risk_anchor>0 OR interaction_harm_evasion>0 OR (harm_domain>0 AND evasion>0) AND benign/meta suppressors are zero,none,metrics_hybrid_splitA.csv,3.0,0.7004,0.046,0.6703,0.7304,0.0876,0.0776,0.0369,0.1383,0.249,0.1398,0.1576,0.3403,0.3683,0.1608,0.2632,0.4734
A,deployment_threshold,hybrid,HYBRID_SEM_ANCHORED_IBVS_BOOST_V2,OOD (HYBRID),ood_test_injection,0.6711,0.6684,0.5755,0.6151,0.0147,0.0708,0.1239,0.6799,0.3201,"variant=anchored_ibvs_boost_v2; tau=(0.40,0.60); alpha=0.25; margin=0.00; calibration=none; fallback=M3+IBVSv2; m3_t*=0.940; m3_val_fpr=0.050; gate=high_specific_risk_anchor>0 OR interaction_harm_evasion>0 OR (harm_domain>0 AND evasion>0) AND benign/meta suppressors are zero; tuning=id_val_only; ood_name=ood_test_injection",,,,,,,,0.94,low_fpr_enforced_macro_best,0.05,True,anchored_ibvs_boost_v2,0.4,0.6,p_sem calibrated; uncertain boosted toward calibrated p_m3 when gate and delta>margin,0.25,high_specific_risk_anchor>0 OR interaction_harm_evasion>0 OR (harm_domain>0 AND evasion>0) AND benign/meta suppressors are zero,id_val_only,0.0,0.25,high_specific_risk_anchor>0 OR interaction_harm_evasion>0 OR (harm_domain>0 AND evasion>0) AND benign/meta suppressors are zero,none,metrics_hybrid_splitA__ood-ood_test_injection.csv,3.0,0.7004,0.046,0.6703,0.7304,0.0876,0.0776,0.0369,0.1383,0.249,0.1398,0.1576,0.3403,0.3683,0.1608,0.2632,0.4734
A,deployment_threshold,hybrid,HYBRID_SEM_ANCHORED_IBVS_BOOST_V2,OOD (HYBRID),ood_test_injection_standard,0.7361,0.7335,0.77,0.8024,0.0617,0.2358,0.418,0.6851,0.3149,"variant=anchored_ibvs_boost_v2; tau=(0.40,0.60); alpha=0.25; margin=0.00; calibration=none; fallback=M3+IBVSv2; m3_t*=0.940; m3_val_fpr=0.050; gate=high_specific_risk_anchor>0 OR interaction_harm_evasion>0 OR (harm_domain>0 AND evasion>0) AND benign/meta suppressors are zero; tuning=id_val_only; ood_name=ood_test_injection_standard",,,,,,,,0.94,low_fpr_enforced_macro_best,0.05,True,anchored_ibvs_boost_v2,0.4,0.6,p_sem calibrated; uncertain boosted toward calibrated p_m3 when gate and delta>margin,0.25,high_specific_risk_anchor>0 OR interaction_harm_evasion>0 OR (harm_domain>0 AND evasion>0) AND benign/meta suppressors are zero,id_val_only,0.0,0.25,high_specific_risk_anchor>0 OR interaction_harm_evasion>0 OR (harm_domain>0 AND evasion>0) AND benign/meta suppressors are zero,none,metrics_hybrid_splitA__ood-ood_test_injection_standard.csv,3.0,0.7004,0.046,0.6703,0.7304,0.0876,0.0776,0.0369,0.1383,0.249,0.1398,0.1576,0.3403,0.3683,0.1608,0.2632,0.4734
A,deployment_threshold,hybrid,HYBRID_SEM_ANCHORED_IBVS_VETO,VAL (HYBRID),id,0.906,0.8764,0.9774,0.9477,0.3303,0.8532,0.8716,1.0,0.0,"variant=anchored_ibvs_veto_v1; tau=(0.25,0.60); alpha=0.25; veto_margin=0.00; calibration=none; fallback=M3+IBVSv2; m3_t*=0.940; sem_t*=0.392; m3_val_fpr=0.050; gate=high_specific_risk_anchor>0 OR interaction_harm_evasion>0 OR (harm_domain>0 AND evasion>0) AND benign/meta suppressors are zero; tuning=id_val_only",,,,,,,,0.94,low_fpr_enforced_macro_best,0.05,True,anchored_ibvs_veto_v1,0.25,0.6,semantic-anchored uncertain routing; M3 veto-to-block only on high-specific IBVS gate + confidence margin,0.25,high_specific_risk_anchor>0 OR interaction_harm_evasion>0 OR (harm_domain>0 AND evasion>0) AND benign/meta suppressors are zero,id_val_only,0.0,0.25,high_specific_risk_anchor>0 OR interaction_harm_evasion>0 OR (harm_domain>0 AND evasion>0) AND benign/meta suppressors are zero,none,metrics_hybrid_splitA.csv,,,,,,,,,,,,,,,,,
A,deployment_threshold,hybrid,HYBRID_SEM_ANCHORED_IBVS_VETO,TEST (HYBRID),id,0.8322,0.7881,0.9713,0.9232,0.6296,0.6574,0.8426,1.0,0.0,"variant=anchored_ibvs_veto_v1; tau=(0.25,0.60); alpha=0.25; veto_margin=0.00; calibration=none; fallback=M3+IBVSv2; m3_t*=0.940; sem_t*=0.392; m3_val_fpr=0.050; gate=high_specific_risk_anchor>0 OR interaction_harm_evasion>0 OR (harm_domain>0 AND evasion>0) AND benign/meta suppressors are zero; tuning=id_val_only",,,,,,,,0.94,low_fpr_enforced_macro_best,0.05,True,anchored_ibvs_veto_v1,0.25,0.6,semantic-anchored uncertain routing; M3 veto-to-block only on high-specific IBVS gate + confidence margin,0.25,high_specific_risk_anchor>0 OR interaction_harm_evasion>0 OR (harm_domain>0 AND evasion>0) AND benign/meta suppressors are zero,id_val_only,0.0,0.25,high_specific_risk_anchor>0 OR interaction_harm_evasion>0 OR (harm_domain>0 AND evasion>0) AND benign/meta suppressors are zero,none,metrics_hybrid_splitA.csv,,,,,,,,,,,,,,,,,
A,deployment_threshold,hybrid,HYBRID_SEM_ANCHORED_IBVS_VETO,OOD (HYBRID),ood_test,0.7214,0.7121,0.829,0.8294,0.1823,0.3984,0.5,1.0,0.0,"variant=anchored_ibvs_veto_v1; tau=(0.25,0.60); alpha=0.25; veto_margin=0.00; calibration=none; fallback=M3+IBVSv2; m3_t*=0.940; sem_t*=0.392; m3_val_fpr=0.050; gate=high_specific_risk_anchor>0 OR interaction_harm_evasion>0 OR (harm_domain>0 AND evasion>0) AND benign/meta suppressors are zero; tuning=id_val_only",,,,,,,,0.94,low_fpr_enforced_macro_best,0.05,True,anchored_ibvs_veto_v1,0.25,0.6,semantic-anchored uncertain routing; M3 veto-to-block only on high-specific IBVS gate + confidence margin,0.25,high_specific_risk_anchor>0 OR interaction_harm_evasion>0 OR (harm_domain>0 AND evasion>0) AND benign/meta suppressors are zero,id_val_only,0.0,0.25,high_specific_risk_anchor>0 OR interaction_harm_evasion>0 OR (harm_domain>0 AND evasion>0) AND benign/meta suppressors are zero,none,metrics_hybrid_splitA.csv,3.0,0.6825,0.0537,0.6474,0.7176,0.0876,0.0776,0.0369,0.1383,0.249,0.1398,0.1576,0.3403,0.3683,0.1608,0.2632,0.4734
A,deployment_threshold,hybrid,HYBRID_SEM_ANCHORED_IBVS_VETO,OOD (HYBRID),ood_test_injection,0.5988,0.5799,0.5755,0.6151,0.0147,0.0708,0.1239,0.9985,0.0015,"variant=anchored_ibvs_veto_v1; tau=(0.25,0.60); alpha=0.25; veto_margin=0.00; calibration=none; fallback=M3+IBVSv2; m3_t*=0.940; sem_t*=0.392; m3_val_fpr=0.050; gate=high_specific_risk_anchor>0 OR interaction_harm_evasion>0 OR (harm_domain>0 AND evasion>0) AND benign/meta suppressors are zero; tuning=id_val_only; ood_name=ood_test_injection",,,,,,,,0.94,low_fpr_enforced_macro_best,0.05,True,anchored_ibvs_veto_v1,0.25,0.6,p_sem calibrated with high-risk veto to semantic high threshold,0.0,high_specific_risk_anchor>0 OR interaction_harm_evasion>0 OR (harm_domain>0 AND evasion>0) AND benign/meta suppressors are zero,id_val_only,0.0,0.0,high_specific_risk_anchor>0 OR interaction_harm_evasion>0 OR (harm_domain>0 AND evasion>0) AND benign/meta suppressors are zero,none,metrics_hybrid_splitA__ood-ood_test_injection.csv,3.0,0.6825,0.0537,0.6474,0.7176,0.0876,0.0776,0.0369,0.1383,0.249,0.1398,0.1576,0.3403,0.3683,0.1608,0.2632,0.4734
A,deployment_threshold,hybrid,HYBRID_SEM_ANCHORED_IBVS_VETO,OOD (HYBRID),ood_test_injection_standard,0.7042,0.691,0.77,0.8024,0.0617,0.2358,0.418,1.0,0.0,"variant=anchored_ibvs_veto_v1; tau=(0.25,0.60); alpha=0.25; veto_margin=0.00; calibration=none; fallback=M3+IBVSv2; m3_t*=0.940; sem_t*=0.392; m3_val_fpr=0.050; gate=high_specific_risk_anchor>0 OR interaction_harm_evasion>0 OR (harm_domain>0 AND evasion>0) AND benign/meta suppressors are zero; tuning=id_val_only; ood_name=ood_test_injection_standard",,,,,,,,0.94,low_fpr_enforced_macro_best,0.05,True,anchored_ibvs_veto_v1,0.25,0.6,p_sem calibrated with high-risk veto to semantic high threshold,0.0,high_specific_risk_anchor>0 OR interaction_harm_evasion>0 OR (harm_domain>0 AND evasion>0) AND benign/meta suppressors are zero,id_val_only,0.0,0.0,high_specific_risk_anchor>0 OR interaction_harm_evasion>0 OR (harm_domain>0 AND evasion>0) AND benign/meta suppressors are zero,none,metrics_hybrid_splitA__ood-ood_test_injection_standard.csv,3.0,0.6825,0.0537,0.6474,0.7176,0.0876,0.0776,0.0369,0.1383,0.249,0.1398,0.1576,0.3403,0.3683,0.1608,0.2632,0.4734
A,deployment_threshold,hybrid,HYBRID_SEM_EXPERT_GATE_M1_M3,VAL (HYBRID),id,0.9128,0.8898,0.9886,0.9757,0.5688,0.9358,0.945,0.6443,0.3557,"variant=expert_gate_m1_m3_v1; tau=(0.40,0.80); gate_C=2.00; gate_confidence=0.34; calibration=isotonic_val; m1_t*=0.965; m3_t*=0.940; sem_t*=0.392; tuning=id_val_only",,,,,,,,0.94,low_fpr_enforced_macro_best,0.05,True,expert_gate_m1_m3_v1,0.4,0.8,semantic outside uncertain; uncertain expert selected by learned multinomial gate over semantic/m1/m3 + ibvs components,0.0,"features=[p_sem_cal,p_m1_cal,p_m3_cal,delta_m1_sem,delta_m3_sem,delta_m3_m1,abs_delta_m1_sem,abs_delta_m3_sem,abs_delta_m3_m1,ibvs_v2_total,tripwire_alert,high_specific_risk_anchor,interaction_harm_evasion,interaction_system_hierarchy_spoof_chain,harm_domain,evasion,hierarchy_override,system_spoof,procedural,tool_directive,benign_context_suppression,meta_system_discussion_suppression]",id_val_only,0.34,2.0,"features=[p_sem_cal,p_m1_cal,p_m3_cal,delta_m1_sem,delta_m3_sem,delta_m3_m1,abs_delta_m1_sem,abs_delta_m3_sem,abs_delta_m3_m1,ibvs_v2_total,tripwire_alert,high_specific_risk_anchor,interaction_harm_evasion,interaction_system_hierarchy_spoof_chain,harm_domain,evasion,hierarchy_override,system_spoof,procedural,tool_directive,benign_context_suppression,meta_system_discussion_suppression]",isotonic_val,metrics_hybrid_splitA.csv,,,,,,,,,,,,,,,,,
A,deployment_threshold,hybrid,HYBRID_SEM_EXPERT_GATE_M1_M3,TEST (HYBRID),id,0.8591,0.8339,0.9559,0.9129,0.0,0.5463,0.8056,0.651,0.349,"variant=expert_gate_m1_m3_v1; tau=(0.40,0.80); gate_C=2.00; gate_confidence=0.34; calibration=isotonic_val; m1_t*=0.965; m3_t*=0.940; sem_t*=0.392; tuning=id_val_only",,,,,,,,0.94,low_fpr_enforced_macro_best,0.05,True,expert_gate_m1_m3_v1,0.4,0.8,semantic outside uncertain; uncertain expert selected by learned multinomial gate over semantic/m1/m3 + ibvs components,0.0,"features=[p_sem_cal,p_m1_cal,p_m3_cal,delta_m1_sem,delta_m3_sem,delta_m3_m1,abs_delta_m1_sem,abs_delta_m3_sem,abs_delta_m3_m1,ibvs_v2_total,tripwire_alert,high_specific_risk_anchor,interaction_harm_evasion,interaction_system_hierarchy_spoof_chain,harm_domain,evasion,hierarchy_override,system_spoof,procedural,tool_directive,benign_context_suppression,meta_system_discussion_suppression]",id_val_only,0.34,2.0,"features=[p_sem_cal,p_m1_cal,p_m3_cal,delta_m1_sem,delta_m3_sem,delta_m3_m1,abs_delta_m1_sem,abs_delta_m3_sem,abs_delta_m3_m1,ibvs_v2_total,tripwire_alert,high_specific_risk_anchor,interaction_harm_evasion,interaction_system_hierarchy_spoof_chain,harm_domain,evasion,hierarchy_override,system_spoof,procedural,tool_directive,benign_context_suppression,meta_system_discussion_suppression]",isotonic_val,metrics_hybrid_splitA.csv,,,,,,,,,,,,,,,,,
A,deployment_threshold,hybrid,HYBRID_SEM_EXPERT_GATE_M1_M3,OOD (HYBRID),ood_test,0.7279,0.7275,0.8016,0.8212,0.0,0.276,0.5182,0.431,0.569,"variant=expert_gate_m1_m3_v1; tau=(0.40,0.80); gate_C=2.00; gate_confidence=0.34; calibration=isotonic_val; m1_t*=0.965; m3_t*=0.940; sem_t*=0.392; tuning=id_val_only",,,,,,,,0.94,low_fpr_enforced_macro_best,0.05,True,expert_gate_m1_m3_v1,0.4,0.8,semantic outside uncertain; uncertain expert selected by learned multinomial gate over semantic/m1/m3 + ibvs components,0.0,"features=[p_sem_cal,p_m1_cal,p_m3_cal,delta_m1_sem,delta_m3_sem,delta_m3_m1,abs_delta_m1_sem,abs_delta_m3_sem,abs_delta_m3_m1,ibvs_v2_total,tripwire_alert,high_specific_risk_anchor,interaction_harm_evasion,interaction_system_hierarchy_spoof_chain,harm_domain,evasion,hierarchy_override,system_spoof,procedural,tool_directive,benign_context_suppression,meta_system_discussion_suppression]",id_val_only,0.34,2.0,"features=[p_sem_cal,p_m1_cal,p_m3_cal,delta_m1_sem,delta_m3_sem,delta_m3_m1,abs_delta_m1_sem,abs_delta_m3_sem,abs_delta_m3_m1,ibvs_v2_total,tripwire_alert,high_specific_risk_anchor,interaction_harm_evasion,interaction_system_hierarchy_spoof_chain,harm_domain,evasion,hierarchy_override,system_spoof,procedural,tool_directive,benign_context_suppression,meta_system_discussion_suppression]",isotonic_val,metrics_hybrid_splitA.csv,3.0,0.7022,0.0394,0.6764,0.7279,0.0,0.0,0.0,0.0,0.0988,0.1566,-0.0035,0.2011,0.2465,0.2219,0.1015,0.3915
A,deployment_threshold,hybrid,HYBRID_SEM_EXPERT_GATE_M1_M3,OOD (HYBRID),ood_test_injection,0.6283,0.6254,0.6924,0.7061,0.0,0.0,0.3245,0.3569,0.6431,"variant=expert_gate_m1_m3_v1; tau=(0.40,0.80); gate_C=2.00; gate_confidence=0.34; calibration=isotonic_val; m1_t*=0.965; m3_t*=0.940; sem_t*=0.392; tuning=id_val_only; ood_name=ood_test_injection",,,,,,,,0.94,low_fpr_enforced_macro_best,0.05,True,expert_gate_m1_m3_v1,0.4,0.8,learned multinomial gate over semantic/m1/m3 using calibrated scores + ibvs in uncertain band,0.0,"features=[p_sem_cal,p_m1_cal,p_m3_cal,delta_m1_sem,delta_m3_sem,delta_m3_m1,abs_delta_m1_sem,abs_delta_m3_sem,abs_delta_m3_m1,ibvs_v2_total,tripwire_alert,high_specific_risk_anchor,interaction_harm_evasion,interaction_system_hierarchy_spoof_chain,harm_domain,evasion,hierarchy_override,system_spoof,procedural,tool_directive,benign_context_suppression,meta_system_discussion_suppression]",id_val_only,0.34,2.0,"features=[p_sem_cal,p_m1_cal,p_m3_cal,delta_m1_sem,delta_m3_sem,delta_m3_m1,abs_delta_m1_sem,abs_delta_m3_sem,abs_delta_m3_m1,ibvs_v2_total,tripwire_alert,high_specific_risk_anchor,interaction_harm_evasion,interaction_system_hierarchy_spoof_chain,harm_domain,evasion,hierarchy_override,system_spoof,procedural,tool_directive,benign_context_suppression,meta_system_discussion_suppression]",isotonic_val,metrics_hybrid_splitA__ood-ood_test_injection.csv,3.0,0.7022,0.0394,0.6764,0.7279,0.0,0.0,0.0,0.0,0.0988,0.1566,-0.0035,0.2011,0.2465,0.2219,0.1015,0.3915
A,deployment_threshold,hybrid,HYBRID_SEM_EXPERT_GATE_M1_M3,OOD (HYBRID),ood_test_injection_standard,0.7268,0.7239,0.7019,0.7688,0.0,0.0,0.0,0.3705,0.6295,"variant=expert_gate_m1_m3_v1; tau=(0.40,0.80); gate_C=2.00; gate_confidence=0.34; calibration=isotonic_val; m1_t*=0.965; m3_t*=0.940; sem_t*=0.392; tuning=id_val_only; ood_name=ood_test_injection_standard",,,,,,,,0.94,low_fpr_enforced_macro_best,0.05,True,expert_gate_m1_m3_v1,0.4,0.8,learned multinomial gate over semantic/m1/m3 using calibrated scores + ibvs in uncertain band,0.0,"features=[p_sem_cal,p_m1_cal,p_m3_cal,delta_m1_sem,delta_m3_sem,delta_m3_m1,abs_delta_m1_sem,abs_delta_m3_sem,abs_delta_m3_m1,ibvs_v2_total,tripwire_alert,high_specific_risk_anchor,interaction_harm_evasion,interaction_system_hierarchy_spoof_chain,harm_domain,evasion,hierarchy_override,system_spoof,procedural,tool_directive,benign_context_suppression,meta_system_discussion_suppression]",id_val_only,0.34,2.0,"features=[p_sem_cal,p_m1_cal,p_m3_cal,delta_m1_sem,delta_m3_sem,delta_m3_m1,abs_delta_m1_sem,abs_delta_m3_sem,abs_delta_m3_m1,ibvs_v2_total,tripwire_alert,high_specific_risk_anchor,interaction_harm_evasion,interaction_system_hierarchy_spoof_chain,harm_domain,evasion,hierarchy_override,system_spoof,procedural,tool_directive,benign_context_suppression,meta_system_discussion_suppression]",isotonic_val,metrics_hybrid_splitA__ood-ood_test_injection_standard.csv,3.0,0.7022,0.0394,0.6764,0.7279,0.0,0.0,0.0,0.0,0.0988,0.1566,-0.0035,0.2011,0.2465,0.2219,0.1015,0.3915
A,deployment_threshold,hybrid,HYBRID_SEM_GATE_ELSE_M3_IBVS_V2,VAL (HYBRID),id,0.9128,0.8945,0.9204,0.8787,0.0917,0.1376,0.4587,0.7718,0.2282,"variant=baseline; tau=(0.30,0.70); fallback=M3+IBVSv2; m3_t*=0.940; m3_mode=low_fpr_enforced_macro_best; m3_val_fpr=0.050; score=hybrid_score(p_sem_outside,p_m3_inside_uncertain); tuning=id_val_only",,,,,,,,0.94,low_fpr_enforced_macro_best,0.05,True,baseline,0.3,0.7,p_sem outside uncertain; p_m3 inside uncertain,0.0,tripwire_alert>0 OR interaction_system_hierarchy_spoof_chain>0 OR (hierarchy_override>0 AND system_spoof>0),id_val_only,0.0,0.0,tripwire_alert>0 OR interaction_system_hierarchy_spoof_chain>0 OR (hierarchy_override>0 AND system_spoof>0),none,metrics_hybrid_splitA.csv,,,,,,,,,,,,,,,,,
A,deployment_threshold,hybrid,HYBRID_SEM_GATE_ELSE_M3_IBVS_V2,TEST (HYBRID),id,0.8725,0.8478,0.9137,0.8765,0.0278,0.1389,0.7222,0.7584,0.2416,"variant=baseline; tau=(0.30,0.70); fallback=M3+IBVSv2; m3_t*=0.940; m3_mode=low_fpr_enforced_macro_best; m3_val_fpr=0.050; score=hybrid_score(p_sem_outside,p_m3_inside_uncertain); tuning=id_val_only",,,,,,,,0.94,low_fpr_enforced_macro_best,0.05,True,baseline,0.3,0.7,p_sem outside uncertain; p_m3 inside uncertain,0.0,tripwire_alert>0 OR interaction_system_hierarchy_spoof_chain>0 OR (hierarchy_override>0 AND system_spoof>0),id_val_only,0.0,0.0,tripwire_alert>0 OR interaction_system_hierarchy_spoof_chain>0 OR (hierarchy_override>0 AND system_spoof>0),none,metrics_hybrid_splitA.csv,,,,,,,,,,,,,,,,,
A,deployment_threshold,hybrid,HYBRID_SEM_GATE_ELSE_M3_IBVS_V2,OOD (HYBRID),ood_test,0.7305,0.7236,0.7186,0.7227,0.0964,0.1719,0.2734,0.3789,0.6211,"variant=baseline; tau=(0.30,0.70); fallback=M3+IBVSv2; m3_t*=0.940; m3_mode=low_fpr_enforced_macro_best; m3_val_fpr=0.050; score=hybrid_score(p_sem_outside,p_m3_inside_uncertain); tuning=id_val_only",,,,,,,,0.94,low_fpr_enforced_macro_best,0.05,True,baseline,0.3,0.7,p_sem outside uncertain; p_m3 inside uncertain,0.0,tripwire_alert>0 OR interaction_system_hierarchy_spoof_chain>0 OR (hierarchy_override>0 AND system_spoof>0),id_val_only,0.0,0.0,tripwire_alert>0 OR interaction_system_hierarchy_spoof_chain>0 OR (hierarchy_override>0 AND system_spoof>0),none,metrics_hybrid_splitA.csv,3.0,0.6736,0.0588,0.6352,0.712,0.0342,0.0325,0.013,0.0555,0.1149,0.0635,0.0734,0.1564,0.2093,0.0792,0.1575,0.261
A,deployment_threshold,hybrid,HYBRID_SEM_GATE_ELSE_M3_IBVS_V2,OOD (HYBRID),ood_test_injection,0.705,0.6997,0.6655,0.7234,0.0147,0.1062,0.2124,0.3142,0.6858,"variant=baseline; tau=(0.30,0.70); fallback=M3+IBVSv2; m3_t*=0.940; m3_mode=low_fpr_enforced_macro_best; m3_val_fpr=0.050; score=hybrid_score(p_sem_outside,p_m3_inside_uncertain); tuning=id_val_only; ood_name=ood_test_injection",,,,,,,,0.94,low_fpr_enforced_macro_best,0.05,True,baseline,0.3,0.7,p_sem outside uncertain; p_m3 inside uncertain,0.0,tripwire_alert>0 OR interaction_system_hierarchy_spoof_chain>0 OR (hierarchy_override>0 AND system_spoof>0),id_val_only,0.0,0.0,tripwire_alert>0 OR interaction_system_hierarchy_spoof_chain>0 OR (hierarchy_override>0 AND system_spoof>0),none,metrics_hybrid_splitA__ood-ood_test_injection.csv,3.0,0.6736,0.0588,0.6352,0.712,0.0342,0.0325,0.013,0.0555,0.1149,0.0635,0.0734,0.1564,0.2093,0.0792,0.1575,0.261
A,deployment_threshold,hybrid,HYBRID_SEM_GATE_ELSE_M3_IBVS_V2,OOD (HYBRID),ood_test_injection_standard,0.7017,0.6964,0.5907,0.6639,0.0161,0.0567,0.133,0.3861,0.6139,"variant=baseline; tau=(0.30,0.70); fallback=M3+IBVSv2; m3_t*=0.940; m3_mode=low_fpr_enforced_macro_best; m3_val_fpr=0.050; score=hybrid_score(p_sem_outside,p_m3_inside_uncertain); tuning=id_val_only; ood_name=ood_test_injection_standard",,,,,,,,0.94,low_fpr_enforced_macro_best,0.05,True,baseline,0.3,0.7,p_sem outside uncertain; p_m3 inside uncertain,0.0,tripwire_alert>0 OR interaction_system_hierarchy_spoof_chain>0 OR (hierarchy_override>0 AND system_spoof>0),id_val_only,0.0,0.0,tripwire_alert>0 OR interaction_system_hierarchy_spoof_chain>0 OR (hierarchy_override>0 AND system_spoof>0),none,metrics_hybrid_splitA__ood-ood_test_injection_standard.csv,3.0,0.6736,0.0588,0.6352,0.712,0.0342,0.0325,0.013,0.0555,0.1149,0.0635,0.0734,0.1564,0.2093,0.0792,0.1575,0.261
A,deployment_threshold,hybrid,HYBRID_SEM_LEARNED_META_FUSION,VAL (HYBRID),id,0.9329,0.9159,0.9843,0.9688,0.3303,0.9358,0.945,0.8054,0.1946,"variant=learned_meta_fusion_v1; tau=(0.25,0.65); meta_C=2.00; meta_threshold=0.60; calibration=isotonic_val; m3_t*=0.940; sem_t*=0.392; tuning=id_val_only",,,,,,,,0.94,low_fpr_enforced_macro_best,0.05,True,learned_meta_fusion_v1,0.25,0.65,"semantic outside uncertain; uncertain scored by learned logistic fusion of semantic, m3, and ibvs components",0.0,"features=[p_sem_cal,p_m3_cal,delta,abs_delta,ibvs_v2_total,tripwire_alert,high_specific_risk_anchor,interaction_harm_evasion,interaction_system_hierarchy_spoof_chain,harm_domain,evasion,hierarchy_override,system_spoof,procedural,tool_directive,benign_context_suppression,meta_system_discussion_suppression]",id_val_only,0.6,2.0,"features=[p_sem_cal,p_m3_cal,delta,abs_delta,ibvs_v2_total,tripwire_alert,high_specific_risk_anchor,interaction_harm_evasion,interaction_system_hierarchy_spoof_chain,harm_domain,evasion,hierarchy_override,system_spoof,procedural,tool_directive,benign_context_suppression,meta_system_discussion_suppression]",isotonic_val,metrics_hybrid_splitA.csv,,,,,,,,,,,,,,,,,
A,deployment_threshold,hybrid,HYBRID_SEM_LEARNED_META_FUSION,TEST (HYBRID),id,0.8993,0.8748,0.9722,0.9441,0.3148,0.6389,0.8519,0.8054,0.1946,"variant=learned_meta_fusion_v1; tau=(0.25,0.65); meta_C=2.00; meta_threshold=0.60; calibration=isotonic_val; m3_t*=0.940; sem_t*=0.392; tuning=id_val_only",,,,,,,,0.94,low_fpr_enforced_macro_best,0.05,True,learned_meta_fusion_v1,0.25,0.65,"semantic outside uncertain; uncertain scored by learned logistic fusion of semantic, m3, and ibvs components",0.0,"features=[p_sem_cal,p_m3_cal,delta,abs_delta,ibvs_v2_total,tripwire_alert,high_specific_risk_anchor,interaction_harm_evasion,interaction_system_hierarchy_spoof_chain,harm_domain,evasion,hierarchy_override,system_spoof,procedural,tool_directive,benign_context_suppression,meta_system_discussion_suppression]",id_val_only,0.6,2.0,"features=[p_sem_cal,p_m3_cal,delta,abs_delta,ibvs_v2_total,tripwire_alert,high_specific_risk_anchor,interaction_harm_evasion,interaction_system_hierarchy_spoof_chain,harm_domain,evasion,hierarchy_override,system_spoof,procedural,tool_directive,benign_context_suppression,meta_system_discussion_suppression]",isotonic_val,metrics_hybrid_splitA.csv,,,,,,,,,,,,,,,,,
A,deployment_threshold,hybrid,HYBRID_SEM_LEARNED_META_FUSION,OOD (HYBRID),ood_test,0.737,0.7356,0.7973,0.7872,0.0651,0.2474,0.5755,0.362,0.638,"variant=learned_meta_fusion_v1; tau=(0.25,0.65); meta_C=2.00; meta_threshold=0.60; calibration=isotonic_val; m3_t*=0.940; sem_t*=0.392; tuning=id_val_only",,,,,,,,0.94,low_fpr_enforced_macro_best,0.05,True,learned_meta_fusion_v1,0.25,0.65,"semantic outside uncertain; uncertain scored by learned logistic fusion of semantic, m3, and ibvs components",0.0,"features=[p_sem_cal,p_m3_cal,delta,abs_delta,ibvs_v2_total,tripwire_alert,high_specific_risk_anchor,interaction_harm_evasion,interaction_system_hierarchy_spoof_chain,harm_domain,evasion,hierarchy_override,system_spoof,procedural,tool_directive,benign_context_suppression,meta_system_discussion_suppression]",id_val_only,0.6,2.0,"features=[p_sem_cal,p_m3_cal,delta,abs_delta,ibvs_v2_total,tripwire_alert,high_specific_risk_anchor,interaction_harm_evasion,interaction_system_hierarchy_spoof_chain,harm_domain,evasion,hierarchy_override,system_spoof,procedural,tool_directive,benign_context_suppression,meta_system_discussion_suppression]",isotonic_val,metrics_hybrid_splitA.csv,3.0,0.7021,0.0511,0.6687,0.7355,0.0137,0.0272,-0.0041,0.0315,0.1745,0.1796,0.0571,0.2918,0.3269,0.2147,0.1867,0.4672
A,deployment_threshold,hybrid,HYBRID_SEM_LEARNED_META_FUSION,OOD (HYBRID),ood_test_injection,0.5914,0.5867,0.592,0.6488,0.0,0.0177,0.0177,0.3378,0.6622,"variant=learned_meta_fusion_v1; tau=(0.25,0.65); meta_C=2.00; meta_threshold=0.60; calibration=isotonic_val; m3_t*=0.940; sem_t*=0.392; tuning=id_val_only; ood_name=ood_test_injection",,,,,,,,0.94,low_fpr_enforced_macro_best,0.05,True,learned_meta_fusion,0.25,0.65,meta logistic over calibrated sem/m3 + ibvs interactions in uncertain band,0.0,"features=[p_sem_cal,p_m3_cal,delta,abs_delta,ibvs_v2_total,tripwire_alert,high_specific_risk_anchor,interaction_harm_evasion,interaction_system_hierarchy_spoof_chain,harm_domain,evasion,hierarchy_override,system_spoof,procedural,tool_directive,benign_context_suppression,meta_system_discussion_suppression]",id_val_only,0.0,0.0,"features=[p_sem_cal,p_m3_cal,delta,abs_delta,ibvs_v2_total,tripwire_alert,high_specific_risk_anchor,interaction_harm_evasion,interaction_system_hierarchy_spoof_chain,harm_domain,evasion,hierarchy_override,system_spoof,procedural,tool_directive,benign_context_suppression,meta_system_discussion_suppression]",isotonic_val,metrics_hybrid_splitA__ood-ood_test_injection.csv,3.0,0.7021,0.0511,0.6687,0.7355,0.0137,0.0272,-0.0041,0.0315,0.1745,0.1796,0.0571,0.2918,0.3269,0.2147,0.1867,0.4672
A,deployment_threshold,hybrid,HYBRID_SEM_LEARNED_META_FUSION,OOD (HYBRID),ood_test_injection_standard,0.6856,0.6743,0.7609,0.7964,0.0582,0.2499,0.2499,0.4318,0.5682,"variant=learned_meta_fusion_v1; tau=(0.25,0.65); meta_C=2.00; meta_threshold=0.60; calibration=isotonic_val; m3_t*=0.940; sem_t*=0.392; tuning=id_val_only; ood_name=ood_test_injection_standard",,,,,,,,0.94,low_fpr_enforced_macro_best,0.05,True,learned_meta_fusion,0.25,0.65,meta logistic over calibrated sem/m3 + ibvs interactions in uncertain band,0.0,"features=[p_sem_cal,p_m3_cal,delta,abs_delta,ibvs_v2_total,tripwire_alert,high_specific_risk_anchor,interaction_harm_evasion,interaction_system_hierarchy_spoof_chain,harm_domain,evasion,hierarchy_override,system_spoof,procedural,tool_directive,benign_context_suppression,meta_system_discussion_suppression]",id_val_only,0.0,0.0,"features=[p_sem_cal,p_m3_cal,delta,abs_delta,ibvs_v2_total,tripwire_alert,high_specific_risk_anchor,interaction_harm_evasion,interaction_system_hierarchy_spoof_chain,harm_domain,evasion,hierarchy_override,system_spoof,procedural,tool_directive,benign_context_suppression,meta_system_discussion_suppression]",isotonic_val,metrics_hybrid_splitA__ood-ood_test_injection_standard.csv,3.0,0.7021,0.0511,0.6687,0.7355,0.0137,0.0272,-0.0041,0.0315,0.1745,0.1796,0.0571,0.2918,0.3269,0.2147,0.1867,0.4672
A,deployment_threshold,semantic,SEM_LOGREG_BGE,VAL,id,0.906,0.8764,0.9774,0.9477,0.3303,0.8532,0.8716,,,policy=macro_f1; t*=0.392; val_fpr=0.2250; score=semantic_proba,,,,,,,,,,,,,,,,,,,,,,,metrics_semantic_splitA.csv,,,,,,,,,,,,,,,,,
A,deployment_threshold,semantic,SEM_LOGREG_BGE,TEST,id,0.8322,0.7881,0.9713,0.9232,0.6296,0.6574,0.8426,,,policy=macro_f1; t*=0.392; val_fpr=0.2250; score=semantic_proba,,,,,,,,,,,,,,,,,,,,,,,metrics_semantic_splitA.csv,,,,,,,,,,,,,,,,,
A,deployment_threshold,semantic,SEM_LOGREG_BGE,OOD,ood_test,0.7214,0.7121,0.829,0.8294,0.1823,0.3984,0.5,,,policy=macro_f1; t*=0.392; val_fpr=0.2250; score=semantic_proba; ood_name=ood_test,,,,,,,,,,,,,,,,,,,,,,,metrics_semantic_splitA.csv,3.0,0.6822,0.0542,0.6469,0.7176,0.0876,0.0776,0.0369,0.1383,0.249,0.1398,0.1576,0.3403,0.3683,0.1608,0.2632,0.4734
A,deployment_threshold,semantic,SEM_LOGREG_BGE,OOD,ood_test_injection,0.5973,0.5786,0.5755,0.6151,0.0147,0.0708,0.1239,,,policy=macro_f1; t*=0.392; val_fpr=0.2250; score=semantic_proba; ood_name=ood_test_injection,,,,,,,,,,,,,,,,,,,,,,,metrics_semantic_splitA__ood-ood_test_injection.csv,3.0,0.6822,0.0542,0.6469,0.7176,0.0876,0.0776,0.0369,0.1383,0.249,0.1398,0.1576,0.3403,0.3683,0.1608,0.2632,0.4734
A,deployment_threshold,semantic,SEM_LOGREG_BGE,OOD,ood_test_injection_standard,0.7042,0.691,0.77,0.8024,0.0617,0.2358,0.418,,,policy=macro_f1; t*=0.392; val_fpr=0.2250; score=semantic_proba; ood_name=ood_test_injection_standard,,,,,,,,,,,,,,,,,,,,,,,metrics_semantic_splitA__ood-ood_test_injection_standard.csv,3.0,0.6822,0.0542,0.6469,0.7176,0.0876,0.0776,0.0369,0.1383,0.249,0.1398,0.1576,0.3403,0.3683,0.1608,0.2632,0.4734
A,ranking,ablation,M1_TFIDF_ONLY,VAL,id,0.8926,0.8611,0.9674,0.9183,0.4679,0.5596,0.7523,,,eval_track=ranking; policy=macro_f1; mode=macro_f1; t*=0.315; target_fpr=0.05; val_fpr=nan; macro_tol=0.020,0.315,macro_f1,,,,,,,,,,,,,,,,,,,,,metrics_ablation_splitA.csv,,,,,,,,,,,,,,,,,
A,ranking,ablation,M1_TFIDF_ONLY,TEST,id,0.8389,0.7714,0.9421,0.8792,0.1574,0.5093,0.5556,,,eval_track=ranking; policy=macro_f1; mode=macro_f1; t*=0.315; target_fpr=0.05; val_fpr=nan; macro_tol=0.020,0.315,macro_f1,,,,,,,,,,,,,,,,,,,,,metrics_ablation_splitA.csv,,,,,,,,,,,,,,,,,
A,ranking,ablation,M1_TFIDF_ONLY,OOD,ood_test,0.6029,0.6003,0.7249,0.6816,0.1016,0.2552,0.4062,,,eval_track=ranking; policy=macro_f1; mode=macro_f1; t*=0.315; target_fpr=0.05; val_fpr=nan; macro_tol=0.020,0.315,macro_f1,,,,,,,,,,,,,,,,,,,,,metrics_ablation_splitA.csv,3.0,0.649,0.0747,0.6002,0.6979,0.1272,0.0989,0.0626,0.1918,0.3257,0.1806,0.2077,0.4437,0.4768,0.2174,0.3348,0.6188
A,ranking,ablation,M1_TFIDF_ONLY,OOD,ood_test_injection,0.7139,0.6889,0.9282,0.9379,0.3333,0.6549,0.8289,,,eval_track=ranking; policy=macro_f1; mode=macro_f1; t*=0.315; target_fpr=0.05; val_fpr=nan; macro_tol=0.020,0.315,macro_f1,,,,,,,,,,,,,,,,,,,,,metrics_ablation_splitA__ood-ood_test_injection.csv,3.0,0.649,0.0747,0.6002,0.6979,0.1272,0.0989,0.0626,0.1918,0.3257,0.1806,0.2077,0.4437,0.4768,0.2174,0.3348,0.6188
A,ranking,ablation,M1_TFIDF_ONLY,OOD,ood_test_injection_standard,0.6061,0.5453,0.6895,0.7409,0.0251,0.139,0.2755,,,eval_track=ranking; policy=macro_f1; mode=macro_f1; t*=0.315; target_fpr=0.05; val_fpr=nan; macro_tol=0.020,0.315,macro_f1,,,,,,,,,,,,,,,,,,,,,metrics_ablation_splitA__ood-ood_test_injection_standard.csv,3.0,0.649,0.0747,0.6002,0.6979,0.1272,0.0989,0.0626,0.1918,0.3257,0.1806,0.2077,0.4437,0.4768,0.2174,0.3348,0.6188
A,ranking,ablation,M2_TFIDF_PLUS_FLAGS,VAL,id,0.8993,0.8639,0.9603,0.9259,0.1009,0.633,0.789,,,eval_track=ranking; policy=macro_f1; mode=macro_f1; t*=0.249; target_fpr=0.05; val_fpr=nan; macro_tol=0.020,0.249,macro_f1,,,,,,,,,,,,,,,,,,,,,metrics_ablation_splitA.csv,,,,,,,,,,,,,,,,,
A,ranking,ablation,M2_TFIDF_PLUS_FLAGS,TEST,id,0.8322,0.7423,0.9479,0.9015,0.1296,0.4537,0.6944,,,eval_track=ranking; policy=macro_f1; mode=macro_f1; t*=0.249; target_fpr=0.05; val_fpr=nan; macro_tol=0.020,0.249,macro_f1,,,,,,,,,,,,,,,,,,,,,metrics_ablation_splitA.csv,,,,,,,,,,,,,,,,,
A,ranking,ablation,M2_TFIDF_PLUS_FLAGS,OOD,ood_test,0.6393,0.6236,0.7624,0.7492,0.125,0.2969,0.401,,,eval_track=ranking; policy=macro_f1; mode=macro_f1; t*=0.249; target_fpr=0.05; val_fpr=nan; macro_tol=0.020,0.249,macro_f1,,,,,,,,,,,,,,,,,,,,,metrics_ablation_splitA.csv,3.0,0.5902,0.0812,0.5371,0.6433,0.0448,0.0496,0.0123,0.0772,0.1346,0.1069,0.0647,0.2044,0.2404,0.1294,0.1559,0.3249
A,ranking,ablation,M2_TFIDF_PLUS_FLAGS,OOD,ood_test_injection,0.6416,0.5888,0.7047,0.7934,0.0118,0.0767,0.236,,,eval_track=ranking; policy=macro_f1; mode=macro_f1; t*=0.249; target_fpr=0.05; val_fpr=nan; macro_tol=0.020,0.249,macro_f1,,,,,,,,,,,,,,,,,,,,,metrics_ablation_splitA__ood-ood_test_injection.csv,3.0,0.5902,0.0812,0.5371,0.6433,0.0448,0.0496,0.0123,0.0772,0.1346,0.1069,0.0647,0.2044,0.2404,0.1294,0.1559,0.3249
A,ranking,ablation,M2_TFIDF_PLUS_FLAGS,OOD,ood_test_injection_standard,0.5627,0.4687,0.6127,0.6698,0.013,0.0793,0.1711,,,eval_track=ranking; policy=macro_f1; mode=macro_f1; t*=0.249; target_fpr=0.05; val_fpr=nan; macro_tol=0.020,0.249,macro_f1,,,,,,,,,,,,,,,,,,,,,metrics_ablation_splitA__ood-ood_test_injection_standard.csv,3.0,0.5902,0.0812,0.5371,0.6433,0.0448,0.0496,0.0123,0.0772,0.1346,0.1069,0.0647,0.2044,0.2404,0.1294,0.1559,0.3249
A,ranking,ablation,M3_TFIDF_PLUS_FLAGS_PLUS_IBVS_V1_TOTAL,VAL,id,0.906,0.8693,0.9696,0.9362,0.2018,0.7064,0.8532,,,eval_track=ranking; policy=macro_f1; mode=macro_f1; t*=0.304; target_fpr=0.05; val_fpr=nan; macro_tol=0.020,0.304,macro_f1,,,,,,,,,,,,,,,,,,,,,metrics_ablation_splitA.csv,,,,,,,,,,,,,,,,,
A,ranking,ablation,M3_TFIDF_PLUS_FLAGS_PLUS_IBVS_V1_TOTAL,TEST,id,0.8456,0.7737,0.9448,0.9144,0.0741,0.7037,0.8426,,,eval_track=ranking; policy=macro_f1; mode=macro_f1; t*=0.304; target_fpr=0.05; val_fpr=nan; macro_tol=0.020,0.304,macro_f1,,,,,,,,,,,,,,,,,,,,,metrics_ablation_splitA.csv,,,,,,,,,,,,,,,,,
A,ranking,ablation,M3_TFIDF_PLUS_FLAGS_PLUS_IBVS_V1_TOTAL,OOD,ood_test,0.6458,0.6337,0.7557,0.7392,0.1146,0.2865,0.4323,,,eval_track=ranking; policy=macro_f1; mode=macro_f1; t*=0.304; target_fpr=0.05; val_fpr=nan; macro_tol=0.020,0.304,macro_f1,,,,,,,,,,,,,,,,,,,,,metrics_ablation_splitA.csv,3.0,0.6186,0.076,0.5689,0.6682,0.0343,0.0386,0.0091,0.0595,0.1465,0.1226,0.0664,0.2266,0.2359,0.1343,0.1482,0.3237
A,ranking,ablation,M3_TFIDF_PLUS_FLAGS_PLUS_IBVS_V1_TOTAL,OOD,ood_test_injection,0.646,0.5963,0.6477,0.7605,0.0088,0.0354,0.115,,,eval_track=ranking; policy=macro_f1; mode=macro_f1; t*=0.304; target_fpr=0.05; val_fpr=nan; macro_tol=0.020,0.304,macro_f1,,,,,,,,,,,,,,,,,,,,,metrics_ablation_splitA__ood-ood_test_injection.csv,3.0,0.6186,0.076,0.5689,0.6682,0.0343,0.0386,0.0091,0.0595,0.1465,0.1226,0.0664,0.2266,0.2359,0.1343,0.1482,0.3237
A,ranking,ablation,M3_TFIDF_PLUS_FLAGS_PLUS_IBVS_V1_TOTAL,OOD,ood_test_injection_standard,0.5707,0.4831,0.624,0.6815,0.0135,0.0923,0.1776,,,eval_track=ranking; policy=macro_f1; mode=macro_f1; t*=0.304; target_fpr=0.05; val_fpr=nan; macro_tol=0.020,0.304,macro_f1,,,,,,,,,,,,,,,,,,,,,metrics_ablation_splitA__ood-ood_test_injection_standard.csv,3.0,0.6186,0.076,0.5689,0.6682,0.0343,0.0386,0.0091,0.0595,0.1465,0.1226,0.0664,0.2266,0.2359,0.1343,0.1482,0.3237
A,ranking,ablation,M3_TFIDF_PLUS_FLAGS_PLUS_IBVS_V2_STRUCTURED,VAL,id,0.906,0.8693,0.9699,0.9342,0.2477,0.7523,0.7798,,,eval_track=ranking; policy=macro_f1; mode=macro_f1; t*=0.227; target_fpr=0.05; val_fpr=nan; macro_tol=0.020,0.227,macro_f1,,,,,,,,,,,,,,,,,,,,,metrics_ablation_splitA.csv,,,,,,,,,,,,,,,,,
A,ranking,ablation,M3_TFIDF_PLUS_FLAGS_PLUS_IBVS_V2_STRUCTURED,TEST,id,0.8322,0.7423,0.9489,0.8995,0.1481,0.4907,0.6481,,,eval_track=ranking; policy=macro_f1; mode=macro_f1; t*=0.227; target_fpr=0.05; val_fpr=nan; macro_tol=0.020,0.227,macro_f1,,,,,,,,,,,,,,,,,,,,,metrics_ablation_splitA.csv,,,,,,,,,,,,,,,,,
A,ranking,ablation,M3_TFIDF_PLUS_FLAGS_PLUS_IBVS_V2_STRUCTURED,OOD,ood_test,0.6393,0.624,0.7562,0.7392,0.0859,0.3021,0.4193,,,eval_track=ranking; policy=macro_f1; mode=macro_f1; t*=0.227; target_fpr=0.05; val_fpr=nan; macro_tol=0.020,0.227,macro_f1,,,,,,,,,,,,,,,,,,,,,metrics_ablation_splitA.csv,3.0,0.5931,0.0848,0.5377,0.6485,0.0412,0.0378,0.0165,0.0659,0.1513,0.1077,0.0809,0.2217,0.2617,0.1302,0.1767,0.3468
A,ranking,ablation,M3_TFIDF_PLUS_FLAGS_PLUS_IBVS_V2_STRUCTURED,OOD,ood_test_injection,0.6401,0.5866,0.6811,0.7748,0.0088,0.0796,0.1888,,,eval_track=ranking; policy=macro_f1; mode=macro_f1; t*=0.227; target_fpr=0.05; val_fpr=nan; macro_tol=0.020,0.227,macro_f1,,,,,,,,,,,,,,,,,,,,,metrics_ablation_splitA__ood-ood_test_injection.csv,3.0,0.5931,0.0848,0.5377,0.6485,0.0412,0.0378,0.0165,0.0659,0.1513,0.1077,0.0809,0.2217,0.2617,0.1302,0.1767,0.3468
A,ranking,ablation,M3_TFIDF_PLUS_FLAGS_PLUS_IBVS_V2_STRUCTURED,OOD,ood_test_injection_standard,0.5615,0.4667,0.6159,0.6702,0.0186,0.0813,0.1781,,,eval_track=ranking; policy=macro_f1; mode=macro_f1; t*=0.227; target_fpr=0.05; val_fpr=nan; macro_tol=0.020,0.227,macro_f1,,,,,,,,,,,,,,,,,,,,,metrics_ablation_splitA__ood-ood_test_injection_standard.csv,3.0,0.5931,0.0848,0.5377,0.6485,0.0412,0.0378,0.0165,0.0659,0.1513,0.1077,0.0809,0.2217,0.2617,0.1302,0.1767,0.3468
A,ranking,ablation,M3_TFIDF_PLUS_FLAGS_PLUS_IBVS_V2_TOTAL,VAL,id,0.9128,0.8798,0.9679,0.9323,0.211,0.7615,0.8073,,,eval_track=ranking; policy=macro_f1; mode=macro_f1; t*=0.227; target_fpr=0.05; val_fpr=nan; macro_tol=0.020,0.227,macro_f1,,,,,,,,,,,,,,,,,,,,,metrics_ablation_splitA.csv,,,,,,,,,,,,,,,,,
A,ranking,ablation,M3_TFIDF_PLUS_FLAGS_PLUS_IBVS_V2_TOTAL,TEST,id,0.8389,0.7496,0.9417,0.8959,0.0833,0.4907,0.6296,,,eval_track=ranking; policy=macro_f1; mode=macro_f1; t*=0.227; target_fpr=0.05; val_fpr=nan; macro_tol=0.020,0.227,macro_f1,,,,,,,,,,,,,,,,,,,,,metrics_ablation_splitA.csv,,,,,,,,,,,,,,,,,
A,ranking,ablation,M3_TFIDF_PLUS_FLAGS_PLUS_IBVS_V2_TOTAL,OOD,ood_test,0.6354,0.6206,0.7576,0.7422,0.0677,0.3125,0.4141,,,eval_track=ranking; policy=macro_f1; mode=macro_f1; t*=0.227; target_fpr=0.05; val_fpr=nan; macro_tol=0.020,0.227,macro_f1,,,,,,,,,,,,,,,,,,,,,metrics_ablation_splitA.csv,3.0,0.5965,0.0785,0.5453,0.6478,0.0387,0.0349,0.0159,0.0615,0.1527,0.1158,0.0771,0.2284,0.2459,0.1285,0.1619,0.3299
A,ranking,ablation,M3_TFIDF_PLUS_FLAGS_PLUS_IBVS_V2_TOTAL,OOD,ood_test_injection,0.6401,0.5866,0.6753,0.7702,0.0088,0.0708,0.1681,,,eval_track=ranking; policy=macro_f1; mode=macro_f1; t*=0.227; target_fpr=0.05; val_fpr=nan; macro_tol=0.020,0.227,macro_f1,,,,,,,,,,,,,,,,,,,,,metrics_ablation_splitA__ood-ood_test_injection.csv,3.0,0.5965,0.0785,0.5453,0.6478,0.0387,0.0349,0.0159,0.0615,0.1527,0.1158,0.0771,0.2284,0.2459,0.1285,0.1619,0.3299
A,ranking,ablation,M3_TFIDF_PLUS_FLAGS_PLUS_IBVS_V2_TOTAL,OOD,ood_test_injection_standard,0.5657,0.4729,0.6198,0.6772,0.0201,0.0868,0.1641,,,eval_track=ranking; policy=macro_f1; mode=macro_f1; t*=0.227; target_fpr=0.05; val_fpr=nan; macro_tol=0.020,0.227,macro_f1,,,,,,,,,,,,,,,,,,,,,metrics_ablation_splitA__ood-ood_test_injection_standard.csv,3.0,0.5965,0.0785,0.5453,0.6478,0.0387,0.0349,0.0159,0.0615,0.1527,0.1158,0.0771,0.2284,0.2459,0.1285,0.1619,0.3299
B,deployment_threshold,ablation,M1_TFIDF_ONLY,VAL,id,0.651,0.6464,0.9406,0.9021,0.0278,0.5463,0.6204,,,eval_track=deployment_threshold; policy=low_fpr_enforced; mode=low_fpr_enforced_macro_best; t*=0.959; target_fpr=0.05; val_fpr=0.024; macro_tol=0.020,0.959,low_fpr_enforced_macro_best,0.05,0.02,0.024390243902439,1.0,-0.0256097560975609,,,,,,,,,,,,,,,,metrics_ablation_splitB.csv,,,,,,,,,,,,,,,,,
B,deployment_threshold,ablation,M1_TFIDF_ONLY,TEST,id,0.6309,0.6276,0.961,0.897,0.5413,0.6147,0.6972,,,eval_track=deployment_threshold; policy=low_fpr_enforced; mode=low_fpr_enforced_macro_best; t*=0.959; target_fpr=0.05; val_fpr=0.024; macro_tol=0.020,0.959,low_fpr_enforced_macro_best,0.05,0.02,0.024390243902439,1.0,-0.0256097560975609,,,,,,,,,,,,,,,,metrics_ablation_splitB.csv,,,,,,,,,,,,,,,,,
B,deployment_threshold,ablation,M1_TFIDF_ONLY,OOD,ood_test,0.6003,0.5311,0.7283,0.6784,0.1589,0.3099,0.4167,,,eval_track=deployment_threshold; policy=low_fpr_enforced; mode=low_fpr_enforced_macro_best; t*=0.959; target_fpr=0.05; val_fpr=0.024; macro_tol=0.020,0.959,low_fpr_enforced_macro_best,0.05,0.02,0.024390243902439,1.0,-0.0256097560975609,,,,,,,,,,,,,,,,metrics_ablation_splitB.csv,3.0,0.6591,0.1403,0.5674,0.7507,0.1272,0.0989,0.0626,0.1918,0.3257,0.1806,0.2077,0.4437,0.4768,0.2174,0.3348,0.6188
B,deployment_threshold,ablation,M1_TFIDF_ONLY,OOD,ood_test_injection,0.8097,0.8087,0.9007,0.9181,0.1563,0.5221,0.6726,,,eval_track=deployment_threshold; policy=low_fpr_enforced; mode=low_fpr_enforced_macro_best; t*=0.959; target_fpr=0.05; val_fpr=0.024; macro_tol=0.020,0.959,low_fpr_enforced_macro_best,0.05,0.02,0.024390243902439,1.0,-0.0256097560975609,,,,,,,,,,,,,,,,metrics_ablation_splitB__ood-ood_test_injection.csv,3.0,0.6591,0.1403,0.5674,0.7507,0.1272,0.0989,0.0626,0.1918,0.3257,0.1806,0.2077,0.4437,0.4768,0.2174,0.3348,0.6188
B,deployment_threshold,ablation,M1_TFIDF_ONLY,OOD,ood_test_injection_standard,0.6877,0.6875,0.7105,0.7548,0.0442,0.1691,0.295,,,eval_track=deployment_threshold; policy=low_fpr_enforced; mode=low_fpr_enforced_macro_best; t*=0.959; target_fpr=0.05; val_fpr=0.024; macro_tol=0.020,0.959,low_fpr_enforced_macro_best,0.05,0.02,0.024390243902439,1.0,-0.0256097560975609,,,,,,,,,,,,,,,,metrics_ablation_splitB__ood-ood_test_injection_standard.csv,3.0,0.6591,0.1403,0.5674,0.7507,0.1272,0.0989,0.0626,0.1918,0.3257,0.1806,0.2077,0.4437,0.4768,0.2174,0.3348,0.6188
B,deployment_threshold,ablation,M2_TFIDF_PLUS_FLAGS,VAL,id,0.6107,0.6078,0.943,0.9158,0.0278,0.4907,0.7593,,,eval_track=deployment_threshold; policy=low_fpr_enforced; mode=low_fpr_enforced_macro_best; t*=0.983; target_fpr=0.05; val_fpr=0.049; macro_tol=0.020,0.983,low_fpr_enforced_macro_best,0.05,0.02,0.048780487804878,1.0,-0.0012195121951219,,,,,,,,,,,,,,,,metrics_ablation_splitB.csv,,,,,,,,,,,,,,,,,
B,deployment_threshold,ablation,M2_TFIDF_PLUS_FLAGS,TEST,id,0.5906,0.5888,0.9659,0.9119,0.4495,0.6422,0.7982,,,eval_track=deployment_threshold; policy=low_fpr_enforced; mode=low_fpr_enforced_macro_best; t*=0.983; target_fpr=0.05; val_fpr=0.049; macro_tol=0.020,0.983,low_fpr_enforced_macro_best,0.05,0.02,0.048780487804878,1.0,-0.0012195121951219,,,,,,,,,,,,,,,,metrics_ablation_splitB.csv,,,,,,,,,,,,,,,,,
B,deployment_threshold,ablation,M2_TFIDF_PLUS_FLAGS,OOD,ood_test,0.5977,0.5344,0.7471,0.7302,0.1016,0.276,0.3958,,,eval_track=deployment_threshold; policy=low_fpr_enforced; mode=low_fpr_enforced_macro_best; t*=0.983; target_fpr=0.05; val_fpr=0.049; macro_tol=0.020,0.983,low_fpr_enforced_macro_best,0.05,0.02,0.048780487804878,1.0,-0.0012195121951219,,,,,,,,,,,,,,,,metrics_ablation_splitB.csv,3.0,0.5909,0.0885,0.5331,0.6488,0.0448,0.0496,0.0123,0.0772,0.1346,0.1069,0.0647,0.2044,0.2404,0.1294,0.1559,0.3249
B,deployment_threshold,ablation,M2_TFIDF_PLUS_FLAGS,OOD,ood_test_injection,0.5044,0.4437,0.6177,0.7457,0.0059,0.0088,0.0501,,,eval_track=deployment_threshold; policy=low_fpr_enforced; mode=low_fpr_enforced_macro_best; t*=0.983; target_fpr=0.05; val_fpr=0.049; macro_tol=0.020,0.983,low_fpr_enforced_macro_best,0.05,0.02,0.048780487804878,1.0,-0.0012195121951219,,,,,,,,,,,,,,,,metrics_ablation_splitB__ood-ood_test_injection.csv,3.0,0.5909,0.0885,0.5331,0.6488,0.0448,0.0496,0.0123,0.0772,0.1346,0.1069,0.0647,0.2044,0.2404,0.1294,0.1559,0.3249
B,deployment_threshold,ablation,M2_TFIDF_PLUS_FLAGS,OOD,ood_test_injection_standard,0.5672,0.5304,0.6325,0.6832,0.0166,0.1054,0.2037,,,eval_track=deployment_threshold; policy=low_fpr_enforced; mode=low_fpr_enforced_macro_best; t*=0.983; target_fpr=0.05; val_fpr=0.049; macro_tol=0.020,0.983,low_fpr_enforced_macro_best,0.05,0.02,0.048780487804878,1.0,-0.0012195121951219,,,,,,,,,,,,,,,,metrics_ablation_splitB__ood-ood_test_injection_standard.csv,3.0,0.5909,0.0885,0.5331,0.6488,0.0448,0.0496,0.0123,0.0772,0.1346,0.1069,0.0647,0.2044,0.2404,0.1294,0.1559,0.3249
B,deployment_threshold,ablation,M3_TFIDF_PLUS_FLAGS_PLUS_IBVS_V1_TOTAL,VAL,id,0.5369,0.5369,0.9382,0.9203,0.0093,0.3796,0.8056,,,eval_track=deployment_threshold; policy=low_fpr_enforced; mode=low_fpr_enforced_macro_best; t*=0.995; target_fpr=0.05; val_fpr=0.024; macro_tol=0.020,0.995,low_fpr_enforced_macro_best,0.05,0.02,0.024390243902439,1.0,-0.0256097560975609,,,,,,,,,,,,,,,,metrics_ablation_splitB.csv,,,,,,,,,,,,,,,,,
B,deployment_threshold,ablation,M3_TFIDF_PLUS_FLAGS_PLUS_IBVS_V1_TOTAL,TEST,id,0.4564,0.4528,0.959,0.9044,0.3303,0.5413,0.8165,,,eval_track=deployment_threshold; policy=low_fpr_enforced; mode=low_fpr_enforced_macro_best; t*=0.995; target_fpr=0.05; val_fpr=0.024; macro_tol=0.020,0.995,low_fpr_enforced_macro_best,0.05,0.02,0.024390243902439,1.0,-0.0256097560975609,,,,,,,,,,,,,,,,metrics_ablation_splitB.csv,,,,,,,,,,,,,,,,,
B,deployment_threshold,ablation,M3_TFIDF_PLUS_FLAGS_PLUS_IBVS_V1_TOTAL,OOD,ood_test,0.5391,0.4217,0.7441,0.7224,0.0495,0.3307,0.4062,,,eval_track=deployment_threshold; policy=low_fpr_enforced; mode=low_fpr_enforced_macro_best; t*=0.995; target_fpr=0.05; val_fpr=0.024; macro_tol=0.020,0.995,low_fpr_enforced_macro_best,0.05,0.02,0.024390243902439,1.0,-0.0256097560975609,,,,,,,,,,,,,,,,metrics_ablation_splitB.csv,3.0,0.5813,0.1477,0.4848,0.6778,0.0343,0.0386,0.0091,0.0595,0.1465,0.1226,0.0664,0.2266,0.2359,0.1343,0.1482,0.3237
B,deployment_threshold,ablation,M3_TFIDF_PLUS_FLAGS_PLUS_IBVS_V1_TOTAL,OOD,ood_test_injection,0.4867,0.3659,0.6417,0.7712,0.0059,0.0177,0.0649,,,eval_track=deployment_threshold; policy=low_fpr_enforced; mode=low_fpr_enforced_macro_best; t*=0.995; target_fpr=0.05; val_fpr=0.024; macro_tol=0.020,0.995,low_fpr_enforced_macro_best,0.05,0.02,0.024390243902439,1.0,-0.0256097560975609,,,,,,,,,,,,,,,,metrics_ablation_splitB__ood-ood_test_injection.csv,3.0,0.5813,0.1477,0.4848,0.6778,0.0343,0.0386,0.0091,0.0595,0.1465,0.1226,0.0664,0.2266,0.2359,0.1343,0.1482,0.3237
B,deployment_threshold,ablation,M3_TFIDF_PLUS_FLAGS_PLUS_IBVS_V1_TOTAL,OOD,ood_test_injection_standard,0.5306,0.4243,0.6473,0.6944,0.0176,0.1169,0.2203,,,eval_track=deployment_threshold; policy=low_fpr_enforced; mode=low_fpr_enforced_macro_best; t*=0.995; target_fpr=0.05; val_fpr=0.024; macro_tol=0.020,0.995,low_fpr_enforced_macro_best,0.05,0.02,0.024390243902439,1.0,-0.0256097560975609,,,,,,,,,,,,,,,,metrics_ablation_splitB__ood-ood_test_injection_standard.csv,3.0,0.5813,0.1477,0.4848,0.6778,0.0343,0.0386,0.0091,0.0595,0.1465,0.1226,0.0664,0.2266,0.2359,0.1343,0.1482,0.3237
B,deployment_threshold,ablation,M3_TFIDF_PLUS_FLAGS_PLUS_IBVS_V2_STRUCTURED,VAL,id,0.6376,0.6328,0.9421,0.9169,0.0185,0.5185,0.8241,,,eval_track=deployment_threshold; policy=low_fpr_enforced; mode=low_fpr_enforced_macro_best; t*=0.982; target_fpr=0.05; val_fpr=0.049; macro_tol=0.020,0.982,low_fpr_enforced_macro_best,0.05,0.02,0.048780487804878,1.0,-0.0012195121951219,,,,,,,,,,,,,,,,metrics_ablation_splitB.csv,,,,,,,,,,,,,,,,,
B,deployment_threshold,ablation,M3_TFIDF_PLUS_FLAGS_PLUS_IBVS_V2_STRUCTURED,TEST,id,0.6242,0.6213,0.9686,0.9174,0.4954,0.7339,0.7798,,,eval_track=deployment_threshold; policy=low_fpr_enforced; mode=low_fpr_enforced_macro_best; t*=0.982; target_fpr=0.05; val_fpr=0.049; macro_tol=0.020,0.982,low_fpr_enforced_macro_best,0.05,0.02,0.048780487804878,1.0,-0.0012195121951219,,,,,,,,,,,,,,,,metrics_ablation_splitB.csv,,,,,,,,,,,,,,,,,
B,deployment_threshold,ablation,M3_TFIDF_PLUS_FLAGS_PLUS_IBVS_V2_STRUCTURED,OOD,ood_test,0.6055,0.5445,0.7584,0.7357,0.1094,0.3177,0.4271,,,eval_track=deployment_threshold; policy=low_fpr_enforced; mode=low_fpr_enforced_macro_best; t*=0.982; target_fpr=0.05; val_fpr=0.049; macro_tol=0.020,0.982,low_fpr_enforced_macro_best,0.05,0.02,0.048780487804878,1.0,-0.0012195121951219,,,,,,,,,,,,,,,,metrics_ablation_splitB.csv,3.0,0.6164,0.0852,0.5607,0.6721,0.0412,0.0378,0.0165,0.0659,0.1513,0.1077,0.0809,0.2217,0.2617,0.1302,0.1767,0.3468
B,deployment_threshold,ablation,M3_TFIDF_PLUS_FLAGS_PLUS_IBVS_V2_STRUCTURED,OOD,ood_test_injection,0.5324,0.4812,0.6392,0.7644,0.0059,0.0147,0.0767,,,eval_track=deployment_threshold; policy=low_fpr_enforced; mode=low_fpr_enforced_macro_best; t*=0.982; target_fpr=0.05; val_fpr=0.049; macro_tol=0.020,0.982,low_fpr_enforced_macro_best,0.05,0.02,0.048780487804878,1.0,-0.0012195121951219,,,,,,,,,,,,,,,,metrics_ablation_splitB__ood-ood_test_injection.csv,3.0,0.6164,0.0852,0.5607,0.6721,0.0412,0.0378,0.0165,0.0659,0.1513,0.1077,0.0809,0.2217,0.2617,0.1302,0.1767,0.3468
B,deployment_threshold,ablation,M3_TFIDF_PLUS_FLAGS_PLUS_IBVS_V2_STRUCTURED,OOD,ood_test_injection_standard,0.5946,0.5715,0.654,0.698,0.0236,0.1269,0.2484,,,eval_track=deployment_threshold; policy=low_fpr_enforced; mode=low_fpr_enforced_macro_best; t*=0.982; target_fpr=0.05; val_fpr=0.049; macro_tol=0.020,0.982,low_fpr_enforced_macro_best,0.05,0.02,0.048780487804878,1.0,-0.0012195121951219,,,,,,,,,,,,,,,,metrics_ablation_splitB__ood-ood_test_injection_standard.csv,3.0,0.6164,0.0852,0.5607,0.6721,0.0412,0.0378,0.0165,0.0659,0.1513,0.1077,0.0809,0.2217,0.2617,0.1302,0.1767,0.3468
B,deployment_threshold,ablation,M3_TFIDF_PLUS_FLAGS_PLUS_IBVS_V2_TOTAL,VAL,id,0.6309,0.6266,0.9479,0.9164,0.0556,0.5093,0.8519,,,eval_track=deployment_threshold; policy=low_fpr_enforced; mode=low_fpr_enforced_macro_best; t*=0.984; target_fpr=0.05; val_fpr=0.049; macro_tol=0.020,0.984,low_fpr_enforced_macro_best,0.05,0.02,0.048780487804878,1.0,-0.0012195121951219,,,,,,,,,,,,,,,,metrics_ablation_splitB.csv,,,,,,,,,,,,,,,,,
B,deployment_threshold,ablation,M3_TFIDF_PLUS_FLAGS_PLUS_IBVS_V2_TOTAL,TEST,id,0.5839,0.583,0.9693,0.9172,0.5872,0.6697,0.8073,,,eval_track=deployment_threshold; policy=low_fpr_enforced; mode=low_fpr_enforced_macro_best; t*=0.984; target_fpr=0.05; val_fpr=0.049; macro_tol=0.020,0.984,low_fpr_enforced_macro_best,0.05,0.02,0.048780487804878,1.0,-0.0012195121951219,,,,,,,,,,,,,,,,metrics_ablation_splitB.csv,,,,,,,,,,,,,,,,,
B,deployment_threshold,ablation,M3_TFIDF_PLUS_FLAGS_PLUS_IBVS_V2_TOTAL,OOD,ood_test,0.5938,0.5273,0.7556,0.7362,0.099,0.3307,0.4062,,,eval_track=deployment_threshold; policy=low_fpr_enforced; mode=low_fpr_enforced_macro_best; t*=0.984; target_fpr=0.05; val_fpr=0.049; macro_tol=0.020,0.984,low_fpr_enforced_macro_best,0.05,0.02,0.048780487804878,1.0,-0.0012195121951219,,,,,,,,,,,,,,,,metrics_ablation_splitB.csv,3.0,0.6067,0.0772,0.5562,0.6571,0.0387,0.0349,0.0159,0.0615,0.1527,0.1158,0.0771,0.2284,0.2459,0.1285,0.1619,0.3299
B,deployment_threshold,ablation,M3_TFIDF_PLUS_FLAGS_PLUS_IBVS_V2_TOTAL,OOD,ood_test_injection,0.559,0.5201,0.661,0.7934,0.0059,0.0147,0.056,,,eval_track=deployment_threshold; policy=low_fpr_enforced; mode=low_fpr_enforced_macro_best; t*=0.984; target_fpr=0.05; val_fpr=0.049; macro_tol=0.020,0.984,low_fpr_enforced_macro_best,0.05,0.02,0.048780487804878,1.0,-0.0012195121951219,,,,,,,,,,,,,,,,metrics_ablation_splitB__ood-ood_test_injection.csv,3.0,0.6067,0.0772,0.5562,0.6571,0.0387,0.0349,0.0159,0.0615,0.1527,0.1158,0.0771,0.2284,0.2459,0.1285,0.1619,0.3299
B,deployment_threshold,ablation,M3_TFIDF_PLUS_FLAGS_PLUS_IBVS_V2_TOTAL,OOD,ood_test_injection_standard,0.5998,0.5775,0.6509,0.6968,0.0206,0.1209,0.2373,,,eval_track=deployment_threshold; policy=low_fpr_enforced; mode=low_fpr_enforced_macro_best; t*=0.984; target_fpr=0.05; val_fpr=0.049; macro_tol=0.020,0.984,low_fpr_enforced_macro_best,0.05,0.02,0.048780487804878,1.0,-0.0012195121951219,,,,,,,,,,,,,,,,metrics_ablation_splitB__ood-ood_test_injection_standard.csv,3.0,0.6067,0.0772,0.5562,0.6571,0.0387,0.0349,0.0159,0.0615,0.1527,0.1158,0.0771,0.2284,0.2459,0.1285,0.1619,0.3299
B,deployment_threshold,hybrid,HYBRID_SEM_ANCHORED_IBVS_BOOST,VAL (HYBRID),id,0.9195,0.9045,0.9932,0.9804,0.8889,0.9259,0.9537,0.906,0.094,"variant=anchored_ibvs_boost; tau=(0.40,0.60); alpha=0.25; fallback=M3+IBVSv2; m3_t*=0.982; m3_val_fpr=0.049; gate=tripwire_alert>0 OR interaction_system_hierarchy_spoof_chain>0 OR (hierarchy_override>0 AND system_spoof>0); tuning=id_val_only",,,,,,,,0.982,low_fpr_enforced_macro_best,0.048780487804878,True,anchored_ibvs_boost,0.4,0.6,p_sem globally; uncertain boosted toward p_m3 where legacy ibvs gate and delta>0,0.25,tripwire_alert>0 OR interaction_system_hierarchy_spoof_chain>0 OR (hierarchy_override>0 AND system_spoof>0),id_val_only,0.0,0.25,tripwire_alert>0 OR interaction_system_hierarchy_spoof_chain>0 OR (hierarchy_override>0 AND system_spoof>0),none,metrics_hybrid_splitB.csv,,,,,,,,,,,,,,,,,
B,deployment_threshold,hybrid,HYBRID_SEM_ANCHORED_IBVS_BOOST,TEST (HYBRID),id,0.8591,0.8318,0.9677,0.9204,0.367,0.7706,0.8165,0.9195,0.0805,"variant=anchored_ibvs_boost; tau=(0.40,0.60); alpha=0.25; fallback=M3+IBVSv2; m3_t*=0.982; m3_val_fpr=0.049; gate=tripwire_alert>0 OR interaction_system_hierarchy_spoof_chain>0 OR (hierarchy_override>0 AND system_spoof>0); tuning=id_val_only",,,,,,,,0.982,low_fpr_enforced_macro_best,0.048780487804878,True,anchored_ibvs_boost,0.4,0.6,p_sem globally; uncertain boosted toward p_m3 where legacy ibvs gate and delta>0,0.25,tripwire_alert>0 OR interaction_system_hierarchy_spoof_chain>0 OR (hierarchy_override>0 AND system_spoof>0),id_val_only,0.0,0.25,tripwire_alert>0 OR interaction_system_hierarchy_spoof_chain>0 OR (hierarchy_override>0 AND system_spoof>0),none,metrics_hybrid_splitB.csv,,,,,,,,,,,,,,,,,
B,deployment_threshold,hybrid,HYBRID_SEM_ANCHORED_IBVS_BOOST,OOD (HYBRID),ood_test,0.7174,0.7076,0.8235,0.8194,0.1745,0.4062,0.5182,0.6706,0.3294,"variant=anchored_ibvs_boost; tau=(0.40,0.60); alpha=0.25; fallback=M3+IBVSv2; m3_t*=0.982; m3_val_fpr=0.049; gate=tripwire_alert>0 OR interaction_system_hierarchy_spoof_chain>0 OR (hierarchy_override>0 AND system_spoof>0); tuning=id_val_only",,,,,,,,0.982,low_fpr_enforced_macro_best,0.048780487804878,True,anchored_ibvs_boost,0.4,0.6,p_sem globally; uncertain boosted toward p_m3 where legacy ibvs gate and delta>0,0.25,tripwire_alert>0 OR interaction_system_hierarchy_spoof_chain>0 OR (hierarchy_override>0 AND system_spoof>0),id_val_only,0.0,0.25,tripwire_alert>0 OR interaction_system_hierarchy_spoof_chain>0 OR (hierarchy_override>0 AND system_spoof>0),none,metrics_hybrid_splitB.csv,3.0,0.7004,0.046,0.6703,0.7304,0.0876,0.0776,0.0369,0.1383,0.249,0.1398,0.1576,0.3403,0.3683,0.1608,0.2632,0.4734
B,deployment_threshold,hybrid,HYBRID_SEM_ANCHORED_IBVS_BOOST,OOD (HYBRID),ood_test_injection,0.6062,0.604,0.606,0.6513,0.0118,0.0826,0.1681,0.6799,0.3201,"variant=anchored_ibvs_boost; tau=(0.40,0.60); alpha=0.25; fallback=M3+IBVSv2; m3_t*=0.982; m3_val_fpr=0.049; gate=tripwire_alert>0 OR interaction_system_hierarchy_spoof_chain>0 OR (hierarchy_override>0 AND system_spoof>0); tuning=id_val_only; ood_name=ood_test_injection",,,,,,,,0.982,low_fpr_enforced_macro_best,0.048780487804878,True,anchored_ibvs_boost,0.4,0.6,p_sem globally; uncertain boosted toward p_m3 where legacy ibvs gate and delta>0,0.25,tripwire_alert>0 OR interaction_system_hierarchy_spoof_chain>0 OR (hierarchy_override>0 AND system_spoof>0),id_val_only,0.0,0.25,tripwire_alert>0 OR interaction_system_hierarchy_spoof_chain>0 OR (hierarchy_override>0 AND system_spoof>0),none,metrics_hybrid_splitB__ood-ood_test_injection.csv,3.0,0.7004,0.046,0.6703,0.7304,0.0876,0.0776,0.0369,0.1383,0.249,0.1398,0.1576,0.3403,0.3683,0.1608,0.2632,0.4734
B,deployment_threshold,hybrid,HYBRID_SEM_ANCHORED_IBVS_BOOST,OOD (HYBRID),ood_test_injection_standard,0.7208,0.7192,0.7664,0.8029,0.0572,0.2328,0.3999,0.6754,0.3246,"variant=anchored_ibvs_boost; tau=(0.40,0.60); alpha=0.25; fallback=M3+IBVSv2; m3_t*=0.982; m3_val_fpr=0.049; gate=tripwire_alert>0 OR interaction_system_hierarchy_spoof_chain>0 OR (hierarchy_override>0 AND system_spoof>0); tuning=id_val_only; ood_name=ood_test_injection_standard",,,,,,,,0.982,low_fpr_enforced_macro_best,0.048780487804878,True,anchored_ibvs_boost,0.4,0.6,p_sem globally; uncertain boosted toward p_m3 where legacy ibvs gate and delta>0,0.25,tripwire_alert>0 OR interaction_system_hierarchy_spoof_chain>0 OR (hierarchy_override>0 AND system_spoof>0),id_val_only,0.0,0.25,tripwire_alert>0 OR interaction_system_hierarchy_spoof_chain>0 OR (hierarchy_override>0 AND system_spoof>0),none,metrics_hybrid_splitB__ood-ood_test_injection_standard.csv,3.0,0.7004,0.046,0.6703,0.7304,0.0876,0.0776,0.0369,0.1383,0.249,0.1398,0.1576,0.3403,0.3683,0.1608,0.2632,0.4734
B,deployment_threshold,hybrid,HYBRID_SEM_ANCHORED_IBVS_BOOST_V2,VAL (HYBRID),id,0.9195,0.9045,0.9932,0.9804,0.8889,0.9259,0.9537,0.906,0.094,"variant=anchored_ibvs_boost_v2; tau=(0.40,0.60); alpha=0.25; margin=0.00; calibration=none; fallback=M3+IBVSv2; m3_t*=0.982; m3_val_fpr=0.049; gate=high_specific_risk_anchor>0 OR interaction_harm_evasion>0 OR (harm_domain>0 AND evasion>0) AND benign/meta suppressors are zero; tuning=id_val_only",,,,,,,,0.982,low_fpr_enforced_macro_best,0.048780487804878,True,anchored_ibvs_boost_v2,0.4,0.6,p_sem_cal globally; uncertain boosted with relu(delta-margin) on high-specific ibvs gate,0.25,high_specific_risk_anchor>0 OR interaction_harm_evasion>0 OR (harm_domain>0 AND evasion>0) AND benign/meta suppressors are zero,id_val_only,0.0,0.25,high_specific_risk_anchor>0 OR interaction_harm_evasion>0 OR (harm_domain>0 AND evasion>0) AND benign/meta suppressors are zero,none,metrics_hybrid_splitB.csv,,,,,,,,,,,,,,,,,
B,deployment_threshold,hybrid,HYBRID_SEM_ANCHORED_IBVS_BOOST_V2,TEST (HYBRID),id,0.8591,0.8318,0.9677,0.9204,0.367,0.7706,0.8165,0.9195,0.0805,"variant=anchored_ibvs_boost_v2; tau=(0.40,0.60); alpha=0.25; margin=0.00; calibration=none; fallback=M3+IBVSv2; m3_t*=0.982; m3_val_fpr=0.049; gate=high_specific_risk_anchor>0 OR interaction_harm_evasion>0 OR (harm_domain>0 AND evasion>0) AND benign/meta suppressors are zero; tuning=id_val_only",,,,,,,,0.982,low_fpr_enforced_macro_best,0.048780487804878,True,anchored_ibvs_boost_v2,0.4,0.6,p_sem_cal globally; uncertain boosted with relu(delta-margin) on high-specific ibvs gate,0.25,high_specific_risk_anchor>0 OR interaction_harm_evasion>0 OR (harm_domain>0 AND evasion>0) AND benign/meta suppressors are zero,id_val_only,0.0,0.25,high_specific_risk_anchor>0 OR interaction_harm_evasion>0 OR (harm_domain>0 AND evasion>0) AND benign/meta suppressors are zero,none,metrics_hybrid_splitB.csv,,,,,,,,,,,,,,,,,
B,deployment_threshold,hybrid,HYBRID_SEM_ANCHORED_IBVS_BOOST_V2,OOD (HYBRID),ood_test,0.7174,0.7076,0.8235,0.8194,0.1745,0.4062,0.5182,0.6706,0.3294,"variant=anchored_ibvs_boost_v2; tau=(0.40,0.60); alpha=0.25; margin=0.00; calibration=none; fallback=M3+IBVSv2; m3_t*=0.982; m3_val_fpr=0.049; gate=high_specific_risk_anchor>0 OR interaction_harm_evasion>0 OR (harm_domain>0 AND evasion>0) AND benign/meta suppressors are zero; tuning=id_val_only",,,,,,,,0.982,low_fpr_enforced_macro_best,0.048780487804878,True,anchored_ibvs_boost_v2,0.4,0.6,p_sem_cal globally; uncertain boosted with relu(delta-margin) on high-specific ibvs gate,0.25,high_specific_risk_anchor>0 OR interaction_harm_evasion>0 OR (harm_domain>0 AND evasion>0) AND benign/meta suppressors are zero,id_val_only,0.0,0.25,high_specific_risk_anchor>0 OR interaction_harm_evasion>0 OR (harm_domain>0 AND evasion>0) AND benign/meta suppressors are zero,none,metrics_hybrid_splitB.csv,3.0,0.7004,0.046,0.6703,0.7304,0.0876,0.0776,0.0369,0.1383,0.249,0.1398,0.1576,0.3403,0.3683,0.1608,0.2632,0.4734
B,deployment_threshold,hybrid,HYBRID_SEM_ANCHORED_IBVS_BOOST_V2,OOD (HYBRID),ood_test_injection,0.6062,0.604,0.6071,0.6526,0.0118,0.0826,0.1681,0.6799,0.3201,"variant=anchored_ibvs_boost_v2; tau=(0.40,0.60); alpha=0.25; margin=0.00; calibration=none; fallback=M3+IBVSv2; m3_t*=0.982; m3_val_fpr=0.049; gate=high_specific_risk_anchor>0 OR interaction_harm_evasion>0 OR (harm_domain>0 AND evasion>0) AND benign/meta suppressors are zero; tuning=id_val_only; ood_name=ood_test_injection",,,,,,,,0.982,low_fpr_enforced_macro_best,0.048780487804878,True,anchored_ibvs_boost_v2,0.4,0.6,p_sem calibrated; uncertain boosted toward calibrated p_m3 when gate and delta>margin,0.25,high_specific_risk_anchor>0 OR interaction_harm_evasion>0 OR (harm_domain>0 AND evasion>0) AND benign/meta suppressors are zero,id_val_only,0.0,0.25,high_specific_risk_anchor>0 OR interaction_harm_evasion>0 OR (harm_domain>0 AND evasion>0) AND benign/meta suppressors are zero,none,metrics_hybrid_splitB__ood-ood_test_injection.csv,3.0,0.7004,0.046,0.6703,0.7304,0.0876,0.0776,0.0369,0.1383,0.249,0.1398,0.1576,0.3403,0.3683,0.1608,0.2632,0.4734
B,deployment_threshold,hybrid,HYBRID_SEM_ANCHORED_IBVS_BOOST_V2,OOD (HYBRID),ood_test_injection_standard,0.7208,0.7192,0.7664,0.8029,0.0572,0.2328,0.3999,0.6754,0.3246,"variant=anchored_ibvs_boost_v2; tau=(0.40,0.60); alpha=0.25; margin=0.00; calibration=none; fallback=M3+IBVSv2; m3_t*=0.982; m3_val_fpr=0.049; gate=high_specific_risk_anchor>0 OR interaction_harm_evasion>0 OR (harm_domain>0 AND evasion>0) AND benign/meta suppressors are zero; tuning=id_val_only; ood_name=ood_test_injection_standard",,,,,,,,0.982,low_fpr_enforced_macro_best,0.048780487804878,True,anchored_ibvs_boost_v2,0.4,0.6,p_sem calibrated; uncertain boosted toward calibrated p_m3 when gate and delta>margin,0.25,high_specific_risk_anchor>0 OR interaction_harm_evasion>0 OR (harm_domain>0 AND evasion>0) AND benign/meta suppressors are zero,id_val_only,0.0,0.25,high_specific_risk_anchor>0 OR interaction_harm_evasion>0 OR (harm_domain>0 AND evasion>0) AND benign/meta suppressors are zero,none,metrics_hybrid_splitB__ood-ood_test_injection_standard.csv,3.0,0.7004,0.046,0.6703,0.7304,0.0876,0.0776,0.0369,0.1383,0.249,0.1398,0.1576,0.3403,0.3683,0.1608,0.2632,0.4734
B,deployment_threshold,hybrid,HYBRID_SEM_ANCHORED_IBVS_VETO,VAL (HYBRID),id,0.9396,0.9249,0.9932,0.9804,0.8889,0.9259,0.9537,1.0,0.0,"variant=anchored_ibvs_veto_v1; tau=(0.25,0.60); alpha=0.25; veto_margin=0.00; calibration=none; fallback=M3+IBVSv2; m3_t*=0.982; sem_t*=0.451; m3_val_fpr=0.049; gate=high_specific_risk_anchor>0 OR interaction_harm_evasion>0 OR (harm_domain>0 AND evasion>0) AND benign/meta suppressors are zero; tuning=id_val_only",,,,,,,,0.982,low_fpr_enforced_macro_best,0.048780487804878,True,anchored_ibvs_veto_v1,0.25,0.6,semantic-anchored uncertain routing; M3 veto-to-block only on high-specific IBVS gate + confidence margin,0.25,high_specific_risk_anchor>0 OR interaction_harm_evasion>0 OR (harm_domain>0 AND evasion>0) AND benign/meta suppressors are zero,id_val_only,0.0,0.25,high_specific_risk_anchor>0 OR interaction_harm_evasion>0 OR (harm_domain>0 AND evasion>0) AND benign/meta suppressors are zero,none,metrics_hybrid_splitB.csv,,,,,,,,,,,,,,,,,
B,deployment_threshold,hybrid,HYBRID_SEM_ANCHORED_IBVS_VETO,TEST (HYBRID),id,0.8523,0.8176,0.9677,0.9204,0.367,0.7706,0.8165,1.0,0.0,"variant=anchored_ibvs_veto_v1; tau=(0.25,0.60); alpha=0.25; veto_margin=0.00; calibration=none; fallback=M3+IBVSv2; m3_t*=0.982; sem_t*=0.451; m3_val_fpr=0.049; gate=high_specific_risk_anchor>0 OR interaction_harm_evasion>0 OR (harm_domain>0 AND evasion>0) AND benign/meta suppressors are zero; tuning=id_val_only",,,,,,,,0.982,low_fpr_enforced_macro_best,0.048780487804878,True,anchored_ibvs_veto_v1,0.25,0.6,semantic-anchored uncertain routing; M3 veto-to-block only on high-specific IBVS gate + confidence margin,0.25,high_specific_risk_anchor>0 OR interaction_harm_evasion>0 OR (harm_domain>0 AND evasion>0) AND benign/meta suppressors are zero,id_val_only,0.0,0.25,high_specific_risk_anchor>0 OR interaction_harm_evasion>0 OR (harm_domain>0 AND evasion>0) AND benign/meta suppressors are zero,none,metrics_hybrid_splitB.csv,,,,,,,,,,,,,,,,,
B,deployment_threshold,hybrid,HYBRID_SEM_ANCHORED_IBVS_VETO,OOD (HYBRID),ood_test,0.7214,0.7212,0.8235,0.8194,0.1745,0.4062,0.5182,1.0,0.0,"variant=anchored_ibvs_veto_v1; tau=(0.25,0.60); alpha=0.25; veto_margin=0.00; calibration=none; fallback=M3+IBVSv2; m3_t*=0.982; sem_t*=0.451; m3_val_fpr=0.049; gate=high_specific_risk_anchor>0 OR interaction_harm_evasion>0 OR (harm_domain>0 AND evasion>0) AND benign/meta suppressors are zero; tuning=id_val_only",,,,,,,,0.982,low_fpr_enforced_macro_best,0.048780487804878,True,anchored_ibvs_veto_v1,0.25,0.6,semantic-anchored uncertain routing; M3 veto-to-block only on high-specific IBVS gate + confidence margin,0.25,high_specific_risk_anchor>0 OR interaction_harm_evasion>0 OR (harm_domain>0 AND evasion>0) AND benign/meta suppressors are zero,id_val_only,0.0,0.25,high_specific_risk_anchor>0 OR interaction_harm_evasion>0 OR (harm_domain>0 AND evasion>0) AND benign/meta suppressors are zero,none,metrics_hybrid_splitB.csv,3.0,0.6825,0.0537,0.6474,0.7176,0.0876,0.0776,0.0369,0.1383,0.249,0.1398,0.1576,0.3403,0.3683,0.1608,0.2632,0.4734
B,deployment_threshold,hybrid,HYBRID_SEM_ANCHORED_IBVS_VETO,OOD (HYBRID),ood_test_injection,0.6327,0.6284,0.606,0.6513,0.0118,0.0826,0.1681,0.9971,0.0029,"variant=anchored_ibvs_veto_v1; tau=(0.25,0.60); alpha=0.25; veto_margin=0.00; calibration=none; fallback=M3+IBVSv2; m3_t*=0.982; sem_t*=0.451; m3_val_fpr=0.049; gate=high_specific_risk_anchor>0 OR interaction_harm_evasion>0 OR (harm_domain>0 AND evasion>0) AND benign/meta suppressors are zero; tuning=id_val_only; ood_name=ood_test_injection",,,,,,,,0.982,low_fpr_enforced_macro_best,0.048780487804878,True,anchored_ibvs_veto_v1,0.25,0.6,p_sem calibrated with high-risk veto to semantic high threshold,0.0,high_specific_risk_anchor>0 OR interaction_harm_evasion>0 OR (harm_domain>0 AND evasion>0) AND benign/meta suppressors are zero,id_val_only,0.0,0.0,high_specific_risk_anchor>0 OR interaction_harm_evasion>0 OR (harm_domain>0 AND evasion>0) AND benign/meta suppressors are zero,none,metrics_hybrid_splitB__ood-ood_test_injection.csv,3.0,0.6825,0.0537,0.6474,0.7176,0.0876,0.0776,0.0369,0.1383,0.249,0.1398,0.1576,0.3403,0.3683,0.1608,0.2632,0.4734
B,deployment_threshold,hybrid,HYBRID_SEM_ANCHORED_IBVS_VETO,OOD (HYBRID),ood_test_injection_standard,0.7326,0.7311,0.7664,0.8029,0.0572,0.2328,0.3999,1.0,0.0,"variant=anchored_ibvs_veto_v1; tau=(0.25,0.60); alpha=0.25; veto_margin=0.00; calibration=none; fallback=M3+IBVSv2; m3_t*=0.982; sem_t*=0.451; m3_val_fpr=0.049; gate=high_specific_risk_anchor>0 OR interaction_harm_evasion>0 OR (harm_domain>0 AND evasion>0) AND benign/meta suppressors are zero; tuning=id_val_only; ood_name=ood_test_injection_standard",,,,,,,,0.982,low_fpr_enforced_macro_best,0.048780487804878,True,anchored_ibvs_veto_v1,0.25,0.6,p_sem calibrated with high-risk veto to semantic high threshold,0.0,high_specific_risk_anchor>0 OR interaction_harm_evasion>0 OR (harm_domain>0 AND evasion>0) AND benign/meta suppressors are zero,id_val_only,0.0,0.0,high_specific_risk_anchor>0 OR interaction_harm_evasion>0 OR (harm_domain>0 AND evasion>0) AND benign/meta suppressors are zero,none,metrics_hybrid_splitB__ood-ood_test_injection_standard.csv,3.0,0.6825,0.0537,0.6474,0.7176,0.0876,0.0776,0.0369,0.1383,0.249,0.1398,0.1576,0.3403,0.3683,0.1608,0.2632,0.4734
B,deployment_threshold,hybrid,HYBRID_SEM_EXPERT_GATE_M1_M3,VAL (HYBRID),id,0.953,0.9424,0.9946,0.9887,0.8889,0.9537,0.9537,0.8591,0.1409,"variant=expert_gate_m1_m3_v1; tau=(0.30,0.65); gate_C=0.50; gate_confidence=0.55; calibration=isotonic_val; m1_t*=0.959; m3_t*=0.982; sem_t*=0.451; tuning=id_val_only",,,,,,,,0.982,low_fpr_enforced_macro_best,0.048780487804878,True,expert_gate_m1_m3_v1,0.3,0.65,semantic outside uncertain; uncertain expert selected by learned multinomial gate over semantic/m1/m3 + ibvs components,0.0,"features=[p_sem_cal,p_m1_cal,p_m3_cal,delta_m1_sem,delta_m3_sem,delta_m3_m1,abs_delta_m1_sem,abs_delta_m3_sem,abs_delta_m3_m1,ibvs_v2_total,tripwire_alert,high_specific_risk_anchor,interaction_harm_evasion,interaction_system_hierarchy_spoof_chain,harm_domain,evasion,hierarchy_override,system_spoof,procedural,tool_directive,benign_context_suppression,meta_system_discussion_suppression]",id_val_only,0.55,0.5,"features=[p_sem_cal,p_m1_cal,p_m3_cal,delta_m1_sem,delta_m3_sem,delta_m3_m1,abs_delta_m1_sem,abs_delta_m3_sem,abs_delta_m3_m1,ibvs_v2_total,tripwire_alert,high_specific_risk_anchor,interaction_harm_evasion,interaction_system_hierarchy_spoof_chain,harm_domain,evasion,hierarchy_override,system_spoof,procedural,tool_directive,benign_context_suppression,meta_system_discussion_suppression]",isotonic_val,metrics_hybrid_splitB.csv,,,,,,,,,,,,,,,,,
B,deployment_threshold,hybrid,HYBRID_SEM_EXPERT_GATE_M1_M3,TEST (HYBRID),id,0.8591,0.8272,0.9257,0.8805,0.0,0.0,0.0,0.7517,0.2483,"variant=expert_gate_m1_m3_v1; tau=(0.30,0.65); gate_C=0.50; gate_confidence=0.55; calibration=isotonic_val; m1_t*=0.959; m3_t*=0.982; sem_t*=0.451; tuning=id_val_only",,,,,,,,0.982,low_fpr_enforced_macro_best,0.048780487804878,True,expert_gate_m1_m3_v1,0.3,0.65,semantic outside uncertain; uncertain expert selected by learned multinomial gate over semantic/m1/m3 + ibvs components,0.0,"features=[p_sem_cal,p_m1_cal,p_m3_cal,delta_m1_sem,delta_m3_sem,delta_m3_m1,abs_delta_m1_sem,abs_delta_m3_sem,abs_delta_m3_m1,ibvs_v2_total,tripwire_alert,high_specific_risk_anchor,interaction_harm_evasion,interaction_system_hierarchy_spoof_chain,harm_domain,evasion,hierarchy_override,system_spoof,procedural,tool_directive,benign_context_suppression,meta_system_discussion_suppression]",id_val_only,0.55,0.5,"features=[p_sem_cal,p_m1_cal,p_m3_cal,delta_m1_sem,delta_m3_sem,delta_m3_m1,abs_delta_m1_sem,abs_delta_m3_sem,abs_delta_m3_m1,ibvs_v2_total,tripwire_alert,high_specific_risk_anchor,interaction_harm_evasion,interaction_system_hierarchy_spoof_chain,harm_domain,evasion,hierarchy_override,system_spoof,procedural,tool_directive,benign_context_suppression,meta_system_discussion_suppression]",isotonic_val,metrics_hybrid_splitB.csv,,,,,,,,,,,,,,,,,
B,deployment_threshold,hybrid,HYBRID_SEM_EXPERT_GATE_M1_M3,OOD (HYBRID),ood_test,0.7122,0.7116,0.7558,0.7727,0.0,0.0,0.4766,0.4453,0.5547,"variant=expert_gate_m1_m3_v1; tau=(0.30,0.65); gate_C=0.50; gate_confidence=0.55; calibration=isotonic_val; m1_t*=0.959; m3_t*=0.982; sem_t*=0.451; tuning=id_val_only",,,,,,,,0.982,low_fpr_enforced_macro_best,0.048780487804878,True,expert_gate_m1_m3_v1,0.3,0.65,semantic outside uncertain; uncertain expert selected by learned multinomial gate over semantic/m1/m3 + ibvs components,0.0,"features=[p_sem_cal,p_m1_cal,p_m3_cal,delta_m1_sem,delta_m3_sem,delta_m3_m1,abs_delta_m1_sem,abs_delta_m3_sem,abs_delta_m3_m1,ibvs_v2_total,tripwire_alert,high_specific_risk_anchor,interaction_harm_evasion,interaction_system_hierarchy_spoof_chain,harm_domain,evasion,hierarchy_override,system_spoof,procedural,tool_directive,benign_context_suppression,meta_system_discussion_suppression]",id_val_only,0.55,0.5,"features=[p_sem_cal,p_m1_cal,p_m3_cal,delta_m1_sem,delta_m3_sem,delta_m3_m1,abs_delta_m1_sem,abs_delta_m3_sem,abs_delta_m3_m1,ibvs_v2_total,tripwire_alert,high_specific_risk_anchor,interaction_harm_evasion,interaction_system_hierarchy_spoof_chain,harm_domain,evasion,hierarchy_override,system_spoof,procedural,tool_directive,benign_context_suppression,meta_system_discussion_suppression]",isotonic_val,metrics_hybrid_splitB.csv,3.0,0.7022,0.0394,0.6764,0.7279,0.0,0.0,0.0,0.0,0.0988,0.1566,-0.0035,0.2011,0.2465,0.2219,0.1015,0.3915
B,deployment_threshold,hybrid,HYBRID_SEM_EXPERT_GATE_M1_M3,OOD (HYBRID),ood_test_injection,0.6475,0.6442,0.613,0.6676,0.0,0.0,0.0,0.4218,0.5782,"variant=expert_gate_m1_m3_v1; tau=(0.30,0.65); gate_C=0.50; gate_confidence=0.55; calibration=isotonic_val; m1_t*=0.959; m3_t*=0.982; sem_t*=0.451; tuning=id_val_only; ood_name=ood_test_injection",,,,,,,,0.982,low_fpr_enforced_macro_best,0.048780487804878,True,expert_gate_m1_m3_v1,0.3,0.65,learned multinomial gate over semantic/m1/m3 using calibrated scores + ibvs in uncertain band,0.0,"features=[p_sem_cal,p_m1_cal,p_m3_cal,delta_m1_sem,delta_m3_sem,delta_m3_m1,abs_delta_m1_sem,abs_delta_m3_sem,abs_delta_m3_m1,ibvs_v2_total,tripwire_alert,high_specific_risk_anchor,interaction_harm_evasion,interaction_system_hierarchy_spoof_chain,harm_domain,evasion,hierarchy_override,system_spoof,procedural,tool_directive,benign_context_suppression,meta_system_discussion_suppression]",id_val_only,0.55,0.5,"features=[p_sem_cal,p_m1_cal,p_m3_cal,delta_m1_sem,delta_m3_sem,delta_m3_m1,abs_delta_m1_sem,abs_delta_m3_sem,abs_delta_m3_m1,ibvs_v2_total,tripwire_alert,high_specific_risk_anchor,interaction_harm_evasion,interaction_system_hierarchy_spoof_chain,harm_domain,evasion,hierarchy_override,system_spoof,procedural,tool_directive,benign_context_suppression,meta_system_discussion_suppression]",isotonic_val,metrics_hybrid_splitB__ood-ood_test_injection.csv,3.0,0.7022,0.0394,0.6764,0.7279,0.0,0.0,0.0,0.0,0.0988,0.1566,-0.0035,0.2011,0.2465,0.2219,0.1015,0.3915
B,deployment_threshold,hybrid,HYBRID_SEM_EXPERT_GATE_M1_M3,OOD (HYBRID),ood_test_injection_standard,0.7376,0.7363,0.7385,0.7968,0.0,0.0,0.0,0.4611,0.5389,"variant=expert_gate_m1_m3_v1; tau=(0.30,0.65); gate_C=0.50; gate_confidence=0.55; calibration=isotonic_val; m1_t*=0.959; m3_t*=0.982; sem_t*=0.451; tuning=id_val_only; ood_name=ood_test_injection_standard",,,,,,,,0.982,low_fpr_enforced_macro_best,0.048780487804878,True,expert_gate_m1_m3_v1,0.3,0.65,learned multinomial gate over semantic/m1/m3 using calibrated scores + ibvs in uncertain band,0.0,"features=[p_sem_cal,p_m1_cal,p_m3_cal,delta_m1_sem,delta_m3_sem,delta_m3_m1,abs_delta_m1_sem,abs_delta_m3_sem,abs_delta_m3_m1,ibvs_v2_total,tripwire_alert,high_specific_risk_anchor,interaction_harm_evasion,interaction_system_hierarchy_spoof_chain,harm_domain,evasion,hierarchy_override,system_spoof,procedural,tool_directive,benign_context_suppression,meta_system_discussion_suppression]",id_val_only,0.55,0.5,"features=[p_sem_cal,p_m1_cal,p_m3_cal,delta_m1_sem,delta_m3_sem,delta_m3_m1,abs_delta_m1_sem,abs_delta_m3_sem,abs_delta_m3_m1,ibvs_v2_total,tripwire_alert,high_specific_risk_anchor,interaction_harm_evasion,interaction_system_hierarchy_spoof_chain,harm_domain,evasion,hierarchy_override,system_spoof,procedural,tool_directive,benign_context_suppression,meta_system_discussion_suppression]",isotonic_val,metrics_hybrid_splitB__ood-ood_test_injection_standard.csv,3.0,0.7022,0.0394,0.6764,0.7279,0.0,0.0,0.0,0.0,0.0988,0.1566,-0.0035,0.2011,0.2465,0.2219,0.1015,0.3915
B,deployment_threshold,hybrid,HYBRID_SEM_GATE_ELSE_M3_IBVS_V2,VAL (HYBRID),id,0.8926,0.8757,0.8744,0.8774,0.0,0.0278,0.2315,0.8389,0.1611,"variant=baseline; tau=(0.30,0.70); fallback=M3+IBVSv2; m3_t*=0.982; m3_mode=low_fpr_enforced_macro_best; m3_val_fpr=0.049; score=hybrid_score(p_sem_outside,p_m3_inside_uncertain); tuning=id_val_only",,,,,,,,0.982,low_fpr_enforced_macro_best,0.048780487804878,True,baseline,0.3,0.7,p_sem outside uncertain; p_m3 inside uncertain,0.0,tripwire_alert>0 OR interaction_system_hierarchy_spoof_chain>0 OR (hierarchy_override>0 AND system_spoof>0),id_val_only,0.0,0.0,tripwire_alert>0 OR interaction_system_hierarchy_spoof_chain>0 OR (hierarchy_override>0 AND system_spoof>0),none,metrics_hybrid_splitB.csv,,,,,,,,,,,,,,,,,
B,deployment_threshold,hybrid,HYBRID_SEM_GATE_ELSE_M3_IBVS_V2,TEST (HYBRID),id,0.8255,0.8062,0.9249,0.8736,0.1101,0.211,0.578,0.6711,0.3289,"variant=baseline; tau=(0.30,0.70); fallback=M3+IBVSv2; m3_t*=0.982; m3_mode=low_fpr_enforced_macro_best; m3_val_fpr=0.049; score=hybrid_score(p_sem_outside,p_m3_inside_uncertain); tuning=id_val_only",,,,,,,,0.982,low_fpr_enforced_macro_best,0.048780487804878,True,baseline,0.3,0.7,p_sem outside uncertain; p_m3 inside uncertain,0.0,tripwire_alert>0 OR interaction_system_hierarchy_spoof_chain>0 OR (hierarchy_override>0 AND system_spoof>0),id_val_only,0.0,0.0,tripwire_alert>0 OR interaction_system_hierarchy_spoof_chain>0 OR (hierarchy_override>0 AND system_spoof>0),none,metrics_hybrid_splitB.csv,,,,,,,,,,,,,,,,,
B,deployment_threshold,hybrid,HYBRID_SEM_GATE_ELSE_M3_IBVS_V2,OOD (HYBRID),ood_test,0.6823,0.6597,0.7118,0.7107,0.0651,0.1875,0.276,0.3932,0.6068,"variant=baseline; tau=(0.30,0.70); fallback=M3+IBVSv2; m3_t*=0.982; m3_mode=low_fpr_enforced_macro_best; m3_val_fpr=0.049; score=hybrid_score(p_sem_outside,p_m3_inside_uncertain); tuning=id_val_only",,,,,,,,0.982,low_fpr_enforced_macro_best,0.048780487804878,True,baseline,0.3,0.7,p_sem outside uncertain; p_m3 inside uncertain,0.0,tripwire_alert>0 OR interaction_system_hierarchy_spoof_chain>0 OR (hierarchy_override>0 AND system_spoof>0),id_val_only,0.0,0.0,tripwire_alert>0 OR interaction_system_hierarchy_spoof_chain>0 OR (hierarchy_override>0 AND system_spoof>0),none,metrics_hybrid_splitB.csv,3.0,0.6736,0.0588,0.6352,0.712,0.0342,0.0325,0.013,0.0555,0.1149,0.0635,0.0734,0.1564,0.2093,0.0792,0.1575,0.261
B,deployment_threshold,hybrid,HYBRID_SEM_GATE_ELSE_M3_IBVS_V2,OOD (HYBRID),ood_test_injection,0.5457,0.5273,0.6356,0.7368,0.0029,0.0118,0.0855,0.3245,0.6755,"variant=baseline; tau=(0.30,0.70); fallback=M3+IBVSv2; m3_t*=0.982; m3_mode=low_fpr_enforced_macro_best; m3_val_fpr=0.049; score=hybrid_score(p_sem_outside,p_m3_inside_uncertain); tuning=id_val_only; ood_name=ood_test_injection",,,,,,,,0.982,low_fpr_enforced_macro_best,0.048780487804878,True,baseline,0.3,0.7,p_sem outside uncertain; p_m3 inside uncertain,0.0,tripwire_alert>0 OR interaction_system_hierarchy_spoof_chain>0 OR (hierarchy_override>0 AND system_spoof>0),id_val_only,0.0,0.0,tripwire_alert>0 OR interaction_system_hierarchy_spoof_chain>0 OR (hierarchy_override>0 AND system_spoof>0),none,metrics_hybrid_splitB__ood-ood_test_injection.csv,3.0,0.6736,0.0588,0.6352,0.712,0.0342,0.0325,0.013,0.0555,0.1149,0.0635,0.0734,0.1564,0.2093,0.0792,0.1575,0.261
B,deployment_threshold,hybrid,HYBRID_SEM_GATE_ELSE_M3_IBVS_V2,OOD (HYBRID),ood_test_injection_standard,0.6658,0.6574,0.6411,0.7044,0.0181,0.1159,0.2092,0.3783,0.6217,"variant=baseline; tau=(0.30,0.70); fallback=M3+IBVSv2; m3_t*=0.982; m3_mode=low_fpr_enforced_macro_best; m3_val_fpr=0.049; score=hybrid_score(p_sem_outside,p_m3_inside_uncertain); tuning=id_val_only; ood_name=ood_test_injection_standard",,,,,,,,0.982,low_fpr_enforced_macro_best,0.048780487804878,True,baseline,0.3,0.7,p_sem outside uncertain; p_m3 inside uncertain,0.0,tripwire_alert>0 OR interaction_system_hierarchy_spoof_chain>0 OR (hierarchy_override>0 AND system_spoof>0),id_val_only,0.0,0.0,tripwire_alert>0 OR interaction_system_hierarchy_spoof_chain>0 OR (hierarchy_override>0 AND system_spoof>0),none,metrics_hybrid_splitB__ood-ood_test_injection_standard.csv,3.0,0.6736,0.0588,0.6352,0.712,0.0342,0.0325,0.013,0.0555,0.1149,0.0635,0.0734,0.1564,0.2093,0.0792,0.1575,0.261
B,deployment_threshold,hybrid,HYBRID_SEM_LEARNED_META_FUSION,VAL (HYBRID),id,0.953,0.9424,0.9949,0.9875,0.9074,0.963,0.9722,0.8591,0.1409,"variant=learned_meta_fusion_v1; tau=(0.30,0.65); meta_C=1.00; meta_threshold=0.50; calibration=isotonic_val; m3_t*=0.982; sem_t*=0.451; tuning=id_val_only",,,,,,,,0.982,low_fpr_enforced_macro_best,0.048780487804878,True,learned_meta_fusion_v1,0.3,0.65,"semantic outside uncertain; uncertain scored by learned logistic fusion of semantic, m3, and ibvs components",0.0,"features=[p_sem_cal,p_m3_cal,delta,abs_delta,ibvs_v2_total,tripwire_alert,high_specific_risk_anchor,interaction_harm_evasion,interaction_system_hierarchy_spoof_chain,harm_domain,evasion,hierarchy_override,system_spoof,procedural,tool_directive,benign_context_suppression,meta_system_discussion_suppression]",id_val_only,0.5,1.0,"features=[p_sem_cal,p_m3_cal,delta,abs_delta,ibvs_v2_total,tripwire_alert,high_specific_risk_anchor,interaction_harm_evasion,interaction_system_hierarchy_spoof_chain,harm_domain,evasion,hierarchy_override,system_spoof,procedural,tool_directive,benign_context_suppression,meta_system_discussion_suppression]",isotonic_val,metrics_hybrid_splitB.csv,,,,,,,,,,,,,,,,,
B,deployment_threshold,hybrid,HYBRID_SEM_LEARNED_META_FUSION,TEST (HYBRID),id,0.8725,0.8436,0.9523,0.9134,0.0,0.0,0.7982,0.7517,0.2483,"variant=learned_meta_fusion_v1; tau=(0.30,0.65); meta_C=1.00; meta_threshold=0.50; calibration=isotonic_val; m3_t*=0.982; sem_t*=0.451; tuning=id_val_only",,,,,,,,0.982,low_fpr_enforced_macro_best,0.048780487804878,True,learned_meta_fusion_v1,0.3,0.65,"semantic outside uncertain; uncertain scored by learned logistic fusion of semantic, m3, and ibvs components",0.0,"features=[p_sem_cal,p_m3_cal,delta,abs_delta,ibvs_v2_total,tripwire_alert,high_specific_risk_anchor,interaction_harm_evasion,interaction_system_hierarchy_spoof_chain,harm_domain,evasion,hierarchy_override,system_spoof,procedural,tool_directive,benign_context_suppression,meta_system_discussion_suppression]",id_val_only,0.5,1.0,"features=[p_sem_cal,p_m3_cal,delta,abs_delta,ibvs_v2_total,tripwire_alert,high_specific_risk_anchor,interaction_harm_evasion,interaction_system_hierarchy_spoof_chain,harm_domain,evasion,hierarchy_override,system_spoof,procedural,tool_directive,benign_context_suppression,meta_system_discussion_suppression]",isotonic_val,metrics_hybrid_splitB.csv,,,,,,,,,,,,,,,,,
B,deployment_threshold,hybrid,HYBRID_SEM_LEARNED_META_FUSION,OOD (HYBRID),ood_test,0.7266,0.7247,0.7964,0.8074,0.0,0.4167,0.5495,0.4453,0.5547,"variant=learned_meta_fusion_v1; tau=(0.30,0.65); meta_C=1.00; meta_threshold=0.50; calibration=isotonic_val; m3_t*=0.982; sem_t*=0.451; tuning=id_val_only",,,,,,,,0.982,low_fpr_enforced_macro_best,0.048780487804878,True,learned_meta_fusion_v1,0.3,0.65,"semantic outside uncertain; uncertain scored by learned logistic fusion of semantic, m3, and ibvs components",0.0,"features=[p_sem_cal,p_m3_cal,delta,abs_delta,ibvs_v2_total,tripwire_alert,high_specific_risk_anchor,interaction_harm_evasion,interaction_system_hierarchy_spoof_chain,harm_domain,evasion,hierarchy_override,system_spoof,procedural,tool_directive,benign_context_suppression,meta_system_discussion_suppression]",id_val_only,0.5,1.0,"features=[p_sem_cal,p_m3_cal,delta,abs_delta,ibvs_v2_total,tripwire_alert,high_specific_risk_anchor,interaction_harm_evasion,interaction_system_hierarchy_spoof_chain,harm_domain,evasion,hierarchy_override,system_spoof,procedural,tool_directive,benign_context_suppression,meta_system_discussion_suppression]",isotonic_val,metrics_hybrid_splitB.csv,3.0,0.7021,0.0511,0.6687,0.7355,0.0137,0.0272,-0.0041,0.0315,0.1745,0.1796,0.0571,0.2918,0.3269,0.2147,0.1867,0.4672
B,deployment_threshold,hybrid,HYBRID_SEM_LEARNED_META_FUSION,OOD (HYBRID),ood_test_injection,0.6755,0.6724,0.6198,0.6746,0.0,0.0,0.0,0.4218,0.5782,"variant=learned_meta_fusion_v1; tau=(0.30,0.65); meta_C=1.00; meta_threshold=0.50; calibration=isotonic_val; m3_t*=0.982; sem_t*=0.451; tuning=id_val_only; ood_name=ood_test_injection",,,,,,,,0.982,low_fpr_enforced_macro_best,0.048780487804878,True,learned_meta_fusion,0.3,0.65,meta logistic over calibrated sem/m3 + ibvs interactions in uncertain band,0.0,"features=[p_sem_cal,p_m3_cal,delta,abs_delta,ibvs_v2_total,tripwire_alert,high_specific_risk_anchor,interaction_harm_evasion,interaction_system_hierarchy_spoof_chain,harm_domain,evasion,hierarchy_override,system_spoof,procedural,tool_directive,benign_context_suppression,meta_system_discussion_suppression]",id_val_only,0.0,0.0,"features=[p_sem_cal,p_m3_cal,delta,abs_delta,ibvs_v2_total,tripwire_alert,high_specific_risk_anchor,interaction_harm_evasion,interaction_system_hierarchy_spoof_chain,harm_domain,evasion,hierarchy_override,system_spoof,procedural,tool_directive,benign_context_suppression,meta_system_discussion_suppression]",isotonic_val,metrics_hybrid_splitB__ood-ood_test_injection.csv,3.0,0.7021,0.0511,0.6687,0.7355,0.0137,0.0272,-0.0041,0.0315,0.1745,0.1796,0.0571,0.2918,0.3269,0.2147,0.1867,0.4672
B,deployment_threshold,hybrid,HYBRID_SEM_LEARNED_META_FUSION,OOD (HYBRID),ood_test_injection_standard,0.7439,0.7428,0.7542,0.8031,0.0,0.0,0.4019,0.4611,0.5389,"variant=learned_meta_fusion_v1; tau=(0.30,0.65); meta_C=1.00; meta_threshold=0.50; calibration=isotonic_val; m3_t*=0.982; sem_t*=0.451; tuning=id_val_only; ood_name=ood_test_injection_standard",,,,,,,,0.982,low_fpr_enforced_macro_best,0.048780487804878,True,learned_meta_fusion,0.3,0.65,meta logistic over calibrated sem/m3 + ibvs interactions in uncertain band,0.0,"features=[p_sem_cal,p_m3_cal,delta,abs_delta,ibvs_v2_total,tripwire_alert,high_specific_risk_anchor,interaction_harm_evasion,interaction_system_hierarchy_spoof_chain,harm_domain,evasion,hierarchy_override,system_spoof,procedural,tool_directive,benign_context_suppression,meta_system_discussion_suppression]",id_val_only,0.0,0.0,"features=[p_sem_cal,p_m3_cal,delta,abs_delta,ibvs_v2_total,tripwire_alert,high_specific_risk_anchor,interaction_harm_evasion,interaction_system_hierarchy_spoof_chain,harm_domain,evasion,hierarchy_override,system_spoof,procedural,tool_directive,benign_context_suppression,meta_system_discussion_suppression]",isotonic_val,metrics_hybrid_splitB__ood-ood_test_injection_standard.csv,3.0,0.7021,0.0511,0.6687,0.7355,0.0137,0.0272,-0.0041,0.0315,0.1745,0.1796,0.0571,0.2918,0.3269,0.2147,0.1867,0.4672
B,deployment_threshold,semantic,SEM_LOGREG_BGE,VAL,id,0.9396,0.9249,0.9932,0.9804,0.8889,0.9259,0.9537,,,policy=macro_f1; t*=0.451; val_fpr=0.0976; score=semantic_proba,,,,,,,,,,,,,,,,,,,,,,,metrics_semantic_splitB.csv,,,,,,,,,,,,,,,,,
B,deployment_threshold,semantic,SEM_LOGREG_BGE,TEST,id,0.8523,0.8176,0.9677,0.9204,0.367,0.7706,0.8165,,,policy=macro_f1; t*=0.451; val_fpr=0.0976; score=semantic_proba,,,,,,,,,,,,,,,,,,,,,,,metrics_semantic_splitB.csv,,,,,,,,,,,,,,,,,
B,deployment_threshold,semantic,SEM_LOGREG_BGE,OOD,ood_test,0.7214,0.7212,0.8235,0.8194,0.1745,0.4062,0.5182,,,policy=macro_f1; t*=0.451; val_fpr=0.0976; score=semantic_proba; ood_name=ood_test,,,,,,,,,,,,,,,,,,,,,,,metrics_semantic_splitB.csv,3.0,0.6822,0.0542,0.6469,0.7176,0.0876,0.0776,0.0369,0.1383,0.249,0.1398,0.1576,0.3403,0.3683,0.1608,0.2632,0.4734
B,deployment_threshold,semantic,SEM_LOGREG_BGE,OOD,ood_test_injection,0.6327,0.6284,0.606,0.6513,0.0118,0.0826,0.1681,,,policy=macro_f1; t*=0.451; val_fpr=0.0976; score=semantic_proba; ood_name=ood_test_injection,,,,,,,,,,,,,,,,,,,,,,,metrics_semantic_splitB__ood-ood_test_injection.csv,3.0,0.6822,0.0542,0.6469,0.7176,0.0876,0.0776,0.0369,0.1383,0.249,0.1398,0.1576,0.3403,0.3683,0.1608,0.2632,0.4734
B,deployment_threshold,semantic,SEM_LOGREG_BGE,OOD,ood_test_injection_standard,0.7326,0.7311,0.7664,0.8029,0.0572,0.2328,0.3999,,,policy=macro_f1; t*=0.451; val_fpr=0.0976; score=semantic_proba; ood_name=ood_test_injection_standard,,,,,,,,,,,,,,,,,,,,,,,metrics_semantic_splitB__ood-ood_test_injection_standard.csv,3.0,0.6822,0.0542,0.6469,0.7176,0.0876,0.0776,0.0369,0.1383,0.249,0.1398,0.1576,0.3403,0.3683,0.1608,0.2632,0.4734
B,ranking,ablation,M1_TFIDF_ONLY,VAL,id,0.8993,0.8748,0.9406,0.9021,0.0278,0.5463,0.6204,,,eval_track=ranking; policy=macro_f1; mode=macro_f1; t*=0.415; target_fpr=0.05; val_fpr=nan; macro_tol=0.020,0.415,macro_f1,,,,,,,,,,,,,,,,,,,,,metrics_ablation_splitB.csv,,,,,,,,,,,,,,,,,
B,ranking,ablation,M1_TFIDF_ONLY,TEST,id,0.8523,0.812,0.961,0.897,0.5413,0.6147,0.6972,,,eval_track=ranking; policy=macro_f1; mode=macro_f1; t*=0.415; target_fpr=0.05; val_fpr=nan; macro_tol=0.020,0.415,macro_f1,,,,,,,,,,,,,,,,,,,,,metrics_ablation_splitB.csv,,,,,,,,,,,,,,,,,
B,ranking,ablation,M1_TFIDF_ONLY,OOD,ood_test,0.6315,0.6314,0.7283,0.6784,0.1589,0.3099,0.4167,,,eval_track=ranking; policy=macro_f1; mode=macro_f1; t*=0.415; target_fpr=0.05; val_fpr=nan; macro_tol=0.020,0.415,macro_f1,,,,,,,,,,,,,,,,,,,,,metrics_ablation_splitB.csv,3.0,0.649,0.0747,0.6002,0.6979,0.1272,0.0989,0.0626,0.1918,0.3257,0.1806,0.2077,0.4437,0.4768,0.2174,0.3348,0.6188
B,ranking,ablation,M1_TFIDF_ONLY,OOD,ood_test_injection,0.7758,0.7646,0.9007,0.9181,0.1563,0.5221,0.6726,,,eval_track=ranking; policy=macro_f1; mode=macro_f1; t*=0.415; target_fpr=0.05; val_fpr=nan; macro_tol=0.020,0.415,macro_f1,,,,,,,,,,,,,,,,,,,,,metrics_ablation_splitB__ood-ood_test_injection.csv,3.0,0.649,0.0747,0.6002,0.6979,0.1272,0.0989,0.0626,0.1918,0.3257,0.1806,0.2077,0.4437,0.4768,0.2174,0.3348,0.6188
B,ranking,ablation,M1_TFIDF_ONLY,OOD,ood_test_injection_standard,0.6433,0.6011,0.7105,0.7548,0.0442,0.1691,0.295,,,eval_track=ranking; policy=macro_f1; mode=macro_f1; t*=0.415; target_fpr=0.05; val_fpr=nan; macro_tol=0.020,0.415,macro_f1,,,,,,,,,,,,,,,,,,,,,metrics_ablation_splitB__ood-ood_test_injection_standard.csv,3.0,0.649,0.0747,0.6002,0.6979,0.1272,0.0989,0.0626,0.1918,0.3257,0.1806,0.2077,0.4437,0.4768,0.2174,0.3348,0.6188
B,ranking,ablation,M2_TFIDF_PLUS_FLAGS,VAL,id,0.906,0.884,0.943,0.9158,0.0278,0.4907,0.7593,,,eval_track=ranking; policy=macro_f1; mode=macro_f1; t*=0.640; target_fpr=0.05; val_fpr=nan; macro_tol=0.020,0.64,macro_f1,,,,,,,,,,,,,,,,,,,,,metrics_ablation_splitB.csv,,,,,,,,,,,,,,,,,
B,ranking,ablation,M2_TFIDF_PLUS_FLAGS,TEST,id,0.8389,0.8039,0.9659,0.9119,0.4495,0.6422,0.7982,,,eval_track=ranking; policy=macro_f1; mode=macro_f1; t*=0.640; target_fpr=0.05; val_fpr=nan; macro_tol=0.020,0.64,macro_f1,,,,,,,,,,,,,,,,,,,,,metrics_ablation_splitB.csv,,,,,,,,,,,,,,,,,
B,ranking,ablation,M2_TFIDF_PLUS_FLAGS,OOD,ood_test,0.6862,0.6862,0.7471,0.7302,0.1016,0.276,0.3958,,,eval_track=ranking; policy=macro_f1; mode=macro_f1; t*=0.640; target_fpr=0.05; val_fpr=nan; macro_tol=0.020,0.64,macro_f1,,,,,,,,,,,,,,,,,,,,,metrics_ablation_splitB.csv,3.0,0.5902,0.0812,0.5371,0.6433,0.0448,0.0496,0.0123,0.0772,0.1346,0.1069,0.0647,0.2044,0.2404,0.1294,0.1559,0.3249
B,ranking,ablation,M2_TFIDF_PLUS_FLAGS,OOD,ood_test_injection,0.733,0.7135,0.6177,0.7457,0.0059,0.0088,0.0501,,,eval_track=ranking; policy=macro_f1; mode=macro_f1; t*=0.640; target_fpr=0.05; val_fpr=nan; macro_tol=0.020,0.64,macro_f1,,,,,,,,,,,,,,,,,,,,,metrics_ablation_splitB__ood-ood_test_injection.csv,3.0,0.5902,0.0812,0.5371,0.6433,0.0448,0.0496,0.0123,0.0772,0.1346,0.1069,0.0647,0.2044,0.2404,0.1294,0.1559,0.3249
B,ranking,ablation,M2_TFIDF_PLUS_FLAGS,OOD,ood_test_injection_standard,0.6167,0.5667,0.6325,0.6832,0.0166,0.1054,0.2037,,,eval_track=ranking; policy=macro_f1; mode=macro_f1; t*=0.640; target_fpr=0.05; val_fpr=nan; macro_tol=0.020,0.64,macro_f1,,,,,,,,,,,,,,,,,,,,,metrics_ablation_splitB__ood-ood_test_injection_standard.csv,3.0,0.5902,0.0812,0.5371,0.6433,0.0448,0.0496,0.0123,0.0772,0.1346,0.1069,0.0647,0.2044,0.2404,0.1294,0.1559,0.3249
B,ranking,ablation,M3_TFIDF_PLUS_FLAGS_PLUS_IBVS_V1_TOTAL,VAL,id,0.9195,0.8991,0.9382,0.9203,0.0093,0.3796,0.8056,,,eval_track=ranking; policy=macro_f1; mode=macro_f1; t*=0.665; target_fpr=0.05; val_fpr=nan; macro_tol=0.020,0.665,macro_f1,,,,,,,,,,,,,,,,,,,,,metrics_ablation_splitB.csv,,,,,,,,,,,,,,,,,
B,ranking,ablation,M3_TFIDF_PLUS_FLAGS_PLUS_IBVS_V1_TOTAL,TEST,id,0.8658,0.8318,0.959,0.9044,0.3303,0.5413,0.8165,,,eval_track=ranking; policy=macro_f1; mode=macro_f1; t*=0.665; target_fpr=0.05; val_fpr=nan; macro_tol=0.020,0.665,macro_f1,,,,,,,,,,,,,,,,,,,,,metrics_ablation_splitB.csv,,,,,,,,,,,,,,,,,
B,ranking,ablation,M3_TFIDF_PLUS_FLAGS_PLUS_IBVS_V1_TOTAL,OOD,ood_test,0.6823,0.6822,0.7441,0.7224,0.0495,0.3307,0.4062,,,eval_track=ranking; policy=macro_f1; mode=macro_f1; t*=0.665; target_fpr=0.05; val_fpr=nan; macro_tol=0.020,0.665,macro_f1,,,,,,,,,,,,,,,,,,,,,metrics_ablation_splitB.csv,3.0,0.6186,0.076,0.5689,0.6682,0.0343,0.0386,0.0091,0.0595,0.1465,0.1226,0.0664,0.2266,0.2359,0.1343,0.1482,0.3237
B,ranking,ablation,M3_TFIDF_PLUS_FLAGS_PLUS_IBVS_V1_TOTAL,OOD,ood_test_injection,0.7242,0.703,0.6417,0.7712,0.0059,0.0177,0.0649,,,eval_track=ranking; policy=macro_f1; mode=macro_f1; t*=0.665; target_fpr=0.05; val_fpr=nan; macro_tol=0.020,0.665,macro_f1,,,,,,,,,,,,,,,,,,,,,metrics_ablation_splitB__ood-ood_test_injection.csv,3.0,0.6186,0.076,0.5689,0.6682,0.0343,0.0386,0.0091,0.0595,0.1465,0.1226,0.0664,0.2266,0.2359,0.1343,0.1482,0.3237
B,ranking,ablation,M3_TFIDF_PLUS_FLAGS_PLUS_IBVS_V1_TOTAL,OOD,ood_test_injection_standard,0.6164,0.5665,0.6473,0.6944,0.0176,0.1169,0.2203,,,eval_track=ranking; policy=macro_f1; mode=macro_f1; t*=0.665; target_fpr=0.05; val_fpr=nan; macro_tol=0.020,0.665,macro_f1,,,,,,,,,,,,,,,,,,,,,metrics_ablation_splitB__ood-ood_test_injection_standard.csv,3.0,0.6186,0.076,0.5689,0.6682,0.0343,0.0386,0.0091,0.0595,0.1465,0.1226,0.0664,0.2266,0.2359,0.1343,0.1482,0.3237
B,ranking,ablation,M3_TFIDF_PLUS_FLAGS_PLUS_IBVS_V2_STRUCTURED,VAL,id,0.906,0.8856,0.9421,0.9169,0.0185,0.5185,0.8241,,,eval_track=ranking; policy=macro_f1; mode=macro_f1; t*=0.704; target_fpr=0.05; val_fpr=nan; macro_tol=0.020,0.704,macro_f1,,,,,,,,,,,,,,,,,,,,,metrics_ablation_splitB.csv,,,,,,,,,,,,,,,,,
B,ranking,ablation,M3_TFIDF_PLUS_FLAGS_PLUS_IBVS_V2_STRUCTURED,TEST,id,0.8322,0.7971,0.9686,0.9174,0.4954,0.7339,0.7798,,,eval_track=ranking; policy=macro_f1; mode=macro_f1; t*=0.704; target_fpr=0.05; val_fpr=nan; macro_tol=0.020,0.704,macro_f1,,,,,,,,,,,,,,,,,,,,,metrics_ablation_splitB.csv,,,,,,,,,,,,,,,,,
B,ranking,ablation,M3_TFIDF_PLUS_FLAGS_PLUS_IBVS_V2_STRUCTURED,OOD,ood_test,0.6888,0.6883,0.7584,0.7357,0.1094,0.3177,0.4271,,,eval_track=ranking; policy=macro_f1; mode=macro_f1; t*=0.704; target_fpr=0.05; val_fpr=nan; macro_tol=0.020,0.704,macro_f1,,,,,,,,,,,,,,,,,,,,,metrics_ablation_splitB.csv,3.0,0.5931,0.0848,0.5377,0.6485,0.0412,0.0378,0.0165,0.0659,0.1513,0.1077,0.0809,0.2217,0.2617,0.1302,0.1767,0.3468
B,ranking,ablation,M3_TFIDF_PLUS_FLAGS_PLUS_IBVS_V2_STRUCTURED,OOD,ood_test_injection,0.7434,0.7278,0.6392,0.7644,0.0059,0.0147,0.0767,,,eval_track=ranking; policy=macro_f1; mode=macro_f1; t*=0.704; target_fpr=0.05; val_fpr=nan; macro_tol=0.020,0.704,macro_f1,,,,,,,,,,,,,,,,,,,,,metrics_ablation_splitB__ood-ood_test_injection.csv,3.0,0.5931,0.0848,0.5377,0.6485,0.0412,0.0378,0.0165,0.0659,0.1513,0.1077,0.0809,0.2217,0.2617,0.1302,0.1767,0.3468
B,ranking,ablation,M3_TFIDF_PLUS_FLAGS_PLUS_IBVS_V2_STRUCTURED,OOD,ood_test_injection_standard,0.6214,0.5769,0.654,0.698,0.0236,0.1269,0.2484,,,eval_track=ranking; policy=macro_f1; mode=macro_f1; t*=0.704; target_fpr=0.05; val_fpr=nan; macro_tol=0.020,0.704,macro_f1,,,,,,,,,,,,,,,,,,,,,metrics_ablation_splitB__ood-ood_test_injection_standard.csv,3.0,0.5931,0.0848,0.5377,0.6485,0.0412,0.0378,0.0165,0.0659,0.1513,0.1077,0.0809,0.2217,0.2617,0.1302,0.1767,0.3468
B,ranking,ablation,M3_TFIDF_PLUS_FLAGS_PLUS_IBVS_V2_TOTAL,VAL,id,0.906,0.884,0.9479,0.9164,0.0556,0.5093,0.8519,,,eval_track=ranking; policy=macro_f1; mode=macro_f1; t*=0.625; target_fpr=0.05; val_fpr=nan; macro_tol=0.020,0.625,macro_f1,,,,,,,,,,,,,,,,,,,,,metrics_ablation_splitB.csv,,,,,,,,,,,,,,,,,
B,ranking,ablation,M3_TFIDF_PLUS_FLAGS_PLUS_IBVS_V2_TOTAL,TEST,id,0.8389,0.8039,0.9693,0.9172,0.5872,0.6697,0.8073,,,eval_track=ranking; policy=macro_f1; mode=macro_f1; t*=0.625; target_fpr=0.05; val_fpr=nan; macro_tol=0.020,0.625,macro_f1,,,,,,,,,,,,,,,,,,,,,metrics_ablation_splitB.csv,,,,,,,,,,,,,,,,,
B,ranking,ablation,M3_TFIDF_PLUS_FLAGS_PLUS_IBVS_V2_TOTAL,OOD,ood_test,0.6914,0.6914,0.7556,0.7362,0.099,0.3307,0.4062,,,eval_track=ranking; policy=macro_f1; mode=macro_f1; t*=0.625; target_fpr=0.05; val_fpr=nan; macro_tol=0.020,0.625,macro_f1,,,,,,,,,,,,,,,,,,,,,metrics_ablation_splitB.csv,3.0,0.5965,0.0785,0.5453,0.6478,0.0387,0.0349,0.0159,0.0615,0.1527,0.1158,0.0771,0.2284,0.2459,0.1285,0.1619,0.3299
B,ranking,ablation,M3_TFIDF_PLUS_FLAGS_PLUS_IBVS_V2_TOTAL,OOD,ood_test_injection,0.7227,0.7007,0.661,0.7934,0.0059,0.0147,0.056,,,eval_track=ranking; policy=macro_f1; mode=macro_f1; t*=0.625; target_fpr=0.05; val_fpr=nan; macro_tol=0.020,0.625,macro_f1,,,,,,,,,,,,,,,,,,,,,metrics_ablation_splitB__ood-ood_test_injection.csv,3.0,0.5965,0.0785,0.5453,0.6478,0.0387,0.0349,0.0159,0.0615,0.1527,0.1158,0.0771,0.2284,0.2459,0.1285,0.1619,0.3299
B,ranking,ablation,M3_TFIDF_PLUS_FLAGS_PLUS_IBVS_V2_TOTAL,OOD,ood_test_injection_standard,0.6111,0.557,0.6509,0.6968,0.0206,0.1209,0.2373,,,eval_track=ranking; policy=macro_f1; mode=macro_f1; t*=0.625; target_fpr=0.05; val_fpr=nan; macro_tol=0.020,0.625,macro_f1,,,,,,,,,,,,,,,,,,,,,metrics_ablation_splitB__ood-ood_test_injection_standard.csv,3.0,0.5965,0.0785,0.5453,0.6478,0.0387,0.0349,0.0159,0.0615,0.1527,0.1158,0.0771,0.2284,0.2459,0.1285,0.1619,0.3299
C,deployment_threshold,ablation,M1_TFIDF_ONLY,VAL,id,0.5302,0.53,0.9486,0.8986,0.1468,0.3853,0.8073,,,eval_track=deployment_threshold; policy=low_fpr_enforced; mode=low_fpr_enforced_macro_best; t*=0.983; target_fpr=0.05; val_fpr=0.050; macro_tol=0.020,0.983,low_fpr_enforced_macro_best,0.05,0.02,0.05,1.0,0.0,,,,,,,,,,,,,,,,metrics_ablation_splitC.csv,,,,,,,,,,,,,,,,,
C,deployment_threshold,ablation,M1_TFIDF_ONLY,TEST,id,0.5235,0.5234,0.9583,0.9106,0.1296,0.75,0.7778,,,eval_track=deployment_threshold; policy=low_fpr_enforced; mode=low_fpr_enforced_macro_best; t*=0.983; target_fpr=0.05; val_fpr=0.050; macro_tol=0.020,0.983,low_fpr_enforced_macro_best,0.05,0.02,0.05,1.0,0.0,,,,,,,,,,,,,,,,metrics_ablation_splitC.csv,,,,,,,,,,,,,,,,,
C,deployment_threshold,ablation,M1_TFIDF_ONLY,OOD,ood_test,0.5534,0.4545,0.6992,0.6581,0.0729,0.2682,0.3802,,,eval_track=deployment_threshold; policy=low_fpr_enforced; mode=low_fpr_enforced_macro_best; t*=0.983; target_fpr=0.05; val_fpr=0.050; macro_tol=0.020,0.983,low_fpr_enforced_macro_best,0.05,0.02,0.05,1.0,0.0,,,,,,,,,,,,,,,,metrics_ablation_splitC.csv,3.0,0.6591,0.1403,0.5674,0.7507,0.1272,0.0989,0.0626,0.1918,0.3257,0.1806,0.2077,0.4437,0.4768,0.2174,0.3348,0.6188
C,deployment_threshold,ablation,M1_TFIDF_ONLY,OOD,ood_test_injection,0.7596,0.7517,0.8947,0.9137,0.2065,0.4572,0.7552,,,eval_track=deployment_threshold; policy=low_fpr_enforced; mode=low_fpr_enforced_macro_best; t*=0.983; target_fpr=0.05; val_fpr=0.050; macro_tol=0.020,0.983,low_fpr_enforced_macro_best,0.05,0.02,0.05,1.0,0.0,,,,,,,,,,,,,,,,metrics_ablation_splitC__ood-ood_test_injection.csv,3.0,0.6591,0.1403,0.5674,0.7507,0.1272,0.0989,0.0626,0.1918,0.3257,0.1806,0.2077,0.4437,0.4768,0.2174,0.3348,0.6188
C,deployment_threshold,ablation,M1_TFIDF_ONLY,OOD,ood_test_injection_standard,0.648,0.645,0.6918,0.7326,0.0457,0.156,0.2609,,,eval_track=deployment_threshold; policy=low_fpr_enforced; mode=low_fpr_enforced_macro_best; t*=0.983; target_fpr=0.05; val_fpr=0.050; macro_tol=0.020,0.983,low_fpr_enforced_macro_best,0.05,0.02,0.05,1.0,0.0,,,,,,,,,,,,,,,,metrics_ablation_splitC__ood-ood_test_injection_standard.csv,3.0,0.6591,0.1403,0.5674,0.7507,0.1272,0.0989,0.0626,0.1918,0.3257,0.1806,0.2077,0.4437,0.4768,0.2174,0.3348,0.6188
C,deployment_threshold,ablation,M2_TFIDF_PLUS_FLAGS,VAL,id,0.6711,0.6624,0.9532,0.9163,0.0734,0.5688,0.7706,,,eval_track=deployment_threshold; policy=low_fpr_enforced; mode=low_fpr_enforced_macro_best; t*=0.969; target_fpr=0.05; val_fpr=0.050; macro_tol=0.020,0.969,low_fpr_enforced_macro_best,0.05,0.02,0.05,1.0,0.0,,,,,,,,,,,,,,,,metrics_ablation_splitC.csv,,,,,,,,,,,,,,,,,
C,deployment_threshold,ablation,M2_TFIDF_PLUS_FLAGS,TEST,id,0.651,0.6464,0.9753,0.9467,0.2685,0.8148,0.8981,,,eval_track=deployment_threshold; policy=low_fpr_enforced; mode=low_fpr_enforced_macro_best; t*=0.969; target_fpr=0.05; val_fpr=0.050; macro_tol=0.020,0.969,low_fpr_enforced_macro_best,0.05,0.02,0.05,1.0,0.0,,,,,,,,,,,,,,,,metrics_ablation_splitC.csv,,,,,,,,,,,,,,,,,
C,deployment_threshold,ablation,M2_TFIDF_PLUS_FLAGS,OOD,ood_test,0.6055,0.5531,0.7517,0.7377,0.1042,0.2422,0.401,,,eval_track=deployment_threshold; policy=low_fpr_enforced; mode=low_fpr_enforced_macro_best; t*=0.969; target_fpr=0.05; val_fpr=0.050; macro_tol=0.020,0.969,low_fpr_enforced_macro_best,0.05,0.02,0.05,1.0,0.0,,,,,,,,,,,,,,,,metrics_ablation_splitC.csv,3.0,0.5909,0.0885,0.5331,0.6488,0.0448,0.0496,0.0123,0.0772,0.1346,0.1069,0.0647,0.2044,0.2404,0.1294,0.1559,0.3249
C,deployment_threshold,ablation,M2_TFIDF_PLUS_FLAGS,OOD,ood_test_injection,0.6785,0.675,0.6894,0.7957,0.0147,0.056,0.1416,,,eval_track=deployment_threshold; policy=low_fpr_enforced; mode=low_fpr_enforced_macro_best; t*=0.969; target_fpr=0.05; val_fpr=0.050; macro_tol=0.020,0.969,low_fpr_enforced_macro_best,0.05,0.02,0.05,1.0,0.0,,,,,,,,,,,,,,,,metrics_ablation_splitC__ood-ood_test_injection.csv,3.0,0.5909,0.0885,0.5331,0.6488,0.0448,0.0496,0.0123,0.0772,0.1346,0.1069,0.0647,0.2044,0.2404,0.1294,0.1559,0.3249
C,deployment_threshold,ablation,M2_TFIDF_PLUS_FLAGS,OOD,ood_test_injection_standard,0.6056,0.6049,0.6038,0.6639,0.01,0.0697,0.1631,,,eval_track=deployment_threshold; policy=low_fpr_enforced; mode=low_fpr_enforced_macro_best; t*=0.969; target_fpr=0.05; val_fpr=0.050; macro_tol=0.020,0.969,low_fpr_enforced_macro_best,0.05,0.02,0.05,1.0,0.0,,,,,,,,,,,,,,,,metrics_ablation_splitC__ood-ood_test_injection_standard.csv,3.0,0.5909,0.0885,0.5331,0.6488,0.0448,0.0496,0.0123,0.0772,0.1346,0.1069,0.0647,0.2044,0.2404,0.1294,0.1559,0.3249
C,deployment_threshold,ablation,M3_TFIDF_PLUS_FLAGS_PLUS_IBVS_V1_TOTAL,VAL,id,0.8255,0.8062,0.9645,0.9397,0.0826,0.7798,0.8349,,,eval_track=deployment_threshold; policy=low_fpr_enforced; mode=low_fpr_enforced_macro_best; t*=0.915; target_fpr=0.05; val_fpr=0.050; macro_tol=0.020,0.915,low_fpr_enforced_macro_best,0.05,0.02,0.05,1.0,0.0,,,,,,,,,,,,,,,,metrics_ablation_splitC.csv,,,,,,,,,,,,,,,,,
C,deployment_threshold,ablation,M3_TFIDF_PLUS_FLAGS_PLUS_IBVS_V1_TOTAL,TEST,id,0.7651,0.7522,0.9766,0.9444,0.3611,0.7963,0.8426,,,eval_track=deployment_threshold; policy=low_fpr_enforced; mode=low_fpr_enforced_macro_best; t*=0.915; target_fpr=0.05; val_fpr=0.050; macro_tol=0.020,0.915,low_fpr_enforced_macro_best,0.05,0.02,0.05,1.0,0.0,,,,,,,,,,,,,,,,metrics_ablation_splitC.csv,,,,,,,,,,,,,,,,,
C,deployment_threshold,ablation,M3_TFIDF_PLUS_FLAGS_PLUS_IBVS_V1_TOTAL,OOD,ood_test,0.651,0.6312,0.7407,0.7167,0.0781,0.2969,0.3724,,,eval_track=deployment_threshold; policy=low_fpr_enforced; mode=low_fpr_enforced_macro_best; t*=0.915; target_fpr=0.05; val_fpr=0.050; macro_tol=0.020,0.915,low_fpr_enforced_macro_best,0.05,0.02,0.05,1.0,0.0,,,,,,,,,,,,,,,,metrics_ablation_splitC.csv,3.0,0.5813,0.1477,0.4848,0.6778,0.0343,0.0386,0.0091,0.0595,0.1465,0.1226,0.0664,0.2266,0.2359,0.1343,0.1482,0.3237
C,deployment_threshold,ablation,M3_TFIDF_PLUS_FLAGS_PLUS_IBVS_V1_TOTAL,OOD,ood_test_injection,0.8068,0.8048,0.7026,0.8111,0.0118,0.0649,0.1917,,,eval_track=deployment_threshold; policy=low_fpr_enforced; mode=low_fpr_enforced_macro_best; t*=0.915; target_fpr=0.05; val_fpr=0.050; macro_tol=0.020,0.915,low_fpr_enforced_macro_best,0.05,0.02,0.05,1.0,0.0,,,,,,,,,,,,,,,,metrics_ablation_splitC__ood-ood_test_injection.csv,3.0,0.5813,0.1477,0.4848,0.6778,0.0343,0.0386,0.0091,0.0595,0.1465,0.1226,0.0664,0.2266,0.2359,0.1343,0.1482,0.3237
C,deployment_threshold,ablation,M3_TFIDF_PLUS_FLAGS_PLUS_IBVS_V1_TOTAL,OOD,ood_test_injection_standard,0.6322,0.6255,0.5917,0.6535,0.009,0.0773,0.143,,,eval_track=deployment_threshold; policy=low_fpr_enforced; mode=low_fpr_enforced_macro_best; t*=0.915; target_fpr=0.05; val_fpr=0.050; macro_tol=0.020,0.915,low_fpr_enforced_macro_best,0.05,0.02,0.05,1.0,0.0,,,,,,,,,,,,,,,,metrics_ablation_splitC__ood-ood_test_injection_standard.csv,3.0,0.5813,0.1477,0.4848,0.6778,0.0343,0.0386,0.0091,0.0595,0.1465,0.1226,0.0664,0.2266,0.2359,0.1343,0.1482,0.3237
C,deployment_threshold,ablation,M3_TFIDF_PLUS_FLAGS_PLUS_IBVS_V2_STRUCTURED,VAL,id,0.7315,0.7177,0.9463,0.9126,0.0367,0.6514,0.7248,,,eval_track=deployment_threshold; policy=low_fpr_enforced; mode=low_fpr_enforced_macro_best; t*=0.959; target_fpr=0.05; val_fpr=0.050; macro_tol=0.020,0.959,low_fpr_enforced_macro_best,0.05,0.02,0.05,1.0,0.0,,,,,,,,,,,,,,,,metrics_ablation_splitC.csv,,,,,,,,,,,,,,,,,
C,deployment_threshold,ablation,M3_TFIDF_PLUS_FLAGS_PLUS_IBVS_V2_STRUCTURED,TEST,id,0.6779,0.6713,0.9734,0.9438,0.2315,0.7963,0.8889,,,eval_track=deployment_threshold; policy=low_fpr_enforced; mode=low_fpr_enforced_macro_best; t*=0.959; target_fpr=0.05; val_fpr=0.050; macro_tol=0.020,0.959,low_fpr_enforced_macro_best,0.05,0.02,0.05,1.0,0.0,,,,,,,,,,,,,,,,metrics_ablation_splitC.csv,,,,,,,,,,,,,,,,,
C,deployment_threshold,ablation,M3_TFIDF_PLUS_FLAGS_PLUS_IBVS_V2_STRUCTURED,OOD,ood_test,0.6224,0.5815,0.7488,0.7345,0.0729,0.2396,0.4271,,,eval_track=deployment_threshold; policy=low_fpr_enforced; mode=low_fpr_enforced_macro_best; t*=0.959; target_fpr=0.05; val_fpr=0.050; macro_tol=0.020,0.959,low_fpr_enforced_macro_best,0.05,0.02,0.05,1.0,0.0,,,,,,,,,,,,,,,,metrics_ablation_splitC.csv,3.0,0.6164,0.0852,0.5607,0.6721,0.0412,0.0378,0.0165,0.0659,0.1513,0.1077,0.0809,0.2217,0.2617,0.1302,0.1767,0.3468
C,deployment_threshold,ablation,M3_TFIDF_PLUS_FLAGS_PLUS_IBVS_V2_STRUCTURED,OOD,ood_test_injection,0.7286,0.7284,0.7091,0.8034,0.0206,0.0973,0.2094,,,eval_track=deployment_threshold; policy=low_fpr_enforced; mode=low_fpr_enforced_macro_best; t*=0.959; target_fpr=0.05; val_fpr=0.050; macro_tol=0.020,0.959,low_fpr_enforced_macro_best,0.05,0.02,0.05,1.0,0.0,,,,,,,,,,,,,,,,metrics_ablation_splitC__ood-ood_test_injection.csv,3.0,0.6164,0.0852,0.5607,0.6721,0.0412,0.0378,0.0165,0.0659,0.1513,0.1077,0.0809,0.2217,0.2617,0.1302,0.1767,0.3468
C,deployment_threshold,ablation,M3_TFIDF_PLUS_FLAGS_PLUS_IBVS_V2_STRUCTURED,OOD,ood_test_injection_standard,0.6262,0.6261,0.6294,0.6795,0.0251,0.1024,0.1806,,,eval_track=deployment_threshold; policy=low_fpr_enforced; mode=low_fpr_enforced_macro_best; t*=0.959; target_fpr=0.05; val_fpr=0.050; macro_tol=0.020,0.959,low_fpr_enforced_macro_best,0.05,0.02,0.05,1.0,0.0,,,,,,,,,,,,,,,,metrics_ablation_splitC__ood-ood_test_injection_standard.csv,3.0,0.6164,0.0852,0.5607,0.6721,0.0412,0.0378,0.0165,0.0659,0.1513,0.1077,0.0809,0.2217,0.2617,0.1302,0.1767,0.3468
C,deployment_threshold,ablation,M3_TFIDF_PLUS_FLAGS_PLUS_IBVS_V2_TOTAL,VAL,id,0.6577,0.6501,0.9488,0.9135,0.0459,0.5505,0.7706,,,eval_track=deployment_threshold; policy=low_fpr_enforced; mode=low_fpr_enforced_macro_best; t*=0.972; target_fpr=0.05; val_fpr=0.050; macro_tol=0.020,0.972,low_fpr_enforced_macro_best,0.05,0.02,0.05,1.0,0.0,,,,,,,,,,,,,,,,metrics_ablation_splitC.csv,,,,,,,,,,,,,,,,,
C,deployment_threshold,ablation,M3_TFIDF_PLUS_FLAGS_PLUS_IBVS_V2_TOTAL,TEST,id,0.6174,0.615,0.9703,0.9402,0.1759,0.787,0.8426,,,eval_track=deployment_threshold; policy=low_fpr_enforced; mode=low_fpr_enforced_macro_best; t*=0.972; target_fpr=0.05; val_fpr=0.050; macro_tol=0.020,0.972,low_fpr_enforced_macro_best,0.05,0.02,0.05,1.0,0.0,,,,,,,,,,,,,,,,metrics_ablation_splitC.csv,,,,,,,,,,,,,,,,,
C,deployment_threshold,ablation,M3_TFIDF_PLUS_FLAGS_PLUS_IBVS_V2_TOTAL,OOD,ood_test,0.5951,0.5335,0.7479,0.7323,0.0833,0.2578,0.3906,,,eval_track=deployment_threshold; policy=low_fpr_enforced; mode=low_fpr_enforced_macro_best; t*=0.972; target_fpr=0.05; val_fpr=0.050; macro_tol=0.020,0.972,low_fpr_enforced_macro_best,0.05,0.02,0.05,1.0,0.0,,,,,,,,,,,,,,,,metrics_ablation_splitC.csv,3.0,0.6067,0.0772,0.5562,0.6571,0.0387,0.0349,0.0159,0.0615,0.1527,0.1158,0.0771,0.2284,0.2459,0.1285,0.1619,0.3299
C,deployment_threshold,ablation,M3_TFIDF_PLUS_FLAGS_PLUS_IBVS_V2_TOTAL,OOD,ood_test_injection,0.6932,0.6891,0.7171,0.8119,0.0236,0.0855,0.2183,,,eval_track=deployment_threshold; policy=low_fpr_enforced; mode=low_fpr_enforced_macro_best; t*=0.972; target_fpr=0.05; val_fpr=0.050; macro_tol=0.020,0.972,low_fpr_enforced_macro_best,0.05,0.02,0.05,1.0,0.0,,,,,,,,,,,,,,,,metrics_ablation_splitC__ood-ood_test_injection.csv,3.0,0.6067,0.0772,0.5562,0.6571,0.0387,0.0349,0.0159,0.0615,0.1527,0.1158,0.0771,0.2284,0.2459,0.1285,0.1619,0.3299
C,deployment_threshold,ablation,M3_TFIDF_PLUS_FLAGS_PLUS_IBVS_V2_TOTAL,OOD,ood_test_injection_standard,0.5988,0.5963,0.6123,0.6652,0.0191,0.0948,0.1586,,,eval_track=deployment_threshold; policy=low_fpr_enforced; mode=low_fpr_enforced_macro_best; t*=0.972; target_fpr=0.05; val_fpr=0.050; macro_tol=0.020,0.972,low_fpr_enforced_macro_best,0.05,0.02,0.05,1.0,0.0,,,,,,,,,,,,,,,,metrics_ablation_splitC__ood-ood_test_injection_standard.csv,3.0,0.6067,0.0772,0.5562,0.6571,0.0387,0.0349,0.0159,0.0615,0.1527,0.1158,0.0771,0.2284,0.2459,0.1285,0.1619,0.3299
C,deployment_threshold,hybrid,HYBRID_SEM_ANCHORED_IBVS_BOOST,VAL (HYBRID),id,0.8725,0.8497,0.9822,0.9491,0.7248,0.8257,0.8624,0.9396,0.0604,"variant=anchored_ibvs_boost; tau=(0.40,0.60); alpha=0.25; fallback=M3+IBVSv2; m3_t*=0.959; m3_val_fpr=0.050; gate=tripwire_alert>0 OR interaction_system_hierarchy_spoof_chain>0 OR (hierarchy_override>0 AND system_spoof>0); tuning=id_val_only",,,,,,,,0.959,low_fpr_enforced_macro_best,0.05,True,anchored_ibvs_boost,0.4,0.6,p_sem globally; uncertain boosted toward p_m3 where legacy ibvs gate and delta>0,0.25,tripwire_alert>0 OR interaction_system_hierarchy_spoof_chain>0 OR (hierarchy_override>0 AND system_spoof>0),id_val_only,0.0,0.25,tripwire_alert>0 OR interaction_system_hierarchy_spoof_chain>0 OR (hierarchy_override>0 AND system_spoof>0),none,metrics_hybrid_splitC.csv,,,,,,,,,,,,,,,,,
C,deployment_threshold,hybrid,HYBRID_SEM_ANCHORED_IBVS_BOOST,TEST (HYBRID),id,0.8792,0.8585,0.9817,0.9562,0.5278,0.713,0.9074,0.9128,0.0872,"variant=anchored_ibvs_boost; tau=(0.40,0.60); alpha=0.25; fallback=M3+IBVSv2; m3_t*=0.959; m3_val_fpr=0.050; gate=tripwire_alert>0 OR interaction_system_hierarchy_spoof_chain>0 OR (hierarchy_override>0 AND system_spoof>0); tuning=id_val_only",,,,,,,,0.959,low_fpr_enforced_macro_best,0.05,True,anchored_ibvs_boost,0.4,0.6,p_sem globally; uncertain boosted toward p_m3 where legacy ibvs gate and delta>0,0.25,tripwire_alert>0 OR interaction_system_hierarchy_spoof_chain>0 OR (hierarchy_override>0 AND system_spoof>0),id_val_only,0.0,0.25,tripwire_alert>0 OR interaction_system_hierarchy_spoof_chain>0 OR (hierarchy_override>0 AND system_spoof>0),none,metrics_hybrid_splitC.csv,,,,,,,,,,,,,,,,,
C,deployment_threshold,hybrid,HYBRID_SEM_ANCHORED_IBVS_BOOST,OOD (HYBRID),ood_test,0.7448,0.738,0.8408,0.8336,0.2031,0.4401,0.5625,0.6836,0.3164,"variant=anchored_ibvs_boost; tau=(0.40,0.60); alpha=0.25; fallback=M3+IBVSv2; m3_t*=0.959; m3_val_fpr=0.050; gate=tripwire_alert>0 OR interaction_system_hierarchy_spoof_chain>0 OR (hierarchy_override>0 AND system_spoof>0); tuning=id_val_only",,,,,,,,0.959,low_fpr_enforced_macro_best,0.05,True,anchored_ibvs_boost,0.4,0.6,p_sem globally; uncertain boosted toward p_m3 where legacy ibvs gate and delta>0,0.25,tripwire_alert>0 OR interaction_system_hierarchy_spoof_chain>0 OR (hierarchy_override>0 AND system_spoof>0),id_val_only,0.0,0.25,tripwire_alert>0 OR interaction_system_hierarchy_spoof_chain>0 OR (hierarchy_override>0 AND system_spoof>0),none,metrics_hybrid_splitC.csv,3.0,0.7004,0.046,0.6703,0.7304,0.0876,0.0776,0.0369,0.1383,0.249,0.1398,0.1576,0.3403,0.3683,0.1608,0.2632,0.4734
C,deployment_threshold,hybrid,HYBRID_SEM_ANCHORED_IBVS_BOOST,OOD (HYBRID),ood_test_injection,0.6637,0.6637,0.6486,0.6751,0.0147,0.1357,0.2124,0.6755,0.3245,"variant=anchored_ibvs_boost; tau=(0.40,0.60); alpha=0.25; fallback=M3+IBVSv2; m3_t*=0.959; m3_val_fpr=0.050; gate=tripwire_alert>0 OR interaction_system_hierarchy_spoof_chain>0 OR (hierarchy_override>0 AND system_spoof>0); tuning=id_val_only; ood_name=ood_test_injection",,,,,,,,0.959,low_fpr_enforced_macro_best,0.05,True,anchored_ibvs_boost,0.4,0.6,p_sem globally; uncertain boosted toward p_m3 where legacy ibvs gate and delta>0,0.25,tripwire_alert>0 OR interaction_system_hierarchy_spoof_chain>0 OR (hierarchy_override>0 AND system_spoof>0),id_val_only,0.0,0.25,tripwire_alert>0 OR interaction_system_hierarchy_spoof_chain>0 OR (hierarchy_override>0 AND system_spoof>0),none,metrics_hybrid_splitC__ood-ood_test_injection.csv,3.0,0.7004,0.046,0.6703,0.7304,0.0876,0.0776,0.0369,0.1383,0.249,0.1398,0.1576,0.3403,0.3683,0.1608,0.2632,0.4734
C,deployment_threshold,hybrid,HYBRID_SEM_ANCHORED_IBVS_BOOST,OOD (HYBRID),ood_test_injection_standard,0.7361,0.736,0.7674,0.8028,0.0687,0.2383,0.4114,0.6698,0.3302,"variant=anchored_ibvs_boost; tau=(0.40,0.60); alpha=0.25; fallback=M3+IBVSv2; m3_t*=0.959; m3_val_fpr=0.050; gate=tripwire_alert>0 OR interaction_system_hierarchy_spoof_chain>0 OR (hierarchy_override>0 AND system_spoof>0); tuning=id_val_only; ood_name=ood_test_injection_standard",,,,,,,,0.959,low_fpr_enforced_macro_best,0.05,True,anchored_ibvs_boost,0.4,0.6,p_sem globally; uncertain boosted toward p_m3 where legacy ibvs gate and delta>0,0.25,tripwire_alert>0 OR interaction_system_hierarchy_spoof_chain>0 OR (hierarchy_override>0 AND system_spoof>0),id_val_only,0.0,0.25,tripwire_alert>0 OR interaction_system_hierarchy_spoof_chain>0 OR (hierarchy_override>0 AND system_spoof>0),none,metrics_hybrid_splitC__ood-ood_test_injection_standard.csv,3.0,0.7004,0.046,0.6703,0.7304,0.0876,0.0776,0.0369,0.1383,0.249,0.1398,0.1576,0.3403,0.3683,0.1608,0.2632,0.4734
C,deployment_threshold,hybrid,HYBRID_SEM_ANCHORED_IBVS_BOOST_V2,VAL (HYBRID),id,0.8725,0.8497,0.9822,0.9491,0.7248,0.8257,0.8624,0.9396,0.0604,"variant=anchored_ibvs_boost_v2; tau=(0.40,0.60); alpha=0.25; margin=0.00; calibration=none; fallback=M3+IBVSv2; m3_t*=0.959; m3_val_fpr=0.050; gate=high_specific_risk_anchor>0 OR interaction_harm_evasion>0 OR (harm_domain>0 AND evasion>0) AND benign/meta suppressors are zero; tuning=id_val_only",,,,,,,,0.959,low_fpr_enforced_macro_best,0.05,True,anchored_ibvs_boost_v2,0.4,0.6,p_sem_cal globally; uncertain boosted with relu(delta-margin) on high-specific ibvs gate,0.25,high_specific_risk_anchor>0 OR interaction_harm_evasion>0 OR (harm_domain>0 AND evasion>0) AND benign/meta suppressors are zero,id_val_only,0.0,0.25,high_specific_risk_anchor>0 OR interaction_harm_evasion>0 OR (harm_domain>0 AND evasion>0) AND benign/meta suppressors are zero,none,metrics_hybrid_splitC.csv,,,,,,,,,,,,,,,,,
C,deployment_threshold,hybrid,HYBRID_SEM_ANCHORED_IBVS_BOOST_V2,TEST (HYBRID),id,0.8792,0.8585,0.9817,0.9562,0.5278,0.713,0.9074,0.9128,0.0872,"variant=anchored_ibvs_boost_v2; tau=(0.40,0.60); alpha=0.25; margin=0.00; calibration=none; fallback=M3+IBVSv2; m3_t*=0.959; m3_val_fpr=0.050; gate=high_specific_risk_anchor>0 OR interaction_harm_evasion>0 OR (harm_domain>0 AND evasion>0) AND benign/meta suppressors are zero; tuning=id_val_only",,,,,,,,0.959,low_fpr_enforced_macro_best,0.05,True,anchored_ibvs_boost_v2,0.4,0.6,p_sem_cal globally; uncertain boosted with relu(delta-margin) on high-specific ibvs gate,0.25,high_specific_risk_anchor>0 OR interaction_harm_evasion>0 OR (harm_domain>0 AND evasion>0) AND benign/meta suppressors are zero,id_val_only,0.0,0.25,high_specific_risk_anchor>0 OR interaction_harm_evasion>0 OR (harm_domain>0 AND evasion>0) AND benign/meta suppressors are zero,none,metrics_hybrid_splitC.csv,,,,,,,,,,,,,,,,,
C,deployment_threshold,hybrid,HYBRID_SEM_ANCHORED_IBVS_BOOST_V2,OOD (HYBRID),ood_test,0.7448,0.738,0.8408,0.8336,0.2031,0.4401,0.5625,0.6836,0.3164,"variant=anchored_ibvs_boost_v2; tau=(0.40,0.60); alpha=0.25; margin=0.00; calibration=none; fallback=M3+IBVSv2; m3_t*=0.959; m3_val_fpr=0.050; gate=high_specific_risk_anchor>0 OR interaction_harm_evasion>0 OR (harm_domain>0 AND evasion>0) AND benign/meta suppressors are zero; tuning=id_val_only",,,,,,,,0.959,low_fpr_enforced_macro_best,0.05,True,anchored_ibvs_boost_v2,0.4,0.6,p_sem_cal globally; uncertain boosted with relu(delta-margin) on high-specific ibvs gate,0.25,high_specific_risk_anchor>0 OR interaction_harm_evasion>0 OR (harm_domain>0 AND evasion>0) AND benign/meta suppressors are zero,id_val_only,0.0,0.25,high_specific_risk_anchor>0 OR interaction_harm_evasion>0 OR (harm_domain>0 AND evasion>0) AND benign/meta suppressors are zero,none,metrics_hybrid_splitC.csv,3.0,0.7004,0.046,0.6703,0.7304,0.0876,0.0776,0.0369,0.1383,0.249,0.1398,0.1576,0.3403,0.3683,0.1608,0.2632,0.4734
C,deployment_threshold,hybrid,HYBRID_SEM_ANCHORED_IBVS_BOOST_V2,OOD (HYBRID),ood_test_injection,0.6637,0.6637,0.6497,0.676,0.0147,0.1357,0.2124,0.6755,0.3245,"variant=anchored_ibvs_boost_v2; tau=(0.40,0.60); alpha=0.25; margin=0.00; calibration=none; fallback=M3+IBVSv2; m3_t*=0.959; m3_val_fpr=0.050; gate=high_specific_risk_anchor>0 OR interaction_harm_evasion>0 OR (harm_domain>0 AND evasion>0) AND benign/meta suppressors are zero; tuning=id_val_only; ood_name=ood_test_injection",,,,,,,,0.959,low_fpr_enforced_macro_best,0.05,True,anchored_ibvs_boost_v2,0.4,0.6,p_sem calibrated; uncertain boosted toward calibrated p_m3 when gate and delta>margin,0.25,high_specific_risk_anchor>0 OR interaction_harm_evasion>0 OR (harm_domain>0 AND evasion>0) AND benign/meta suppressors are zero,id_val_only,0.0,0.25,high_specific_risk_anchor>0 OR interaction_harm_evasion>0 OR (harm_domain>0 AND evasion>0) AND benign/meta suppressors are zero,none,metrics_hybrid_splitC__ood-ood_test_injection.csv,3.0,0.7004,0.046,0.6703,0.7304,0.0876,0.0776,0.0369,0.1383,0.249,0.1398,0.1576,0.3403,0.3683,0.1608,0.2632,0.4734
C,deployment_threshold,hybrid,HYBRID_SEM_ANCHORED_IBVS_BOOST_V2,OOD (HYBRID),ood_test_injection_standard,0.7361,0.736,0.7674,0.8028,0.0687,0.2383,0.4114,0.6698,0.3302,"variant=anchored_ibvs_boost_v2; tau=(0.40,0.60); alpha=0.25; margin=0.00; calibration=none; fallback=M3+IBVSv2; m3_t*=0.959; m3_val_fpr=0.050; gate=high_specific_risk_anchor>0 OR interaction_harm_evasion>0 OR (harm_domain>0 AND evasion>0) AND benign/meta suppressors are zero; tuning=id_val_only; ood_name=ood_test_injection_standard",,,,,,,,0.959,low_fpr_enforced_macro_best,0.05,True,anchored_ibvs_boost_v2,0.4,0.6,p_sem calibrated; uncertain boosted toward calibrated p_m3 when gate and delta>margin,0.25,high_specific_risk_anchor>0 OR interaction_harm_evasion>0 OR (harm_domain>0 AND evasion>0) AND benign/meta suppressors are zero,id_val_only,0.0,0.25,high_specific_risk_anchor>0 OR interaction_harm_evasion>0 OR (harm_domain>0 AND evasion>0) AND benign/meta suppressors are zero,none,metrics_hybrid_splitC__ood-ood_test_injection_standard.csv,3.0,0.7004,0.046,0.6703,0.7304,0.0876,0.0776,0.0369,0.1383,0.249,0.1398,0.1576,0.3403,0.3683,0.1608,0.2632,0.4734
C,deployment_threshold,hybrid,HYBRID_SEM_ANCHORED_IBVS_VETO,VAL (HYBRID),id,0.8859,0.8601,0.9822,0.9491,0.7248,0.8257,0.8624,1.0,0.0,"variant=anchored_ibvs_veto_v1; tau=(0.25,0.60); alpha=0.25; veto_margin=0.00; calibration=none; fallback=M3+IBVSv2; m3_t*=0.959; sem_t*=0.407; m3_val_fpr=0.050; gate=high_specific_risk_anchor>0 OR interaction_harm_evasion>0 OR (harm_domain>0 AND evasion>0) AND benign/meta suppressors are zero; tuning=id_val_only",,,,,,,,0.959,low_fpr_enforced_macro_best,0.05,True,anchored_ibvs_veto_v1,0.25,0.6,semantic-anchored uncertain routing; M3 veto-to-block only on high-specific IBVS gate + confidence margin,0.25,high_specific_risk_anchor>0 OR interaction_harm_evasion>0 OR (harm_domain>0 AND evasion>0) AND benign/meta suppressors are zero,id_val_only,0.0,0.25,high_specific_risk_anchor>0 OR interaction_harm_evasion>0 OR (harm_domain>0 AND evasion>0) AND benign/meta suppressors are zero,none,metrics_hybrid_splitC.csv,,,,,,,,,,,,,,,,,
C,deployment_threshold,hybrid,HYBRID_SEM_ANCHORED_IBVS_VETO,TEST (HYBRID),id,0.906,0.8856,0.9817,0.9562,0.5278,0.713,0.9074,1.0,0.0,"variant=anchored_ibvs_veto_v1; tau=(0.25,0.60); alpha=0.25; veto_margin=0.00; calibration=none; fallback=M3+IBVSv2; m3_t*=0.959; sem_t*=0.407; m3_val_fpr=0.050; gate=high_specific_risk_anchor>0 OR interaction_harm_evasion>0 OR (harm_domain>0 AND evasion>0) AND benign/meta suppressors are zero; tuning=id_val_only",,,,,,,,0.959,low_fpr_enforced_macro_best,0.05,True,anchored_ibvs_veto_v1,0.25,0.6,semantic-anchored uncertain routing; M3 veto-to-block only on high-specific IBVS gate + confidence margin,0.25,high_specific_risk_anchor>0 OR interaction_harm_evasion>0 OR (harm_domain>0 AND evasion>0) AND benign/meta suppressors are zero,id_val_only,0.0,0.25,high_specific_risk_anchor>0 OR interaction_harm_evasion>0 OR (harm_domain>0 AND evasion>0) AND benign/meta suppressors are zero,none,metrics_hybrid_splitC.csv,,,,,,,,,,,,,,,,,
C,deployment_threshold,hybrid,HYBRID_SEM_ANCHORED_IBVS_VETO,OOD (HYBRID),ood_test,0.7188,0.717,0.8408,0.8336,0.2031,0.4401,0.5625,1.0,0.0,"variant=anchored_ibvs_veto_v1; tau=(0.25,0.60); alpha=0.25; veto_margin=0.00; calibration=none; fallback=M3+IBVSv2; m3_t*=0.959; sem_t*=0.407; m3_val_fpr=0.050; gate=high_specific_risk_anchor>0 OR interaction_harm_evasion>0 OR (harm_domain>0 AND evasion>0) AND benign/meta suppressors are zero; tuning=id_val_only",,,,,,,,0.959,low_fpr_enforced_macro_best,0.05,True,anchored_ibvs_veto_v1,0.25,0.6,semantic-anchored uncertain routing; M3 veto-to-block only on high-specific IBVS gate + confidence margin,0.25,high_specific_risk_anchor>0 OR interaction_harm_evasion>0 OR (harm_domain>0 AND evasion>0) AND benign/meta suppressors are zero,id_val_only,0.0,0.25,high_specific_risk_anchor>0 OR interaction_harm_evasion>0 OR (harm_domain>0 AND evasion>0) AND benign/meta suppressors are zero,none,metrics_hybrid_splitC.csv,3.0,0.6825,0.0537,0.6474,0.7176,0.0876,0.0776,0.0369,0.1383,0.249,0.1398,0.1576,0.3403,0.3683,0.1608,0.2632,0.4734
C,deployment_threshold,hybrid,HYBRID_SEM_ANCHORED_IBVS_VETO,OOD (HYBRID),ood_test_injection,0.6475,0.6385,0.6486,0.6751,0.0147,0.1357,0.2124,0.9956,0.0044,"variant=anchored_ibvs_veto_v1; tau=(0.25,0.60); alpha=0.25; veto_margin=0.00; calibration=none; fallback=M3+IBVSv2; m3_t*=0.959; sem_t*=0.407; m3_val_fpr=0.050; gate=high_specific_risk_anchor>0 OR interaction_harm_evasion>0 OR (harm_domain>0 AND evasion>0) AND benign/meta suppressors are zero; tuning=id_val_only; ood_name=ood_test_injection",,,,,,,,0.959,low_fpr_enforced_macro_best,0.05,True,anchored_ibvs_veto_v1,0.25,0.6,p_sem calibrated with high-risk veto to semantic high threshold,0.0,high_specific_risk_anchor>0 OR interaction_harm_evasion>0 OR (harm_domain>0 AND evasion>0) AND benign/meta suppressors are zero,id_val_only,0.0,0.0,high_specific_risk_anchor>0 OR interaction_harm_evasion>0 OR (harm_domain>0 AND evasion>0) AND benign/meta suppressors are zero,none,metrics_hybrid_splitC__ood-ood_test_injection.csv,3.0,0.6825,0.0537,0.6474,0.7176,0.0876,0.0776,0.0369,0.1383,0.249,0.1398,0.1576,0.3403,0.3683,0.1608,0.2632,0.4734
C,deployment_threshold,hybrid,HYBRID_SEM_ANCHORED_IBVS_VETO,OOD (HYBRID),ood_test_injection_standard,0.7293,0.7237,0.7674,0.8028,0.0687,0.2383,0.4114,1.0,0.0,"variant=anchored_ibvs_veto_v1; tau=(0.25,0.60); alpha=0.25; veto_margin=0.00; calibration=none; fallback=M3+IBVSv2; m3_t*=0.959; sem_t*=0.407; m3_val_fpr=0.050; gate=high_specific_risk_anchor>0 OR interaction_harm_evasion>0 OR (harm_domain>0 AND evasion>0) AND benign/meta suppressors are zero; tuning=id_val_only; ood_name=ood_test_injection_standard",,,,,,,,0.959,low_fpr_enforced_macro_best,0.05,True,anchored_ibvs_veto_v1,0.25,0.6,p_sem calibrated with high-risk veto to semantic high threshold,0.0,high_specific_risk_anchor>0 OR interaction_harm_evasion>0 OR (harm_domain>0 AND evasion>0) AND benign/meta suppressors are zero,id_val_only,0.0,0.0,high_specific_risk_anchor>0 OR interaction_harm_evasion>0 OR (harm_domain>0 AND evasion>0) AND benign/meta suppressors are zero,none,metrics_hybrid_splitC__ood-ood_test_injection_standard.csv,3.0,0.6825,0.0537,0.6474,0.7176,0.0876,0.0776,0.0369,0.1383,0.249,0.1398,0.1576,0.3403,0.3683,0.1608,0.2632,0.4734
C,deployment_threshold,hybrid,HYBRID_SEM_EXPERT_GATE_M1_M3,VAL (HYBRID),id,0.8725,0.8515,0.9867,0.9674,0.8073,0.8716,0.8899,0.6779,0.3221,"variant=expert_gate_m1_m3_v1; tau=(0.35,0.80); gate_C=0.10; gate_confidence=0.34; calibration=isotonic_val; m1_t*=0.983; m3_t*=0.959; sem_t*=0.407; tuning=id_val_only",,,,,,,,0.959,low_fpr_enforced_macro_best,0.05,True,expert_gate_m1_m3_v1,0.35,0.8,semantic outside uncertain; uncertain expert selected by learned multinomial gate over semantic/m1/m3 + ibvs components,0.0,"features=[p_sem_cal,p_m1_cal,p_m3_cal,delta_m1_sem,delta_m3_sem,delta_m3_m1,abs_delta_m1_sem,abs_delta_m3_sem,abs_delta_m3_m1,ibvs_v2_total,tripwire_alert,high_specific_risk_anchor,interaction_harm_evasion,interaction_system_hierarchy_spoof_chain,harm_domain,evasion,hierarchy_override,system_spoof,procedural,tool_directive,benign_context_suppression,meta_system_discussion_suppression]",id_val_only,0.34,0.1,"features=[p_sem_cal,p_m1_cal,p_m3_cal,delta_m1_sem,delta_m3_sem,delta_m3_m1,abs_delta_m1_sem,abs_delta_m3_sem,abs_delta_m3_m1,ibvs_v2_total,tripwire_alert,high_specific_risk_anchor,interaction_harm_evasion,interaction_system_hierarchy_spoof_chain,harm_domain,evasion,hierarchy_override,system_spoof,procedural,tool_directive,benign_context_suppression,meta_system_discussion_suppression]",isotonic_val,metrics_hybrid_splitC.csv,,,,,,,,,,,,,,,,,
C,deployment_threshold,hybrid,HYBRID_SEM_EXPERT_GATE_M1_M3,TEST (HYBRID),id,0.8926,0.8757,0.9703,0.9441,0.0,0.8056,0.8981,0.6242,0.3758,"variant=expert_gate_m1_m3_v1; tau=(0.35,0.80); gate_C=0.10; gate_confidence=0.34; calibration=isotonic_val; m1_t*=0.983; m3_t*=0.959; sem_t*=0.407; tuning=id_val_only",,,,,,,,0.959,low_fpr_enforced_macro_best,0.05,True,expert_gate_m1_m3_v1,0.35,0.8,semantic outside uncertain; uncertain expert selected by learned multinomial gate over semantic/m1/m3 + ibvs components,0.0,"features=[p_sem_cal,p_m1_cal,p_m3_cal,delta_m1_sem,delta_m3_sem,delta_m3_m1,abs_delta_m1_sem,abs_delta_m3_sem,abs_delta_m3_m1,ibvs_v2_total,tripwire_alert,high_specific_risk_anchor,interaction_harm_evasion,interaction_system_hierarchy_spoof_chain,harm_domain,evasion,hierarchy_override,system_spoof,procedural,tool_directive,benign_context_suppression,meta_system_discussion_suppression]",id_val_only,0.34,0.1,"features=[p_sem_cal,p_m1_cal,p_m3_cal,delta_m1_sem,delta_m3_sem,delta_m3_m1,abs_delta_m1_sem,abs_delta_m3_sem,abs_delta_m3_m1,ibvs_v2_total,tripwire_alert,high_specific_risk_anchor,interaction_harm_evasion,interaction_system_hierarchy_spoof_chain,harm_domain,evasion,hierarchy_override,system_spoof,procedural,tool_directive,benign_context_suppression,meta_system_discussion_suppression]",isotonic_val,metrics_hybrid_splitC.csv,,,,,,,,,,,,,,,,,
C,deployment_threshold,hybrid,HYBRID_SEM_EXPERT_GATE_M1_M3,OOD (HYBRID),ood_test,0.7188,0.7079,0.7798,0.7577,0.0,0.4062,0.5156,0.3945,0.6055,"variant=expert_gate_m1_m3_v1; tau=(0.35,0.80); gate_C=0.10; gate_confidence=0.34; calibration=isotonic_val; m1_t*=0.983; m3_t*=0.959; sem_t*=0.407; tuning=id_val_only",,,,,,,,0.959,low_fpr_enforced_macro_best,0.05,True,expert_gate_m1_m3_v1,0.35,0.8,semantic outside uncertain; uncertain expert selected by learned multinomial gate over semantic/m1/m3 + ibvs components,0.0,"features=[p_sem_cal,p_m1_cal,p_m3_cal,delta_m1_sem,delta_m3_sem,delta_m3_m1,abs_delta_m1_sem,abs_delta_m3_sem,abs_delta_m3_m1,ibvs_v2_total,tripwire_alert,high_specific_risk_anchor,interaction_harm_evasion,interaction_system_hierarchy_spoof_chain,harm_domain,evasion,hierarchy_override,system_spoof,procedural,tool_directive,benign_context_suppression,meta_system_discussion_suppression]",id_val_only,0.34,0.1,"features=[p_sem_cal,p_m1_cal,p_m3_cal,delta_m1_sem,delta_m3_sem,delta_m3_m1,abs_delta_m1_sem,abs_delta_m3_sem,abs_delta_m3_m1,ibvs_v2_total,tripwire_alert,high_specific_risk_anchor,interaction_harm_evasion,interaction_system_hierarchy_spoof_chain,harm_domain,evasion,hierarchy_override,system_spoof,procedural,tool_directive,benign_context_suppression,meta_system_discussion_suppression]",isotonic_val,metrics_hybrid_splitC.csv,3.0,0.7022,0.0394,0.6764,0.7279,0.0,0.0,0.0,0.0,0.0988,0.1566,-0.0035,0.2011,0.2465,0.2219,0.1015,0.3915
C,deployment_threshold,hybrid,HYBRID_SEM_EXPERT_GATE_M1_M3,OOD (HYBRID),ood_test_injection,0.7257,0.7257,0.7,0.7543,0.0,0.0,0.177,0.3068,0.6932,"variant=expert_gate_m1_m3_v1; tau=(0.35,0.80); gate_C=0.10; gate_confidence=0.34; calibration=isotonic_val; m1_t*=0.983; m3_t*=0.959; sem_t*=0.407; tuning=id_val_only; ood_name=ood_test_injection",,,,,,,,0.959,low_fpr_enforced_macro_best,0.05,True,expert_gate_m1_m3_v1,0.35,0.8,learned multinomial gate over semantic/m1/m3 using calibrated scores + ibvs in uncertain band,0.0,"features=[p_sem_cal,p_m1_cal,p_m3_cal,delta_m1_sem,delta_m3_sem,delta_m3_m1,abs_delta_m1_sem,abs_delta_m3_sem,abs_delta_m3_m1,ibvs_v2_total,tripwire_alert,high_specific_risk_anchor,interaction_harm_evasion,interaction_system_hierarchy_spoof_chain,harm_domain,evasion,hierarchy_override,system_spoof,procedural,tool_directive,benign_context_suppression,meta_system_discussion_suppression]",id_val_only,0.34,0.1,"features=[p_sem_cal,p_m1_cal,p_m3_cal,delta_m1_sem,delta_m3_sem,delta_m3_m1,abs_delta_m1_sem,abs_delta_m3_sem,abs_delta_m3_m1,ibvs_v2_total,tripwire_alert,high_specific_risk_anchor,interaction_harm_evasion,interaction_system_hierarchy_spoof_chain,harm_domain,evasion,hierarchy_override,system_spoof,procedural,tool_directive,benign_context_suppression,meta_system_discussion_suppression]",isotonic_val,metrics_hybrid_splitC__ood-ood_test_injection.csv,3.0,0.7022,0.0394,0.6764,0.7279,0.0,0.0,0.0,0.0,0.0988,0.1566,-0.0035,0.2011,0.2465,0.2219,0.1015,0.3915
C,deployment_threshold,hybrid,HYBRID_SEM_EXPERT_GATE_M1_M3,OOD (HYBRID),ood_test_injection_standard,0.7185,0.7172,0.694,0.7409,0.0,0.2067,0.2067,0.3216,0.6784,"variant=expert_gate_m1_m3_v1; tau=(0.35,0.80); gate_C=0.10; gate_confidence=0.34; calibration=isotonic_val; m1_t*=0.983; m3_t*=0.959; sem_t*=0.407; tuning=id_val_only; ood_name=ood_test_injection_standard",,,,,,,,0.959,low_fpr_enforced_macro_best,0.05,True,expert_gate_m1_m3_v1,0.35,0.8,learned multinomial gate over semantic/m1/m3 using calibrated scores + ibvs in uncertain band,0.0,"features=[p_sem_cal,p_m1_cal,p_m3_cal,delta_m1_sem,delta_m3_sem,delta_m3_m1,abs_delta_m1_sem,abs_delta_m3_sem,abs_delta_m3_m1,ibvs_v2_total,tripwire_alert,high_specific_risk_anchor,interaction_harm_evasion,interaction_system_hierarchy_spoof_chain,harm_domain,evasion,hierarchy_override,system_spoof,procedural,tool_directive,benign_context_suppression,meta_system_discussion_suppression]",id_val_only,0.34,0.1,"features=[p_sem_cal,p_m1_cal,p_m3_cal,delta_m1_sem,delta_m3_sem,delta_m3_m1,abs_delta_m1_sem,abs_delta_m3_sem,abs_delta_m3_m1,ibvs_v2_total,tripwire_alert,high_specific_risk_anchor,interaction_harm_evasion,interaction_system_hierarchy_spoof_chain,harm_domain,evasion,hierarchy_override,system_spoof,procedural,tool_directive,benign_context_suppression,meta_system_discussion_suppression]",isotonic_val,metrics_hybrid_splitC__ood-ood_test_injection_standard.csv,3.0,0.7022,0.0394,0.6764,0.7279,0.0,0.0,0.0,0.0,0.0988,0.1566,-0.0035,0.2011,0.2465,0.2219,0.1015,0.3915
C,deployment_threshold,hybrid,HYBRID_SEM_GATE_ELSE_M3_IBVS_V2,VAL (HYBRID),id,0.8725,0.8515,0.9077,0.8897,0.0092,0.1651,0.8807,0.7651,0.2349,"variant=baseline; tau=(0.30,0.70); fallback=M3+IBVSv2; m3_t*=0.959; m3_mode=low_fpr_enforced_macro_best; m3_val_fpr=0.050; score=hybrid_score(p_sem_outside,p_m3_inside_uncertain); tuning=id_val_only",,,,,,,,0.959,low_fpr_enforced_macro_best,0.05,True,baseline,0.3,0.7,p_sem outside uncertain; p_m3 inside uncertain,0.0,tripwire_alert>0 OR interaction_system_hierarchy_spoof_chain>0 OR (hierarchy_override>0 AND system_spoof>0),id_val_only,0.0,0.0,tripwire_alert>0 OR interaction_system_hierarchy_spoof_chain>0 OR (hierarchy_override>0 AND system_spoof>0),none,metrics_hybrid_splitC.csv,,,,,,,,,,,,,,,,,
C,deployment_threshold,hybrid,HYBRID_SEM_GATE_ELSE_M3_IBVS_V2,TEST (HYBRID),id,0.8523,0.8328,0.941,0.9018,0.037,0.537,0.7778,0.7584,0.2416,"variant=baseline; tau=(0.30,0.70); fallback=M3+IBVSv2; m3_t*=0.959; m3_mode=low_fpr_enforced_macro_best; m3_val_fpr=0.050; score=hybrid_score(p_sem_outside,p_m3_inside_uncertain); tuning=id_val_only",,,,,,,,0.959,low_fpr_enforced_macro_best,0.05,True,baseline,0.3,0.7,p_sem outside uncertain; p_m3 inside uncertain,0.0,tripwire_alert>0 OR interaction_system_hierarchy_spoof_chain>0 OR (hierarchy_override>0 AND system_spoof>0),id_val_only,0.0,0.0,tripwire_alert>0 OR interaction_system_hierarchy_spoof_chain>0 OR (hierarchy_override>0 AND system_spoof>0),none,metrics_hybrid_splitC.csv,,,,,,,,,,,,,,,,,
C,deployment_threshold,hybrid,HYBRID_SEM_GATE_ELSE_M3_IBVS_V2,OOD (HYBRID),ood_test,0.7188,0.706,0.7356,0.7297,0.0651,0.2057,0.3438,0.4076,0.5924,"variant=baseline; tau=(0.30,0.70); fallback=M3+IBVSv2; m3_t*=0.959; m3_mode=low_fpr_enforced_macro_best; m3_val_fpr=0.050; score=hybrid_score(p_sem_outside,p_m3_inside_uncertain); tuning=id_val_only",,,,,,,,0.959,low_fpr_enforced_macro_best,0.05,True,baseline,0.3,0.7,p_sem outside uncertain; p_m3 inside uncertain,0.0,tripwire_alert>0 OR interaction_system_hierarchy_spoof_chain>0 OR (hierarchy_override>0 AND system_spoof>0),id_val_only,0.0,0.0,tripwire_alert>0 OR interaction_system_hierarchy_spoof_chain>0 OR (hierarchy_override>0 AND system_spoof>0),none,metrics_hybrid_splitC.csv,3.0,0.6736,0.0588,0.6352,0.712,0.0342,0.0325,0.013,0.0555,0.1149,0.0635,0.0734,0.1564,0.2093,0.0792,0.1575,0.261
C,deployment_threshold,hybrid,HYBRID_SEM_GATE_ELSE_M3_IBVS_V2,OOD (HYBRID),ood_test_injection,0.7006,0.7002,0.683,0.7548,0.0147,0.0944,0.1711,0.3407,0.6593,"variant=baseline; tau=(0.30,0.70); fallback=M3+IBVSv2; m3_t*=0.959; m3_mode=low_fpr_enforced_macro_best; m3_val_fpr=0.050; score=hybrid_score(p_sem_outside,p_m3_inside_uncertain); tuning=id_val_only; ood_name=ood_test_injection",,,,,,,,0.959,low_fpr_enforced_macro_best,0.05,True,baseline,0.3,0.7,p_sem outside uncertain; p_m3 inside uncertain,0.0,tripwire_alert>0 OR interaction_system_hierarchy_spoof_chain>0 OR (hierarchy_override>0 AND system_spoof>0),id_val_only,0.0,0.0,tripwire_alert>0 OR interaction_system_hierarchy_spoof_chain>0 OR (hierarchy_override>0 AND system_spoof>0),none,metrics_hybrid_splitC__ood-ood_test_injection.csv,3.0,0.6736,0.0588,0.6352,0.712,0.0342,0.0325,0.013,0.0555,0.1149,0.0635,0.0734,0.1564,0.2093,0.0792,0.1575,0.261
C,deployment_threshold,hybrid,HYBRID_SEM_GATE_ELSE_M3_IBVS_V2,OOD (HYBRID),ood_test_injection_standard,0.6922,0.6921,0.6226,0.6918,0.0151,0.0838,0.1791,0.3751,0.6249,"variant=baseline; tau=(0.30,0.70); fallback=M3+IBVSv2; m3_t*=0.959; m3_mode=low_fpr_enforced_macro_best; m3_val_fpr=0.050; score=hybrid_score(p_sem_outside,p_m3_inside_uncertain); tuning=id_val_only; ood_name=ood_test_injection_standard",,,,,,,,0.959,low_fpr_enforced_macro_best,0.05,True,baseline,0.3,0.7,p_sem outside uncertain; p_m3 inside uncertain,0.0,tripwire_alert>0 OR interaction_system_hierarchy_spoof_chain>0 OR (hierarchy_override>0 AND system_spoof>0),id_val_only,0.0,0.0,tripwire_alert>0 OR interaction_system_hierarchy_spoof_chain>0 OR (hierarchy_override>0 AND system_spoof>0),none,metrics_hybrid_splitC__ood-ood_test_injection_standard.csv,3.0,0.6736,0.0588,0.6352,0.712,0.0342,0.0325,0.013,0.0555,0.1149,0.0635,0.0734,0.1564,0.2093,0.0792,0.1575,0.261
C,deployment_threshold,hybrid,HYBRID_SEM_LEARNED_META_FUSION,VAL (HYBRID),id,0.8859,0.8638,0.9841,0.9638,0.7615,0.8716,0.8807,0.8054,0.1946,"variant=learned_meta_fusion_v1; tau=(0.40,0.75); meta_C=1.00; meta_threshold=0.50; calibration=isotonic_val; m3_t*=0.959; sem_t*=0.407; tuning=id_val_only",,,,,,,,0.959,low_fpr_enforced_macro_best,0.05,True,learned_meta_fusion_v1,0.4,0.75,"semantic outside uncertain; uncertain scored by learned logistic fusion of semantic, m3, and ibvs components",0.0,"features=[p_sem_cal,p_m3_cal,delta,abs_delta,ibvs_v2_total,tripwire_alert,high_specific_risk_anchor,interaction_harm_evasion,interaction_system_hierarchy_spoof_chain,harm_domain,evasion,hierarchy_override,system_spoof,procedural,tool_directive,benign_context_suppression,meta_system_discussion_suppression]",id_val_only,0.5,1.0,"features=[p_sem_cal,p_m3_cal,delta,abs_delta,ibvs_v2_total,tripwire_alert,high_specific_risk_anchor,interaction_harm_evasion,interaction_system_hierarchy_spoof_chain,harm_domain,evasion,hierarchy_override,system_spoof,procedural,tool_directive,benign_context_suppression,meta_system_discussion_suppression]",isotonic_val,metrics_hybrid_splitC.csv,,,,,,,,,,,,,,,,,
C,deployment_threshold,hybrid,HYBRID_SEM_LEARNED_META_FUSION,TEST (HYBRID),id,0.8859,0.8671,0.9674,0.9381,0.0,0.8056,0.8704,0.7517,0.2483,"variant=learned_meta_fusion_v1; tau=(0.40,0.75); meta_C=1.00; meta_threshold=0.50; calibration=isotonic_val; m3_t*=0.959; sem_t*=0.407; tuning=id_val_only",,,,,,,,0.959,low_fpr_enforced_macro_best,0.05,True,learned_meta_fusion_v1,0.4,0.75,"semantic outside uncertain; uncertain scored by learned logistic fusion of semantic, m3, and ibvs components",0.0,"features=[p_sem_cal,p_m3_cal,delta,abs_delta,ibvs_v2_total,tripwire_alert,high_specific_risk_anchor,interaction_harm_evasion,interaction_system_hierarchy_spoof_chain,harm_domain,evasion,hierarchy_override,system_spoof,procedural,tool_directive,benign_context_suppression,meta_system_discussion_suppression]",id_val_only,0.5,1.0,"features=[p_sem_cal,p_m3_cal,delta,abs_delta,ibvs_v2_total,tripwire_alert,high_specific_risk_anchor,interaction_harm_evasion,interaction_system_hierarchy_spoof_chain,harm_domain,evasion,hierarchy_override,system_spoof,procedural,tool_directive,benign_context_suppression,meta_system_discussion_suppression]",isotonic_val,metrics_hybrid_splitC.csv,,,,,,,,,,,,,,,,,
C,deployment_threshold,hybrid,HYBRID_SEM_LEARNED_META_FUSION,OOD (HYBRID),ood_test,0.75,0.7468,0.8067,0.8103,0.0,0.4427,0.5312,0.5326,0.4674,"variant=learned_meta_fusion_v1; tau=(0.40,0.75); meta_C=1.00; meta_threshold=0.50; calibration=isotonic_val; m3_t*=0.959; sem_t*=0.407; tuning=id_val_only",,,,,,,,0.959,low_fpr_enforced_macro_best,0.05,True,learned_meta_fusion_v1,0.4,0.75,"semantic outside uncertain; uncertain scored by learned logistic fusion of semantic, m3, and ibvs components",0.0,"features=[p_sem_cal,p_m3_cal,delta,abs_delta,ibvs_v2_total,tripwire_alert,high_specific_risk_anchor,interaction_harm_evasion,interaction_system_hierarchy_spoof_chain,harm_domain,evasion,hierarchy_override,system_spoof,procedural,tool_directive,benign_context_suppression,meta_system_discussion_suppression]",id_val_only,0.5,1.0,"features=[p_sem_cal,p_m3_cal,delta,abs_delta,ibvs_v2_total,tripwire_alert,high_specific_risk_anchor,interaction_harm_evasion,interaction_system_hierarchy_spoof_chain,harm_domain,evasion,hierarchy_override,system_spoof,procedural,tool_directive,benign_context_suppression,meta_system_discussion_suppression]",isotonic_val,metrics_hybrid_splitC.csv,3.0,0.7021,0.0511,0.6687,0.7355,0.0137,0.0272,-0.0041,0.0315,0.1745,0.1796,0.0571,0.2918,0.3269,0.2147,0.1867,0.4672
C,deployment_threshold,hybrid,HYBRID_SEM_LEARNED_META_FUSION,OOD (HYBRID),ood_test_injection,0.7109,0.7089,0.6914,0.7456,0.0,0.0,0.2861,0.4218,0.5782,"variant=learned_meta_fusion_v1; tau=(0.40,0.75); meta_C=1.00; meta_threshold=0.50; calibration=isotonic_val; m3_t*=0.959; sem_t*=0.407; tuning=id_val_only; ood_name=ood_test_injection",,,,,,,,0.959,low_fpr_enforced_macro_best,0.05,True,learned_meta_fusion,0.4,0.75,meta logistic over calibrated sem/m3 + ibvs interactions in uncertain band,0.0,"features=[p_sem_cal,p_m3_cal,delta,abs_delta,ibvs_v2_total,tripwire_alert,high_specific_risk_anchor,interaction_harm_evasion,interaction_system_hierarchy_spoof_chain,harm_domain,evasion,hierarchy_override,system_spoof,procedural,tool_directive,benign_context_suppression,meta_system_discussion_suppression]",id_val_only,0.0,0.0,"features=[p_sem_cal,p_m3_cal,delta,abs_delta,ibvs_v2_total,tripwire_alert,high_specific_risk_anchor,interaction_harm_evasion,interaction_system_hierarchy_spoof_chain,harm_domain,evasion,hierarchy_override,system_spoof,procedural,tool_directive,benign_context_suppression,meta_system_discussion_suppression]",isotonic_val,metrics_hybrid_splitC__ood-ood_test_injection.csv,3.0,0.7021,0.0511,0.6687,0.7355,0.0137,0.0272,-0.0041,0.0315,0.1745,0.1796,0.0571,0.2918,0.3269,0.2147,0.1867,0.4672
C,deployment_threshold,hybrid,HYBRID_SEM_LEARNED_META_FUSION,OOD (HYBRID),ood_test_injection_standard,0.7298,0.7269,0.739,0.7831,0.0,0.1957,0.3307,0.4481,0.5519,"variant=learned_meta_fusion_v1; tau=(0.40,0.75); meta_C=1.00; meta_threshold=0.50; calibration=isotonic_val; m3_t*=0.959; sem_t*=0.407; tuning=id_val_only; ood_name=ood_test_injection_standard",,,,,,,,0.959,low_fpr_enforced_macro_best,0.05,True,learned_meta_fusion,0.4,0.75,meta logistic over calibrated sem/m3 + ibvs interactions in uncertain band,0.0,"features=[p_sem_cal,p_m3_cal,delta,abs_delta,ibvs_v2_total,tripwire_alert,high_specific_risk_anchor,interaction_harm_evasion,interaction_system_hierarchy_spoof_chain,harm_domain,evasion,hierarchy_override,system_spoof,procedural,tool_directive,benign_context_suppression,meta_system_discussion_suppression]",id_val_only,0.0,0.0,"features=[p_sem_cal,p_m3_cal,delta,abs_delta,ibvs_v2_total,tripwire_alert,high_specific_risk_anchor,interaction_harm_evasion,interaction_system_hierarchy_spoof_chain,harm_domain,evasion,hierarchy_override,system_spoof,procedural,tool_directive,benign_context_suppression,meta_system_discussion_suppression]",isotonic_val,metrics_hybrid_splitC__ood-ood_test_injection_standard.csv,3.0,0.7021,0.0511,0.6687,0.7355,0.0137,0.0272,-0.0041,0.0315,0.1745,0.1796,0.0571,0.2918,0.3269,0.2147,0.1867,0.4672
C,deployment_threshold,semantic,SEM_LOGREG_BGE,VAL,id,0.8859,0.8601,0.9822,0.9491,0.7248,0.8257,0.8624,,,policy=macro_f1; t*=0.407; val_fpr=0.1500; score=semantic_proba,,,,,,,,,,,,,,,,,,,,,,,metrics_semantic_splitC.csv,,,,,,,,,,,,,,,,,
C,deployment_threshold,semantic,SEM_LOGREG_BGE,TEST,id,0.906,0.8856,0.9817,0.9562,0.5278,0.713,0.9074,,,policy=macro_f1; t*=0.407; val_fpr=0.1500; score=semantic_proba,,,,,,,,,,,,,,,,,,,,,,,metrics_semantic_splitC.csv,,,,,,,,,,,,,,,,,
C,deployment_threshold,semantic,SEM_LOGREG_BGE,OOD,ood_test,0.7188,0.717,0.8408,0.8336,0.2031,0.4401,0.5625,,,policy=macro_f1; t*=0.407; val_fpr=0.1500; score=semantic_proba; ood_name=ood_test,,,,,,,,,,,,,,,,,,,,,,,metrics_semantic_splitC.csv,3.0,0.6822,0.0542,0.6469,0.7176,0.0876,0.0776,0.0369,0.1383,0.249,0.1398,0.1576,0.3403,0.3683,0.1608,0.2632,0.4734
C,deployment_threshold,semantic,SEM_LOGREG_BGE,OOD,ood_test_injection,0.646,0.6371,0.6486,0.6751,0.0147,0.1357,0.2124,,,policy=macro_f1; t*=0.407; val_fpr=0.1500; score=semantic_proba; ood_name=ood_test_injection,,,,,,,,,,,,,,,,,,,,,,,metrics_semantic_splitC__ood-ood_test_injection.csv,3.0,0.6822,0.0542,0.6469,0.7176,0.0876,0.0776,0.0369,0.1383,0.249,0.1398,0.1576,0.3403,0.3683,0.1608,0.2632,0.4734
C,deployment_threshold,semantic,SEM_LOGREG_BGE,OOD,ood_test_injection_standard,0.7293,0.7237,0.7674,0.8028,0.0687,0.2383,0.4114,,,policy=macro_f1; t*=0.407; val_fpr=0.1500; score=semantic_proba; ood_name=ood_test_injection_standard,,,,,,,,,,,,,,,,,,,,,,,metrics_semantic_splitC__ood-ood_test_injection_standard.csv,3.0,0.6822,0.0542,0.6469,0.7176,0.0876,0.0776,0.0369,0.1383,0.249,0.1398,0.1576,0.3403,0.3683,0.1608,0.2632,0.4734
C,ranking,ablation,M1_TFIDF_ONLY,VAL,id,0.8792,0.8508,0.9486,0.8986,0.1468,0.3853,0.8073,,,eval_track=ranking; policy=macro_f1; mode=macro_f1; t*=0.600; target_fpr=0.05; val_fpr=nan; macro_tol=0.020,0.6,macro_f1,,,,,,,,,,,,,,,,,,,,,metrics_ablation_splitC.csv,,,,,,,,,,,,,,,,,
C,ranking,ablation,M1_TFIDF_ONLY,TEST,id,0.8591,0.8318,0.9583,0.9106,0.1296,0.75,0.7778,,,eval_track=ranking; policy=macro_f1; mode=macro_f1; t*=0.600; target_fpr=0.05; val_fpr=nan; macro_tol=0.020,0.6,macro_f1,,,,,,,,,,,,,,,,,,,,,metrics_ablation_splitC.csv,,,,,,,,,,,,,,,,,
C,ranking,ablation,M1_TFIDF_ONLY,OOD,ood_test,0.6354,0.635,0.6992,0.6581,0.0729,0.2682,0.3802,,,eval_track=ranking; policy=macro_f1; mode=macro_f1; t*=0.600; target_fpr=0.05; val_fpr=nan; macro_tol=0.020,0.6,macro_f1,,,,,,,,,,,,,,,,,,,,,metrics_ablation_splitC.csv,3.0,0.649,0.0747,0.6002,0.6979,0.1272,0.0989,0.0626,0.1918,0.3257,0.1806,0.2077,0.4437,0.4768,0.2174,0.3348,0.6188
C,ranking,ablation,M1_TFIDF_ONLY,OOD,ood_test_injection,0.7714,0.7611,0.8947,0.9137,0.2065,0.4572,0.7552,,,eval_track=ranking; policy=macro_f1; mode=macro_f1; t*=0.600; target_fpr=0.05; val_fpr=nan; macro_tol=0.020,0.6,macro_f1,,,,,,,,,,,,,,,,,,,,,metrics_ablation_splitC__ood-ood_test_injection.csv,3.0,0.649,0.0747,0.6002,0.6979,0.1272,0.0989,0.0626,0.1918,0.3257,0.1806,0.2077,0.4437,0.4768,0.2174,0.3348,0.6188
C,ranking,ablation,M1_TFIDF_ONLY,OOD,ood_test_injection_standard,0.646,0.6137,0.6918,0.7326,0.0457,0.156,0.2609,,,eval_track=ranking; policy=macro_f1; mode=macro_f1; t*=0.600; target_fpr=0.05; val_fpr=nan; macro_tol=0.020,0.6,macro_f1,,,,,,,,,,,,,,,,,,,,,metrics_ablation_splitC__ood-ood_test_injection_standard.csv,3.0,0.649,0.0747,0.6002,0.6979,0.1272,0.0989,0.0626,0.1918,0.3257,0.1806,0.2077,0.4437,0.4768,0.2174,0.3348,0.6188
C,ranking,ablation,M2_TFIDF_PLUS_FLAGS,VAL,id,0.8993,0.8613,0.9532,0.9163,0.0734,0.5688,0.7706,,,eval_track=ranking; policy=macro_f1; mode=macro_f1; t*=0.176; target_fpr=0.05; val_fpr=nan; macro_tol=0.020,0.176,macro_f1,,,,,,,,,,,,,,,,,,,,,metrics_ablation_splitC.csv,,,,,,,,,,,,,,,,,
C,ranking,ablation,M2_TFIDF_PLUS_FLAGS,TEST,id,0.8792,0.8352,0.9753,0.9467,0.2685,0.8148,0.8981,,,eval_track=ranking; policy=macro_f1; mode=macro_f1; t*=0.176; target_fpr=0.05; val_fpr=nan; macro_tol=0.020,0.176,macro_f1,,,,,,,,,,,,,,,,,,,,,metrics_ablation_splitC.csv,,,,,,,,,,,,,,,,,
C,ranking,ablation,M2_TFIDF_PLUS_FLAGS,OOD,ood_test,0.6185,0.5986,0.7517,0.7377,0.1042,0.2422,0.401,,,eval_track=ranking; policy=macro_f1; mode=macro_f1; t*=0.176; target_fpr=0.05; val_fpr=nan; macro_tol=0.020,0.176,macro_f1,,,,,,,,,,,,,,,,,,,,,metrics_ablation_splitC.csv,3.0,0.5902,0.0812,0.5371,0.6433,0.0448,0.0496,0.0123,0.0772,0.1346,0.1069,0.0647,0.2044,0.2404,0.1294,0.1559,0.3249
C,ranking,ablation,M2_TFIDF_PLUS_FLAGS,OOD,ood_test_injection,0.6386,0.5844,0.6894,0.7957,0.0147,0.056,0.1416,,,eval_track=ranking; policy=macro_f1; mode=macro_f1; t*=0.176; target_fpr=0.05; val_fpr=nan; macro_tol=0.020,0.176,macro_f1,,,,,,,,,,,,,,,,,,,,,metrics_ablation_splitC__ood-ood_test_injection.csv,3.0,0.5902,0.0812,0.5371,0.6433,0.0448,0.0496,0.0123,0.0772,0.1346,0.1069,0.0647,0.2044,0.2404,0.1294,0.1559,0.3249
C,ranking,ablation,M2_TFIDF_PLUS_FLAGS,OOD,ood_test_injection_standard,0.5705,0.4814,0.6038,0.6639,0.01,0.0697,0.1631,,,eval_track=ranking; policy=macro_f1; mode=macro_f1; t*=0.176; target_fpr=0.05; val_fpr=nan; macro_tol=0.020,0.176,macro_f1,,,,,,,,,,,,,,,,,,,,,metrics_ablation_splitC__ood-ood_test_injection_standard.csv,3.0,0.5902,0.0812,0.5371,0.6433,0.0448,0.0496,0.0123,0.0772,0.1346,0.1069,0.0647,0.2044,0.2404,0.1294,0.1559,0.3249
C,ranking,ablation,M3_TFIDF_PLUS_FLAGS_PLUS_IBVS_V1_TOTAL,VAL,id,0.906,0.8804,0.9645,0.9397,0.0826,0.7798,0.8349,,,eval_track=ranking; policy=macro_f1; mode=macro_f1; t*=0.523; target_fpr=0.05; val_fpr=nan; macro_tol=0.020,0.523,macro_f1,,,,,,,,,,,,,,,,,,,,,metrics_ablation_splitC.csv,,,,,,,,,,,,,,,,,
C,ranking,ablation,M3_TFIDF_PLUS_FLAGS_PLUS_IBVS_V1_TOTAL,TEST,id,0.8859,0.8581,0.9766,0.9444,0.3611,0.7963,0.8426,,,eval_track=ranking; policy=macro_f1; mode=macro_f1; t*=0.523; target_fpr=0.05; val_fpr=nan; macro_tol=0.020,0.523,macro_f1,,,,,,,,,,,,,,,,,,,,,metrics_ablation_splitC.csv,,,,,,,,,,,,,,,,,
C,ranking,ablation,M3_TFIDF_PLUS_FLAGS_PLUS_IBVS_V1_TOTAL,OOD,ood_test,0.6667,0.6654,0.7407,0.7167,0.0781,0.2969,0.3724,,,eval_track=ranking; policy=macro_f1; mode=macro_f1; t*=0.523; target_fpr=0.05; val_fpr=nan; macro_tol=0.020,0.523,macro_f1,,,,,,,,,,,,,,,,,,,,,metrics_ablation_splitC.csv,3.0,0.6186,0.076,0.5689,0.6682,0.0343,0.0386,0.0091,0.0595,0.1465,0.1226,0.0664,0.2266,0.2359,0.1343,0.1482,0.3237
C,ranking,ablation,M3_TFIDF_PLUS_FLAGS_PLUS_IBVS_V1_TOTAL,OOD,ood_test_injection,0.7168,0.6927,0.7026,0.8111,0.0118,0.0649,0.1917,,,eval_track=ranking; policy=macro_f1; mode=macro_f1; t*=0.523; target_fpr=0.05; val_fpr=nan; macro_tol=0.020,0.523,macro_f1,,,,,,,,,,,,,,,,,,,,,metrics_ablation_splitC__ood-ood_test_injection.csv,3.0,0.6186,0.076,0.5689,0.6682,0.0343,0.0386,0.0091,0.0595,0.1465,0.1226,0.0664,0.2266,0.2359,0.1343,0.1482,0.3237
C,ranking,ablation,M3_TFIDF_PLUS_FLAGS_PLUS_IBVS_V1_TOTAL,OOD,ood_test_injection_standard,0.6021,0.5441,0.5917,0.6535,0.009,0.0773,0.143,,,eval_track=ranking; policy=macro_f1; mode=macro_f1; t*=0.523; target_fpr=0.05; val_fpr=nan; macro_tol=0.020,0.523,macro_f1,,,,,,,,,,,,,,,,,,,,,metrics_ablation_splitC__ood-ood_test_injection_standard.csv,3.0,0.6186,0.076,0.5689,0.6682,0.0343,0.0386,0.0091,0.0595,0.1465,0.1226,0.0664,0.2266,0.2359,0.1343,0.1482,0.3237
C,ranking,ablation,M3_TFIDF_PLUS_FLAGS_PLUS_IBVS_V2_STRUCTURED,VAL,id,0.8993,0.8613,0.9463,0.9126,0.0367,0.6514,0.7248,,,eval_track=ranking; policy=macro_f1; mode=macro_f1; t*=0.174; target_fpr=0.05; val_fpr=nan; macro_tol=0.020,0.174,macro_f1,,,,,,,,,,,,,,,,,,,,,metrics_ablation_splitC.csv,,,,,,,,,,,,,,,,,
C,ranking,ablation,M3_TFIDF_PLUS_FLAGS_PLUS_IBVS_V2_STRUCTURED,TEST,id,0.8859,0.8428,0.9734,0.9438,0.2315,0.7963,0.8889,,,eval_track=ranking; policy=macro_f1; mode=macro_f1; t*=0.174; target_fpr=0.05; val_fpr=nan; macro_tol=0.020,0.174,macro_f1,,,,,,,,,,,,,,,,,,,,,metrics_ablation_splitC.csv,,,,,,,,,,,,,,,,,
C,ranking,ablation,M3_TFIDF_PLUS_FLAGS_PLUS_IBVS_V2_STRUCTURED,OOD,ood_test,0.6185,0.6,0.7488,0.7345,0.0729,0.2396,0.4271,,,eval_track=ranking; policy=macro_f1; mode=macro_f1; t*=0.174; target_fpr=0.05; val_fpr=nan; macro_tol=0.020,0.174,macro_f1,,,,,,,,,,,,,,,,,,,,,metrics_ablation_splitC.csv,3.0,0.5931,0.0848,0.5377,0.6485,0.0412,0.0378,0.0165,0.0659,0.1513,0.1077,0.0809,0.2217,0.2617,0.1302,0.1767,0.3468
C,ranking,ablation,M3_TFIDF_PLUS_FLAGS_PLUS_IBVS_V2_STRUCTURED,OOD,ood_test_injection,0.6416,0.5888,0.7091,0.8034,0.0206,0.0973,0.2094,,,eval_track=ranking; policy=macro_f1; mode=macro_f1; t*=0.174; target_fpr=0.05; val_fpr=nan; macro_tol=0.020,0.174,macro_f1,,,,,,,,,,,,,,,,,,,,,metrics_ablation_splitC__ood-ood_test_injection.csv,3.0,0.5931,0.0848,0.5377,0.6485,0.0412,0.0378,0.0165,0.0659,0.1513,0.1077,0.0809,0.2217,0.2617,0.1302,0.1767,0.3468
C,ranking,ablation,M3_TFIDF_PLUS_FLAGS_PLUS_IBVS_V2_STRUCTURED,OOD,ood_test_injection_standard,0.569,0.4788,0.6294,0.6795,0.0251,0.1024,0.1806,,,eval_track=ranking; policy=macro_f1; mode=macro_f1; t*=0.174; target_fpr=0.05; val_fpr=nan; macro_tol=0.020,0.174,macro_f1,,,,,,,,,,,,,,,,,,,,,metrics_ablation_splitC__ood-ood_test_injection_standard.csv,3.0,0.5931,0.0848,0.5377,0.6485,0.0412,0.0378,0.0165,0.0659,0.1513,0.1077,0.0809,0.2217,0.2617,0.1302,0.1767,0.3468
C,ranking,ablation,M3_TFIDF_PLUS_FLAGS_PLUS_IBVS_V2_TOTAL,VAL,id,0.8993,0.8639,0.9488,0.9135,0.0459,0.5505,0.7706,,,eval_track=ranking; policy=macro_f1; mode=macro_f1; t*=0.244; target_fpr=0.05; val_fpr=nan; macro_tol=0.020,0.244,macro_f1,,,,,,,,,,,,,,,,,,,,,metrics_ablation_splitC.csv,,,,,,,,,,,,,,,,,
C,ranking,ablation,M3_TFIDF_PLUS_FLAGS_PLUS_IBVS_V2_TOTAL,TEST,id,0.8859,0.8458,0.9703,0.9402,0.1759,0.787,0.8426,,,eval_track=ranking; policy=macro_f1; mode=macro_f1; t*=0.244; target_fpr=0.05; val_fpr=nan; macro_tol=0.020,0.244,macro_f1,,,,,,,,,,,,,,,,,,,,,metrics_ablation_splitC.csv,,,,,,,,,,,,,,,,,
C,ranking,ablation,M3_TFIDF_PLUS_FLAGS_PLUS_IBVS_V2_TOTAL,OOD,ood_test,0.6419,0.6305,0.7479,0.7323,0.0833,0.2578,0.3906,,,eval_track=ranking; policy=macro_f1; mode=macro_f1; t*=0.244; target_fpr=0.05; val_fpr=nan; macro_tol=0.020,0.244,macro_f1,,,,,,,,,,,,,,,,,,,,,metrics_ablation_splitC.csv,3.0,0.5965,0.0785,0.5453,0.6478,0.0387,0.0349,0.0159,0.0615,0.1527,0.1158,0.0771,0.2284,0.2459,0.1285,0.1619,0.3299
C,ranking,ablation,M3_TFIDF_PLUS_FLAGS_PLUS_IBVS_V2_TOTAL,OOD,ood_test_injection,0.6593,0.6145,0.7171,0.8119,0.0236,0.0855,0.2183,,,eval_track=ranking; policy=macro_f1; mode=macro_f1; t*=0.244; target_fpr=0.05; val_fpr=nan; macro_tol=0.020,0.244,macro_f1,,,,,,,,,,,,,,,,,,,,,metrics_ablation_splitC__ood-ood_test_injection.csv,3.0,0.5965,0.0785,0.5453,0.6478,0.0387,0.0349,0.0159,0.0615,0.1527,0.1158,0.0771,0.2284,0.2459,0.1285,0.1619,0.3299
C,ranking,ablation,M3_TFIDF_PLUS_FLAGS_PLUS_IBVS_V2_TOTAL,OOD,ood_test_injection_standard,0.5763,0.4945,0.6123,0.6652,0.0191,0.0948,0.1586,,,eval_track=ranking; policy=macro_f1; mode=macro_f1; t*=0.244; target_fpr=0.05; val_fpr=nan; macro_tol=0.020,0.244,macro_f1,,,,,,,,,,,,,,,,,,,,,metrics_ablation_splitC__ood-ood_test_injection_standard.csv,3.0,0.5965,0.0785,0.5453,0.6478,0.0387,0.0349,0.0159,0.0615,0.1527,0.1158,0.0771,0.2284,0.2459,0.1285,0.1619,0.3299
