split_tag,experiment,model,eval_track,slice_stage,ood_name,bin_family,bin_label,bin_count,bin_positive_count,bin_negative_count,acc,macro_f1,auc_pr,roc_auc,tpr_at_1pct_fpr,tpr_at_5pct_fpr,tpr_at_10pct_fpr,evasion_rate,token_count_median,token_count_mean,lexical_ttr_median,avg_token_len_median,source_file,threshold_note,split,semantic_coverage,defer_rate
A,ablation,M1_TFIDF_ONLY,deployment_threshold,OOD,,complexity_bin,complex_q1,192,79,113,0.6458,0.5516,0.6522,0.6854,0.0886,0.1519,0.4177,0.7722,11.5,13.8854,0.8824,4.7042,metrics_ablation_bins_splitA.csv,bin_eval=complexity_bin:complex_q1; stage=OOD; eval_track=deployment_threshold; n_total=192; n_pos=79; n_neg=113,OOD_BIN_COMPLEXITY_BIN_COMPLEX_Q1,,
A,ablation,M1_TFIDF_ONLY,deployment_threshold,OOD,ood_test_injection,complexity_bin,complex_q1,170,86,84,0.9529,0.9529,1.0,1.0,1.0,1.0,1.0,0.093,118.0,169.2,0.4788,5.0368,metrics_ablation_bins_splitA__ood-ood_test_injection.csv,bin_eval=complexity_bin:complex_q1; stage=OOD; eval_track=deployment_threshold; n_total=170; n_pos=86; n_neg=84; ood_name=ood_test_injection,OOD_BIN_COMPLEXITY_BIN_COMPLEX_Q1,,
A,ablation,M1_TFIDF_ONLY,deployment_threshold,OOD,ood_test_injection_standard,complexity_bin,complex_q1,997,722,275,0.7121,0.5306,0.7724,0.5812,0.0277,0.0803,0.1233,0.0789,214.0,263.4042,0.5877,4.9834,metrics_ablation_bins_splitA__ood-ood_test_injection_standard.csv,bin_eval=complexity_bin:complex_q1; stage=OOD; eval_track=deployment_threshold; n_total=997; n_pos=722; n_neg=275; ood_name=ood_test_injection_standard,OOD_BIN_COMPLEXITY_BIN_COMPLEX_Q1,,
A,ablation,M1_TFIDF_ONLY,ranking,OOD,,complexity_bin,complex_q1,192,79,113,0.6302,0.6302,0.6522,0.6854,0.0886,0.1519,0.4177,0.2278,11.5,13.8854,0.8824,4.7042,metrics_ablation_bins_splitA.csv,bin_eval=complexity_bin:complex_q1; stage=OOD; eval_track=ranking; n_total=192; n_pos=79; n_neg=113,OOD_BIN_COMPLEXITY_BIN_COMPLEX_Q1,,
A,ablation,M1_TFIDF_ONLY,ranking,OOD,ood_test_injection,complexity_bin,complex_q1,170,86,84,1.0,1.0,1.0,1.0,1.0,1.0,1.0,0.0,118.0,169.2,0.4788,5.0368,metrics_ablation_bins_splitA__ood-ood_test_injection.csv,bin_eval=complexity_bin:complex_q1; stage=OOD; eval_track=ranking; n_total=170; n_pos=86; n_neg=84; ood_name=ood_test_injection,OOD_BIN_COMPLEXITY_BIN_COMPLEX_Q1,,
A,ablation,M1_TFIDF_ONLY,ranking,OOD,ood_test_injection_standard,complexity_bin,complex_q1,997,722,275,0.7272,0.4383,0.7724,0.5812,0.0277,0.0803,0.1233,0.0028,214.0,263.4042,0.5877,4.9834,metrics_ablation_bins_splitA__ood-ood_test_injection_standard.csv,bin_eval=complexity_bin:complex_q1; stage=OOD; eval_track=ranking; n_total=997; n_pos=722; n_neg=275; ood_name=ood_test_injection_standard,OOD_BIN_COMPLEXITY_BIN_COMPLEX_Q1,,
A,ablation,M2_TFIDF_PLUS_FLAGS,deployment_threshold,OOD,,complexity_bin,complex_q1,192,79,113,0.6979,0.6602,0.6791,0.7172,0.1392,0.2405,0.3165,0.557,11.5,13.8854,0.8824,4.7042,metrics_ablation_bins_splitA.csv,bin_eval=complexity_bin:complex_q1; stage=OOD; eval_track=deployment_threshold; n_total=192; n_pos=79; n_neg=113,OOD_BIN_COMPLEXITY_BIN_COMPLEX_Q1,,
A,ablation,M2_TFIDF_PLUS_FLAGS,deployment_threshold,OOD,ood_test_injection,complexity_bin,complex_q1,170,86,84,0.9294,0.9292,0.9996,0.9996,0.9651,1.0,1.0,0.1395,118.0,169.2,0.4788,5.0368,metrics_ablation_bins_splitA__ood-ood_test_injection.csv,bin_eval=complexity_bin:complex_q1; stage=OOD; eval_track=deployment_threshold; n_total=170; n_pos=86; n_neg=84; ood_name=ood_test_injection,OOD_BIN_COMPLEXITY_BIN_COMPLEX_Q1,,
A,ablation,M2_TFIDF_PLUS_FLAGS,deployment_threshold,OOD,ood_test_injection_standard,complexity_bin,complex_q1,997,722,275,0.6359,0.5082,0.7267,0.5068,0.0055,0.0512,0.0928,0.2091,214.0,263.4042,0.5877,4.9834,metrics_ablation_bins_splitA__ood-ood_test_injection_standard.csv,bin_eval=complexity_bin:complex_q1; stage=OOD; eval_track=deployment_threshold; n_total=997; n_pos=722; n_neg=275; ood_name=ood_test_injection_standard,OOD_BIN_COMPLEXITY_BIN_COMPLEX_Q1,,
A,ablation,M2_TFIDF_PLUS_FLAGS,ranking,OOD,,complexity_bin,complex_q1,192,79,113,0.5312,0.5179,0.6791,0.7172,0.1392,0.2405,0.3165,0.1519,11.5,13.8854,0.8824,4.7042,metrics_ablation_bins_splitA.csv,bin_eval=complexity_bin:complex_q1; stage=OOD; eval_track=ranking; n_total=192; n_pos=79; n_neg=113,OOD_BIN_COMPLEXITY_BIN_COMPLEX_Q1,,
A,ablation,M2_TFIDF_PLUS_FLAGS,ranking,OOD,ood_test_injection,complexity_bin,complex_q1,170,86,84,0.9882,0.9882,0.9996,0.9996,0.9651,1.0,1.0,0.0,118.0,169.2,0.4788,5.0368,metrics_ablation_bins_splitA__ood-ood_test_injection.csv,bin_eval=complexity_bin:complex_q1; stage=OOD; eval_track=ranking; n_total=170; n_pos=86; n_neg=84; ood_name=ood_test_injection,OOD_BIN_COMPLEXITY_BIN_COMPLEX_Q1,,
A,ablation,M2_TFIDF_PLUS_FLAGS,ranking,OOD,ood_test_injection_standard,complexity_bin,complex_q1,997,722,275,0.7242,0.42,0.7267,0.5068,0.0055,0.0512,0.0928,0.0,214.0,263.4042,0.5877,4.9834,metrics_ablation_bins_splitA__ood-ood_test_injection_standard.csv,bin_eval=complexity_bin:complex_q1; stage=OOD; eval_track=ranking; n_total=997; n_pos=722; n_neg=275; ood_name=ood_test_injection_standard,OOD_BIN_COMPLEXITY_BIN_COMPLEX_Q1,,
A,ablation,M3_TFIDF_PLUS_FLAGS_PLUS_IBVS_V1_TOTAL,deployment_threshold,OOD,,complexity_bin,complex_q1,192,79,113,0.6771,0.6276,0.6887,0.7158,0.2025,0.2658,0.3291,0.6203,11.5,13.8854,0.8824,4.7042,metrics_ablation_bins_splitA.csv,bin_eval=complexity_bin:complex_q1; stage=OOD; eval_track=deployment_threshold; n_total=192; n_pos=79; n_neg=113,OOD_BIN_COMPLEXITY_BIN_COMPLEX_Q1,,
A,ablation,M3_TFIDF_PLUS_FLAGS_PLUS_IBVS_V1_TOTAL,deployment_threshold,OOD,ood_test_injection,complexity_bin,complex_q1,170,86,84,0.8765,0.8749,0.9993,0.9993,0.9651,1.0,1.0,0.2442,118.0,169.2,0.4788,5.0368,metrics_ablation_bins_splitA__ood-ood_test_injection.csv,bin_eval=complexity_bin:complex_q1; stage=OOD; eval_track=deployment_threshold; n_total=170; n_pos=86; n_neg=84; ood_name=ood_test_injection,OOD_BIN_COMPLEXITY_BIN_COMPLEX_Q1,,
A,ablation,M3_TFIDF_PLUS_FLAGS_PLUS_IBVS_V1_TOTAL,deployment_threshold,OOD,ood_test_injection_standard,complexity_bin,complex_q1,997,722,275,0.6349,0.5217,0.7545,0.5527,0.0069,0.0471,0.1247,0.2258,214.0,263.4042,0.5877,4.9834,metrics_ablation_bins_splitA__ood-ood_test_injection_standard.csv,bin_eval=complexity_bin:complex_q1; stage=OOD; eval_track=deployment_threshold; n_total=997; n_pos=722; n_neg=275; ood_name=ood_test_injection_standard,OOD_BIN_COMPLEXITY_BIN_COMPLEX_Q1,,
A,ablation,M3_TFIDF_PLUS_FLAGS_PLUS_IBVS_V1_TOTAL,ranking,OOD,,complexity_bin,complex_q1,192,79,113,0.5781,0.574,0.6887,0.7158,0.2025,0.2658,0.3291,0.1772,11.5,13.8854,0.8824,4.7042,metrics_ablation_bins_splitA.csv,bin_eval=complexity_bin:complex_q1; stage=OOD; eval_track=ranking; n_total=192; n_pos=79; n_neg=113,OOD_BIN_COMPLEXITY_BIN_COMPLEX_Q1,,
A,ablation,M3_TFIDF_PLUS_FLAGS_PLUS_IBVS_V1_TOTAL,ranking,OOD,ood_test_injection,complexity_bin,complex_q1,170,86,84,0.9824,0.9823,0.9993,0.9993,0.9651,1.0,1.0,0.0116,118.0,169.2,0.4788,5.0368,metrics_ablation_bins_splitA__ood-ood_test_injection.csv,bin_eval=complexity_bin:complex_q1; stage=OOD; eval_track=ranking; n_total=170; n_pos=86; n_neg=84; ood_name=ood_test_injection,OOD_BIN_COMPLEXITY_BIN_COMPLEX_Q1,,
A,ablation,M3_TFIDF_PLUS_FLAGS_PLUS_IBVS_V1_TOTAL,ranking,OOD,ood_test_injection_standard,complexity_bin,complex_q1,997,722,275,0.7252,0.4239,0.7545,0.5527,0.0069,0.0471,0.1247,0.0,214.0,263.4042,0.5877,4.9834,metrics_ablation_bins_splitA__ood-ood_test_injection_standard.csv,bin_eval=complexity_bin:complex_q1; stage=OOD; eval_track=ranking; n_total=997; n_pos=722; n_neg=275; ood_name=ood_test_injection_standard,OOD_BIN_COMPLEXITY_BIN_COMPLEX_Q1,,
A,ablation,M3_TFIDF_PLUS_FLAGS_PLUS_IBVS_V2_STRUCTURED,deployment_threshold,OOD,,complexity_bin,complex_q1,192,79,113,0.7135,0.6899,0.6767,0.7107,0.1139,0.2785,0.3797,0.4684,11.5,13.8854,0.8824,4.7042,metrics_ablation_bins_splitA.csv,bin_eval=complexity_bin:complex_q1; stage=OOD; eval_track=deployment_threshold; n_total=192; n_pos=79; n_neg=113,OOD_BIN_COMPLEXITY_BIN_COMPLEX_Q1,,
A,ablation,M3_TFIDF_PLUS_FLAGS_PLUS_IBVS_V2_STRUCTURED,deployment_threshold,OOD,ood_test_injection,complexity_bin,complex_q1,170,86,84,0.9647,0.9647,0.9996,0.9996,0.9651,1.0,1.0,0.0698,118.0,169.2,0.4788,5.0368,metrics_ablation_bins_splitA__ood-ood_test_injection.csv,bin_eval=complexity_bin:complex_q1; stage=OOD; eval_track=deployment_threshold; n_total=170; n_pos=86; n_neg=84; ood_name=ood_test_injection,OOD_BIN_COMPLEXITY_BIN_COMPLEX_Q1,,
A,ablation,M3_TFIDF_PLUS_FLAGS_PLUS_IBVS_V2_STRUCTURED,deployment_threshold,OOD,ood_test_injection_standard,complexity_bin,complex_q1,997,722,275,0.67,0.5179,0.7419,0.5314,0.018,0.0596,0.1053,0.1496,214.0,263.4042,0.5877,4.9834,metrics_ablation_bins_splitA__ood-ood_test_injection_standard.csv,bin_eval=complexity_bin:complex_q1; stage=OOD; eval_track=deployment_threshold; n_total=997; n_pos=722; n_neg=275; ood_name=ood_test_injection_standard,OOD_BIN_COMPLEXITY_BIN_COMPLEX_Q1,,
A,ablation,M3_TFIDF_PLUS_FLAGS_PLUS_IBVS_V2_STRUCTURED,ranking,OOD,,complexity_bin,complex_q1,192,79,113,0.5521,0.5437,0.6767,0.7107,0.1139,0.2785,0.3797,0.1646,11.5,13.8854,0.8824,4.7042,metrics_ablation_bins_splitA.csv,bin_eval=complexity_bin:complex_q1; stage=OOD; eval_track=ranking; n_total=192; n_pos=79; n_neg=113,OOD_BIN_COMPLEXITY_BIN_COMPLEX_Q1,,
A,ablation,M3_TFIDF_PLUS_FLAGS_PLUS_IBVS_V2_STRUCTURED,ranking,OOD,ood_test_injection,complexity_bin,complex_q1,170,86,84,0.9882,0.9882,0.9996,0.9996,0.9651,1.0,1.0,0.0,118.0,169.2,0.4788,5.0368,metrics_ablation_bins_splitA__ood-ood_test_injection.csv,bin_eval=complexity_bin:complex_q1; stage=OOD; eval_track=ranking; n_total=170; n_pos=86; n_neg=84; ood_name=ood_test_injection,OOD_BIN_COMPLEXITY_BIN_COMPLEX_Q1,,
A,ablation,M3_TFIDF_PLUS_FLAGS_PLUS_IBVS_V2_STRUCTURED,ranking,OOD,ood_test_injection_standard,complexity_bin,complex_q1,997,722,275,0.7242,0.42,0.7419,0.5314,0.018,0.0596,0.1053,0.0,214.0,263.4042,0.5877,4.9834,metrics_ablation_bins_splitA__ood-ood_test_injection_standard.csv,bin_eval=complexity_bin:complex_q1; stage=OOD; eval_track=ranking; n_total=997; n_pos=722; n_neg=275; ood_name=ood_test_injection_standard,OOD_BIN_COMPLEXITY_BIN_COMPLEX_Q1,,
A,ablation,M3_TFIDF_PLUS_FLAGS_PLUS_IBVS_V2_TAILCAL,deployment_threshold,OOD,,complexity_bin,complex_q1,192,79,113,0.6823,0.6539,0.6827,0.7112,0.1646,0.2532,0.3671,0.519,11.5,13.8854,0.8824,4.7042,metrics_ablation_bins_splitA.csv,bin_eval=complexity_bin:complex_q1; stage=OOD; eval_track=deployment_threshold; n_total=192; n_pos=79; n_neg=113,OOD_BIN_COMPLEXITY_BIN_COMPLEX_Q1,,
A,ablation,M3_TFIDF_PLUS_FLAGS_PLUS_IBVS_V2_TAILCAL,deployment_threshold,OOD,ood_test_injection,complexity_bin,complex_q1,170,86,84,0.9647,0.9647,0.9996,0.9996,0.9651,1.0,1.0,0.0698,118.0,169.2,0.4788,5.0368,metrics_ablation_bins_splitA__ood-ood_test_injection.csv,bin_eval=complexity_bin:complex_q1; stage=OOD; eval_track=deployment_threshold; n_total=170; n_pos=86; n_neg=84; ood_name=ood_test_injection,OOD_BIN_COMPLEXITY_BIN_COMPLEX_Q1,,
A,ablation,M3_TFIDF_PLUS_FLAGS_PLUS_IBVS_V2_TAILCAL,deployment_threshold,OOD,ood_test_injection_standard,complexity_bin,complex_q1,997,722,275,0.676,0.512,0.7405,0.5359,0.0152,0.0416,0.1163,0.133,214.0,263.4042,0.5877,4.9834,metrics_ablation_bins_splitA__ood-ood_test_injection_standard.csv,bin_eval=complexity_bin:complex_q1; stage=OOD; eval_track=deployment_threshold; n_total=997; n_pos=722; n_neg=275; ood_name=ood_test_injection_standard,OOD_BIN_COMPLEXITY_BIN_COMPLEX_Q1,,
A,ablation,M3_TFIDF_PLUS_FLAGS_PLUS_IBVS_V2_TAILCAL,ranking,OOD,,complexity_bin,complex_q1,192,79,113,0.5365,0.5241,0.6827,0.7112,0.1646,0.2532,0.3671,0.1519,11.5,13.8854,0.8824,4.7042,metrics_ablation_bins_splitA.csv,bin_eval=complexity_bin:complex_q1; stage=OOD; eval_track=ranking; n_total=192; n_pos=79; n_neg=113,OOD_BIN_COMPLEXITY_BIN_COMPLEX_Q1,,
A,ablation,M3_TFIDF_PLUS_FLAGS_PLUS_IBVS_V2_TAILCAL,ranking,OOD,ood_test_injection,complexity_bin,complex_q1,170,86,84,0.9882,0.9882,0.9996,0.9996,0.9651,1.0,1.0,0.0,118.0,169.2,0.4788,5.0368,metrics_ablation_bins_splitA__ood-ood_test_injection.csv,bin_eval=complexity_bin:complex_q1; stage=OOD; eval_track=ranking; n_total=170; n_pos=86; n_neg=84; ood_name=ood_test_injection,OOD_BIN_COMPLEXITY_BIN_COMPLEX_Q1,,
A,ablation,M3_TFIDF_PLUS_FLAGS_PLUS_IBVS_V2_TAILCAL,ranking,OOD,ood_test_injection_standard,complexity_bin,complex_q1,997,722,275,0.7252,0.4239,0.7405,0.5359,0.0152,0.0416,0.1163,0.0,214.0,263.4042,0.5877,4.9834,metrics_ablation_bins_splitA__ood-ood_test_injection_standard.csv,bin_eval=complexity_bin:complex_q1; stage=OOD; eval_track=ranking; n_total=997; n_pos=722; n_neg=275; ood_name=ood_test_injection_standard,OOD_BIN_COMPLEXITY_BIN_COMPLEX_Q1,,
A,ablation,M3_TFIDF_PLUS_FLAGS_PLUS_IBVS_V2_TOTAL,deployment_threshold,OOD,,complexity_bin,complex_q1,192,79,113,0.6927,0.6674,0.6732,0.7073,0.1392,0.2785,0.3671,0.4937,11.5,13.8854,0.8824,4.7042,metrics_ablation_bins_splitA.csv,bin_eval=complexity_bin:complex_q1; stage=OOD; eval_track=deployment_threshold; n_total=192; n_pos=79; n_neg=113,OOD_BIN_COMPLEXITY_BIN_COMPLEX_Q1,,
A,ablation,M3_TFIDF_PLUS_FLAGS_PLUS_IBVS_V2_TOTAL,deployment_threshold,OOD,ood_test_injection,complexity_bin,complex_q1,170,86,84,0.9588,0.9588,0.9996,0.9996,0.9767,1.0,1.0,0.0814,118.0,169.2,0.4788,5.0368,metrics_ablation_bins_splitA__ood-ood_test_injection.csv,bin_eval=complexity_bin:complex_q1; stage=OOD; eval_track=deployment_threshold; n_total=170; n_pos=86; n_neg=84; ood_name=ood_test_injection,OOD_BIN_COMPLEXITY_BIN_COMPLEX_Q1,,
A,ablation,M3_TFIDF_PLUS_FLAGS_PLUS_IBVS_V2_TOTAL,deployment_threshold,OOD,ood_test_injection_standard,complexity_bin,complex_q1,997,722,275,0.679,0.5191,0.7362,0.5316,0.0111,0.0402,0.0983,0.133,214.0,263.4042,0.5877,4.9834,metrics_ablation_bins_splitA__ood-ood_test_injection_standard.csv,bin_eval=complexity_bin:complex_q1; stage=OOD; eval_track=deployment_threshold; n_total=997; n_pos=722; n_neg=275; ood_name=ood_test_injection_standard,OOD_BIN_COMPLEXITY_BIN_COMPLEX_Q1,,
A,ablation,M3_TFIDF_PLUS_FLAGS_PLUS_IBVS_V2_TOTAL,ranking,OOD,,complexity_bin,complex_q1,192,79,113,0.5365,0.5285,0.6732,0.7073,0.1392,0.2785,0.3671,0.1899,11.5,13.8854,0.8824,4.7042,metrics_ablation_bins_splitA.csv,bin_eval=complexity_bin:complex_q1; stage=OOD; eval_track=ranking; n_total=192; n_pos=79; n_neg=113,OOD_BIN_COMPLEXITY_BIN_COMPLEX_Q1,,
A,ablation,M3_TFIDF_PLUS_FLAGS_PLUS_IBVS_V2_TOTAL,ranking,OOD,ood_test_injection,complexity_bin,complex_q1,170,86,84,0.9882,0.9882,0.9996,0.9996,0.9767,1.0,1.0,0.0,118.0,169.2,0.4788,5.0368,metrics_ablation_bins_splitA__ood-ood_test_injection.csv,bin_eval=complexity_bin:complex_q1; stage=OOD; eval_track=ranking; n_total=170; n_pos=86; n_neg=84; ood_name=ood_test_injection,OOD_BIN_COMPLEXITY_BIN_COMPLEX_Q1,,
A,ablation,M3_TFIDF_PLUS_FLAGS_PLUS_IBVS_V2_TOTAL,ranking,OOD,ood_test_injection_standard,complexity_bin,complex_q1,997,722,275,0.7242,0.42,0.7362,0.5316,0.0111,0.0402,0.0983,0.0,214.0,263.4042,0.5877,4.9834,metrics_ablation_bins_splitA__ood-ood_test_injection_standard.csv,bin_eval=complexity_bin:complex_q1; stage=OOD; eval_track=ranking; n_total=997; n_pos=722; n_neg=275; ood_name=ood_test_injection_standard,OOD_BIN_COMPLEXITY_BIN_COMPLEX_Q1,,
A,ablation,M3_TFIDF_PLUS_FLAGS_PLUS_IBVS_V2_TRIPWIRE,deployment_threshold,OOD,,complexity_bin,complex_q1,192,79,113,0.6771,0.6367,0.6629,0.7046,0.1139,0.2785,0.3544,0.5823,11.5,13.8854,0.8824,4.7042,metrics_ablation_bins_splitA.csv,bin_eval=complexity_bin:complex_q1; stage=OOD; eval_track=deployment_threshold; n_total=192; n_pos=79; n_neg=113,OOD_BIN_COMPLEXITY_BIN_COMPLEX_Q1,,
A,ablation,M3_TFIDF_PLUS_FLAGS_PLUS_IBVS_V2_TRIPWIRE,deployment_threshold,OOD,ood_test_injection,complexity_bin,complex_q1,170,86,84,0.9353,0.9351,0.9995,0.9994,0.9651,1.0,1.0,0.1279,118.0,169.2,0.4788,5.0368,metrics_ablation_bins_splitA__ood-ood_test_injection.csv,bin_eval=complexity_bin:complex_q1; stage=OOD; eval_track=deployment_threshold; n_total=170; n_pos=86; n_neg=84; ood_name=ood_test_injection,OOD_BIN_COMPLEXITY_BIN_COMPLEX_Q1,,
A,ablation,M3_TFIDF_PLUS_FLAGS_PLUS_IBVS_V2_TRIPWIRE,deployment_threshold,OOD,ood_test_injection_standard,complexity_bin,complex_q1,997,722,275,0.674,0.5253,0.7501,0.5465,0.0125,0.0471,0.1302,0.1482,214.0,263.4042,0.5877,4.9834,metrics_ablation_bins_splitA__ood-ood_test_injection_standard.csv,bin_eval=complexity_bin:complex_q1; stage=OOD; eval_track=deployment_threshold; n_total=997; n_pos=722; n_neg=275; ood_name=ood_test_injection_standard,OOD_BIN_COMPLEXITY_BIN_COMPLEX_Q1,,
A,ablation,M3_TFIDF_PLUS_FLAGS_PLUS_IBVS_V2_TRIPWIRE,ranking,OOD,,complexity_bin,complex_q1,192,79,113,0.599,0.5976,0.6629,0.7046,0.1139,0.2785,0.3544,0.2025,11.5,13.8854,0.8824,4.7042,metrics_ablation_bins_splitA.csv,bin_eval=complexity_bin:complex_q1; stage=OOD; eval_track=ranking; n_total=192; n_pos=79; n_neg=113,OOD_BIN_COMPLEXITY_BIN_COMPLEX_Q1,,
A,ablation,M3_TFIDF_PLUS_FLAGS_PLUS_IBVS_V2_TRIPWIRE,ranking,OOD,ood_test_injection,complexity_bin,complex_q1,170,86,84,0.9882,0.9882,0.9995,0.9994,0.9651,1.0,1.0,0.0,118.0,169.2,0.4788,5.0368,metrics_ablation_bins_splitA__ood-ood_test_injection.csv,bin_eval=complexity_bin:complex_q1; stage=OOD; eval_track=ranking; n_total=170; n_pos=86; n_neg=84; ood_name=ood_test_injection,OOD_BIN_COMPLEXITY_BIN_COMPLEX_Q1,,
A,ablation,M3_TFIDF_PLUS_FLAGS_PLUS_IBVS_V2_TRIPWIRE,ranking,OOD,ood_test_injection_standard,complexity_bin,complex_q1,997,722,275,0.7252,0.4239,0.7501,0.5465,0.0125,0.0471,0.1302,0.0,214.0,263.4042,0.5877,4.9834,metrics_ablation_bins_splitA__ood-ood_test_injection_standard.csv,bin_eval=complexity_bin:complex_q1; stage=OOD; eval_track=ranking; n_total=997; n_pos=722; n_neg=275; ood_name=ood_test_injection_standard,OOD_BIN_COMPLEXITY_BIN_COMPLEX_Q1,,
A,hybrid,HYBRID_SEM_ANCHORED_IBVS_BOOST,deployment_threshold,OOD,,complexity_bin,complex_q1,192,79,113,0.7448,0.736,0.765,0.8322,0.1139,0.4304,0.5063,0.3165,11.5,13.8854,0.8824,4.7042,metrics_hybrid_bins_splitA.csv,bin_eval=complexity_bin:complex_q1; stage=OOD; eval_track=deployment_threshold; n_total=192; n_pos=79; n_neg=113,OOD_BIN_COMPLEXITY_BIN_COMPLEX_Q1,,
A,hybrid,HYBRID_SEM_ANCHORED_IBVS_BOOST,deployment_threshold,OOD,ood_test_injection,complexity_bin,complex_q1,170,86,84,0.8235,0.8199,0.8219,0.7377,0.2907,0.5581,0.593,0.3256,118.0,169.2,0.4788,5.0368,metrics_hybrid_bins_splitA__ood-ood_test_injection.csv,bin_eval=complexity_bin:complex_q1; stage=OOD; eval_track=deployment_threshold; n_total=170; n_pos=86; n_neg=84; ood_name=ood_test_injection,OOD_BIN_COMPLEXITY_BIN_COMPLEX_Q1,,
A,hybrid,HYBRID_SEM_ANCHORED_IBVS_BOOST,deployment_threshold,OOD,ood_test_injection_standard,complexity_bin,complex_q1,997,722,275,0.7673,0.6959,0.8709,0.7639,0.0471,0.1648,0.3587,0.1357,214.0,263.4042,0.5877,4.9834,metrics_hybrid_bins_splitA__ood-ood_test_injection_standard.csv,bin_eval=complexity_bin:complex_q1; stage=OOD; eval_track=deployment_threshold; n_total=997; n_pos=722; n_neg=275; ood_name=ood_test_injection_standard,OOD_BIN_COMPLEXITY_BIN_COMPLEX_Q1,,
A,hybrid,HYBRID_SEM_ANCHORED_IBVS_BOOST_V2,deployment_threshold,OOD,,complexity_bin,complex_q1,192,79,113,0.7448,0.736,0.765,0.8322,0.1139,0.4304,0.5063,0.3165,11.5,13.8854,0.8824,4.7042,metrics_hybrid_bins_splitA.csv,bin_eval=complexity_bin:complex_q1; stage=OOD; eval_track=deployment_threshold; n_total=192; n_pos=79; n_neg=113,OOD_BIN_COMPLEXITY_BIN_COMPLEX_Q1,,
A,hybrid,HYBRID_SEM_ANCHORED_IBVS_BOOST_V2,deployment_threshold,OOD,ood_test_injection,complexity_bin,complex_q1,170,86,84,0.8235,0.8199,0.8219,0.7377,0.2907,0.5581,0.593,0.3256,118.0,169.2,0.4788,5.0368,metrics_hybrid_bins_splitA__ood-ood_test_injection.csv,bin_eval=complexity_bin:complex_q1; stage=OOD; eval_track=deployment_threshold; n_total=170; n_pos=86; n_neg=84; ood_name=ood_test_injection,OOD_BIN_COMPLEXITY_BIN_COMPLEX_Q1,,
A,hybrid,HYBRID_SEM_ANCHORED_IBVS_BOOST_V2,deployment_threshold,OOD,ood_test_injection_standard,complexity_bin,complex_q1,997,722,275,0.7673,0.6959,0.8709,0.7639,0.0471,0.1648,0.3587,0.1357,214.0,263.4042,0.5877,4.9834,metrics_hybrid_bins_splitA__ood-ood_test_injection_standard.csv,bin_eval=complexity_bin:complex_q1; stage=OOD; eval_track=deployment_threshold; n_total=997; n_pos=722; n_neg=275; ood_name=ood_test_injection_standard,OOD_BIN_COMPLEXITY_BIN_COMPLEX_Q1,,
A,hybrid,HYBRID_SEM_ANCHORED_IBVS_VETO,deployment_threshold,OOD,,complexity_bin,complex_q1,192,79,113,0.651,0.646,0.765,0.8322,0.1139,0.4304,0.5063,0.0633,11.5,13.8854,0.8824,4.7042,metrics_hybrid_bins_splitA.csv,bin_eval=complexity_bin:complex_q1; stage=OOD; eval_track=deployment_threshold; n_total=192; n_pos=79; n_neg=113,OOD_BIN_COMPLEXITY_BIN_COMPLEX_Q1,,
A,hybrid,HYBRID_SEM_ANCHORED_IBVS_VETO,deployment_threshold,OOD,ood_test_injection,complexity_bin,complex_q1,170,86,84,0.7176,0.7176,0.8219,0.7377,0.2907,0.5581,0.593,0.2907,118.0,169.2,0.4788,5.0368,metrics_hybrid_bins_splitA__ood-ood_test_injection.csv,bin_eval=complexity_bin:complex_q1; stage=OOD; eval_track=deployment_threshold; n_total=170; n_pos=86; n_neg=84; ood_name=ood_test_injection,OOD_BIN_COMPLEXITY_BIN_COMPLEX_Q1,,
A,hybrid,HYBRID_SEM_ANCHORED_IBVS_VETO,deployment_threshold,OOD,ood_test_injection_standard,complexity_bin,complex_q1,997,722,275,0.7813,0.6891,0.8709,0.7639,0.0471,0.1648,0.3587,0.0845,214.0,263.4042,0.5877,4.9834,metrics_hybrid_bins_splitA__ood-ood_test_injection_standard.csv,bin_eval=complexity_bin:complex_q1; stage=OOD; eval_track=deployment_threshold; n_total=997; n_pos=722; n_neg=275; ood_name=ood_test_injection_standard,OOD_BIN_COMPLEXITY_BIN_COMPLEX_Q1,,
A,hybrid,HYBRID_SEM_EXPERT_GATE_M1_M3,deployment_threshold,OOD,,complexity_bin,complex_q1,192,79,113,0.7083,0.7029,0.6954,0.8006,0.0,0.1899,0.3165,0.3038,11.5,13.8854,0.8824,4.7042,metrics_hybrid_bins_splitA.csv,bin_eval=complexity_bin:complex_q1; stage=OOD; eval_track=deployment_threshold; n_total=192; n_pos=79; n_neg=113,OOD_BIN_COMPLEXITY_BIN_COMPLEX_Q1,,
A,hybrid,HYBRID_SEM_EXPERT_GATE_M1_M3,deployment_threshold,OOD,ood_test_injection,complexity_bin,complex_q1,170,86,84,0.7,0.6992,0.8554,0.7816,0.6977,0.6977,0.6977,0.3605,118.0,169.2,0.4788,5.0368,metrics_hybrid_bins_splitA__ood-ood_test_injection.csv,bin_eval=complexity_bin:complex_q1; stage=OOD; eval_track=deployment_threshold; n_total=170; n_pos=86; n_neg=84; ood_name=ood_test_injection,OOD_BIN_COMPLEXITY_BIN_COMPLEX_Q1,,
A,hybrid,HYBRID_SEM_EXPERT_GATE_M1_M3,deployment_threshold,OOD,ood_test_injection_standard,complexity_bin,complex_q1,997,722,275,0.7703,0.6972,0.8181,0.7001,0.0,0.0,0.0,0.1288,214.0,263.4042,0.5877,4.9834,metrics_hybrid_bins_splitA__ood-ood_test_injection_standard.csv,bin_eval=complexity_bin:complex_q1; stage=OOD; eval_track=deployment_threshold; n_total=997; n_pos=722; n_neg=275; ood_name=ood_test_injection_standard,OOD_BIN_COMPLEXITY_BIN_COMPLEX_Q1,,
A,hybrid,HYBRID_SEM_GATE_ELSE_M3_IBVS_V2,deployment_threshold,OOD,,complexity_bin,complex_q1,192,79,113,0.7396,0.719,0.6189,0.6907,0.1139,0.1519,0.2658,0.4304,11.5,13.8854,0.8824,4.7042,metrics_hybrid_bins_splitA.csv,bin_eval=complexity_bin:complex_q1; stage=OOD; eval_track=deployment_threshold; n_total=192; n_pos=79; n_neg=113,OOD_BIN_COMPLEXITY_BIN_COMPLEX_Q1,,
A,hybrid,HYBRID_SEM_GATE_ELSE_M3_IBVS_V2,deployment_threshold,OOD,ood_test_injection,complexity_bin,complex_q1,170,86,84,0.8765,0.8749,0.9788,0.9765,0.814,0.8488,0.8605,0.2442,118.0,169.2,0.4788,5.0368,metrics_hybrid_bins_splitA__ood-ood_test_injection.csv,bin_eval=complexity_bin:complex_q1; stage=OOD; eval_track=deployment_threshold; n_total=170; n_pos=86; n_neg=84; ood_name=ood_test_injection,OOD_BIN_COMPLEXITY_BIN_COMPLEX_Q1,,
A,hybrid,HYBRID_SEM_GATE_ELSE_M3_IBVS_V2,deployment_threshold,OOD,ood_test_injection_standard,complexity_bin,complex_q1,997,722,275,0.7482,0.648,0.7366,0.5611,0.0125,0.0388,0.0734,0.115,214.0,263.4042,0.5877,4.9834,metrics_hybrid_bins_splitA__ood-ood_test_injection_standard.csv,bin_eval=complexity_bin:complex_q1; stage=OOD; eval_track=deployment_threshold; n_total=997; n_pos=722; n_neg=275; ood_name=ood_test_injection_standard,OOD_BIN_COMPLEXITY_BIN_COMPLEX_Q1,,
A,hybrid,HYBRID_SEM_LEARNED_META_FUSION,deployment_threshold,OOD,,complexity_bin,complex_q1,192,79,113,0.7396,0.7331,0.727,0.7682,0.038,0.4304,0.5696,0.2911,11.5,13.8854,0.8824,4.7042,metrics_hybrid_bins_splitA.csv,bin_eval=complexity_bin:complex_q1; stage=OOD; eval_track=deployment_threshold; n_total=192; n_pos=79; n_neg=113,OOD_BIN_COMPLEXITY_BIN_COMPLEX_Q1,,
A,hybrid,HYBRID_SEM_LEARNED_META_FUSION,deployment_threshold,OOD,ood_test_injection,complexity_bin,complex_q1,170,86,84,0.7176,0.6953,0.9468,0.9037,0.8837,0.8837,0.8837,0.5581,118.0,169.2,0.4788,5.0368,metrics_hybrid_bins_splitA__ood-ood_test_injection.csv,bin_eval=complexity_bin:complex_q1; stage=OOD; eval_track=deployment_threshold; n_total=170; n_pos=86; n_neg=84; ood_name=ood_test_injection,OOD_BIN_COMPLEXITY_BIN_COMPLEX_Q1,,
A,hybrid,HYBRID_SEM_LEARNED_META_FUSION,deployment_threshold,OOD,ood_test_injection_standard,complexity_bin,complex_q1,997,722,275,0.7111,0.6351,0.8524,0.7283,0.0346,0.0402,0.2216,0.1939,214.0,263.4042,0.5877,4.9834,metrics_hybrid_bins_splitA__ood-ood_test_injection_standard.csv,bin_eval=complexity_bin:complex_q1; stage=OOD; eval_track=deployment_threshold; n_total=997; n_pos=722; n_neg=275; ood_name=ood_test_injection_standard,OOD_BIN_COMPLEXITY_BIN_COMPLEX_Q1,,
A,semantic,SEM_LOGREG_BGE,deployment_threshold,OOD,ood_test,complexity_bin,complex_q1,192,79,113,0.651,0.646,0.765,0.8322,0.1139,0.4304,0.5063,0.0633,11.5,13.8854,0.8824,4.7042,metrics_semantic_bins_splitA.csv,bin_eval=complexity_bin:complex_q1; stage=OOD; eval_track=deployment_threshold; n_total=192; n_pos=79; n_neg=113; ood_name=ood_test,OOD_BIN_COMPLEXITY_BIN_COMPLEX_Q1,,
A,semantic,SEM_LOGREG_BGE,deployment_threshold,OOD,ood_test_injection,complexity_bin,complex_q1,170,86,84,0.7118,0.7118,0.8219,0.7377,0.2907,0.5581,0.593,0.3023,118.0,169.2,0.4788,5.0368,metrics_semantic_bins_splitA__ood-ood_test_injection.csv,bin_eval=complexity_bin:complex_q1; stage=OOD; eval_track=deployment_threshold; n_total=170; n_pos=86; n_neg=84; ood_name=ood_test_injection,OOD_BIN_COMPLEXITY_BIN_COMPLEX_Q1,,
A,semantic,SEM_LOGREG_BGE,deployment_threshold,OOD,ood_test_injection_standard,complexity_bin,complex_q1,997,722,275,0.7813,0.6891,0.8709,0.7639,0.0471,0.1648,0.3587,0.0845,214.0,263.4042,0.5877,4.9834,metrics_semantic_bins_splitA__ood-ood_test_injection_standard.csv,bin_eval=complexity_bin:complex_q1; stage=OOD; eval_track=deployment_threshold; n_total=997; n_pos=722; n_neg=275; ood_name=ood_test_injection_standard,OOD_BIN_COMPLEXITY_BIN_COMPLEX_Q1,,
A,ablation,M1_TFIDF_ONLY,deployment_threshold,OOD,,complexity_bin,complex_q2,192,93,99,0.6198,0.5469,0.8002,0.7745,0.2043,0.3011,0.4731,0.7742,14.0,14.2865,0.9474,5.0,metrics_ablation_bins_splitA.csv,bin_eval=complexity_bin:complex_q2; stage=OOD; eval_track=deployment_threshold; n_total=192; n_pos=93; n_neg=99,OOD_BIN_COMPLEXITY_BIN_COMPLEX_Q2,,
A,ablation,M1_TFIDF_ONLY,deployment_threshold,OOD,ood_test_injection_standard,complexity_bin,complex_q2,996,567,429,0.6185,0.5668,0.647,0.6187,0.0123,0.0705,0.1376,0.1534,126.0,127.8896,0.7008,5.1217,metrics_ablation_bins_splitA__ood-ood_test_injection_standard.csv,bin_eval=complexity_bin:complex_q2; stage=OOD; eval_track=deployment_threshold; n_total=996; n_pos=567; n_neg=429; ood_name=ood_test_injection_standard,OOD_BIN_COMPLEXITY_BIN_COMPLEX_Q2,,
A,ablation,M1_TFIDF_ONLY,ranking,OOD,,complexity_bin,complex_q2,192,93,99,0.6458,0.6392,0.8002,0.7745,0.2043,0.3011,0.4731,0.1935,14.0,14.2865,0.9474,5.0,metrics_ablation_bins_splitA.csv,bin_eval=complexity_bin:complex_q2; stage=OOD; eval_track=ranking; n_total=192; n_pos=93; n_neg=99,OOD_BIN_COMPLEXITY_BIN_COMPLEX_Q2,,
A,ablation,M1_TFIDF_ONLY,ranking,OOD,ood_test_injection_standard,complexity_bin,complex_q2,996,567,429,0.5823,0.3991,0.647,0.6187,0.0123,0.0705,0.1376,0.0035,126.0,127.8896,0.7008,5.1217,metrics_ablation_bins_splitA__ood-ood_test_injection_standard.csv,bin_eval=complexity_bin:complex_q2; stage=OOD; eval_track=ranking; n_total=996; n_pos=567; n_neg=429; ood_name=ood_test_injection_standard,OOD_BIN_COMPLEXITY_BIN_COMPLEX_Q2,,
A,ablation,M2_TFIDF_PLUS_FLAGS,deployment_threshold,OOD,,complexity_bin,complex_q2,192,93,99,0.7031,0.6824,0.829,0.8285,0.1505,0.4194,0.4946,0.5376,14.0,14.2865,0.9474,5.0,metrics_ablation_bins_splitA.csv,bin_eval=complexity_bin:complex_q2; stage=OOD; eval_track=deployment_threshold; n_total=192; n_pos=93; n_neg=99,OOD_BIN_COMPLEXITY_BIN_COMPLEX_Q2,,
A,ablation,M2_TFIDF_PLUS_FLAGS,deployment_threshold,OOD,ood_test_injection_standard,complexity_bin,complex_q2,996,567,429,0.5813,0.5307,0.5959,0.5581,0.0088,0.0511,0.0882,0.2011,126.0,127.8896,0.7008,5.1217,metrics_ablation_bins_splitA__ood-ood_test_injection_standard.csv,bin_eval=complexity_bin:complex_q2; stage=OOD; eval_track=deployment_threshold; n_total=996; n_pos=567; n_neg=429; ood_name=ood_test_injection_standard,OOD_BIN_COMPLEXITY_BIN_COMPLEX_Q2,,
A,ablation,M2_TFIDF_PLUS_FLAGS,ranking,OOD,,complexity_bin,complex_q2,192,93,99,0.6562,0.629,0.829,0.8285,0.1505,0.4194,0.4946,0.043,14.0,14.2865,0.9474,5.0,metrics_ablation_bins_splitA.csv,bin_eval=complexity_bin:complex_q2; stage=OOD; eval_track=ranking; n_total=192; n_pos=93; n_neg=99,OOD_BIN_COMPLEXITY_BIN_COMPLEX_Q2,,
A,ablation,M2_TFIDF_PLUS_FLAGS,ranking,OOD,ood_test_injection_standard,complexity_bin,complex_q2,996,567,429,0.5743,0.3754,0.5959,0.5581,0.0088,0.0511,0.0882,0.0,126.0,127.8896,0.7008,5.1217,metrics_ablation_bins_splitA__ood-ood_test_injection_standard.csv,bin_eval=complexity_bin:complex_q2; stage=OOD; eval_track=ranking; n_total=996; n_pos=567; n_neg=429; ood_name=ood_test_injection_standard,OOD_BIN_COMPLEXITY_BIN_COMPLEX_Q2,,
A,ablation,M3_TFIDF_PLUS_FLAGS_PLUS_IBVS_V1_TOTAL,deployment_threshold,OOD,,complexity_bin,complex_q2,192,93,99,0.7083,0.6906,0.8059,0.8089,0.0645,0.4516,0.5376,0.5161,14.0,14.2865,0.9474,5.0,metrics_ablation_bins_splitA.csv,bin_eval=complexity_bin:complex_q2; stage=OOD; eval_track=deployment_threshold; n_total=192; n_pos=93; n_neg=99,OOD_BIN_COMPLEXITY_BIN_COMPLEX_Q2,,
A,ablation,M3_TFIDF_PLUS_FLAGS_PLUS_IBVS_V1_TOTAL,deployment_threshold,OOD,ood_test_injection_standard,complexity_bin,complex_q2,996,567,429,0.5793,0.5451,0.602,0.5651,0.0071,0.0441,0.1111,0.2504,126.0,127.8896,0.7008,5.1217,metrics_ablation_bins_splitA__ood-ood_test_injection_standard.csv,bin_eval=complexity_bin:complex_q2; stage=OOD; eval_track=deployment_threshold; n_total=996; n_pos=567; n_neg=429; ood_name=ood_test_injection_standard,OOD_BIN_COMPLEXITY_BIN_COMPLEX_Q2,,
A,ablation,M3_TFIDF_PLUS_FLAGS_PLUS_IBVS_V1_TOTAL,ranking,OOD,,complexity_bin,complex_q2,192,93,99,0.6615,0.6399,0.8059,0.8089,0.0645,0.4516,0.5376,0.0645,14.0,14.2865,0.9474,5.0,metrics_ablation_bins_splitA.csv,bin_eval=complexity_bin:complex_q2; stage=OOD; eval_track=ranking; n_total=192; n_pos=93; n_neg=99,OOD_BIN_COMPLEXITY_BIN_COMPLEX_Q2,,
A,ablation,M3_TFIDF_PLUS_FLAGS_PLUS_IBVS_V1_TOTAL,ranking,OOD,ood_test_injection_standard,complexity_bin,complex_q2,996,567,429,0.5743,0.3775,0.602,0.5651,0.0071,0.0441,0.1111,0.0018,126.0,127.8896,0.7008,5.1217,metrics_ablation_bins_splitA__ood-ood_test_injection_standard.csv,bin_eval=complexity_bin:complex_q2; stage=OOD; eval_track=ranking; n_total=996; n_pos=567; n_neg=429; ood_name=ood_test_injection_standard,OOD_BIN_COMPLEXITY_BIN_COMPLEX_Q2,,
A,ablation,M3_TFIDF_PLUS_FLAGS_PLUS_IBVS_V2_STRUCTURED,deployment_threshold,OOD,,complexity_bin,complex_q2,192,93,99,0.6979,0.6869,0.8194,0.8185,0.1075,0.4194,0.4839,0.4731,14.0,14.2865,0.9474,5.0,metrics_ablation_bins_splitA.csv,bin_eval=complexity_bin:complex_q2; stage=OOD; eval_track=deployment_threshold; n_total=192; n_pos=93; n_neg=99,OOD_BIN_COMPLEXITY_BIN_COMPLEX_Q2,,
A,ablation,M3_TFIDF_PLUS_FLAGS_PLUS_IBVS_V2_STRUCTURED,deployment_threshold,OOD,ood_test_injection_standard,complexity_bin,complex_q2,996,567,429,0.5853,0.5116,0.6012,0.5622,0.0018,0.0511,0.1111,0.1446,126.0,127.8896,0.7008,5.1217,metrics_ablation_bins_splitA__ood-ood_test_injection_standard.csv,bin_eval=complexity_bin:complex_q2; stage=OOD; eval_track=deployment_threshold; n_total=996; n_pos=567; n_neg=429; ood_name=ood_test_injection_standard,OOD_BIN_COMPLEXITY_BIN_COMPLEX_Q2,,
A,ablation,M3_TFIDF_PLUS_FLAGS_PLUS_IBVS_V2_STRUCTURED,ranking,OOD,,complexity_bin,complex_q2,192,93,99,0.651,0.6246,0.8194,0.8185,0.1075,0.4194,0.4839,0.0538,14.0,14.2865,0.9474,5.0,metrics_ablation_bins_splitA.csv,bin_eval=complexity_bin:complex_q2; stage=OOD; eval_track=ranking; n_total=192; n_pos=93; n_neg=99,OOD_BIN_COMPLEXITY_BIN_COMPLEX_Q2,,
A,ablation,M3_TFIDF_PLUS_FLAGS_PLUS_IBVS_V2_STRUCTURED,ranking,OOD,ood_test_injection_standard,complexity_bin,complex_q2,996,567,429,0.5723,0.3704,0.6012,0.5622,0.0018,0.0511,0.1111,0.0,126.0,127.8896,0.7008,5.1217,metrics_ablation_bins_splitA__ood-ood_test_injection_standard.csv,bin_eval=complexity_bin:complex_q2; stage=OOD; eval_track=ranking; n_total=996; n_pos=567; n_neg=429; ood_name=ood_test_injection_standard,OOD_BIN_COMPLEXITY_BIN_COMPLEX_Q2,,
A,ablation,M3_TFIDF_PLUS_FLAGS_PLUS_IBVS_V2_TAILCAL,deployment_threshold,OOD,,complexity_bin,complex_q2,192,93,99,0.7188,0.706,0.8296,0.8231,0.1828,0.4624,0.5054,0.4731,14.0,14.2865,0.9474,5.0,metrics_ablation_bins_splitA.csv,bin_eval=complexity_bin:complex_q2; stage=OOD; eval_track=deployment_threshold; n_total=192; n_pos=93; n_neg=99,OOD_BIN_COMPLEXITY_BIN_COMPLEX_Q2,,
A,ablation,M3_TFIDF_PLUS_FLAGS_PLUS_IBVS_V2_TAILCAL,deployment_threshold,OOD,ood_test_injection_standard,complexity_bin,complex_q2,996,567,429,0.5873,0.5175,0.6095,0.57,0.0018,0.0441,0.1323,0.1499,126.0,127.8896,0.7008,5.1217,metrics_ablation_bins_splitA__ood-ood_test_injection_standard.csv,bin_eval=complexity_bin:complex_q2; stage=OOD; eval_track=deployment_threshold; n_total=996; n_pos=567; n_neg=429; ood_name=ood_test_injection_standard,OOD_BIN_COMPLEXITY_BIN_COMPLEX_Q2,,
A,ablation,M3_TFIDF_PLUS_FLAGS_PLUS_IBVS_V2_TAILCAL,ranking,OOD,,complexity_bin,complex_q2,192,93,99,0.6562,0.6312,0.8296,0.8231,0.1828,0.4624,0.5054,0.0538,14.0,14.2865,0.9474,5.0,metrics_ablation_bins_splitA.csv,bin_eval=complexity_bin:complex_q2; stage=OOD; eval_track=ranking; n_total=192; n_pos=93; n_neg=99,OOD_BIN_COMPLEXITY_BIN_COMPLEX_Q2,,
A,ablation,M3_TFIDF_PLUS_FLAGS_PLUS_IBVS_V2_TAILCAL,ranking,OOD,ood_test_injection_standard,complexity_bin,complex_q2,996,567,429,0.5733,0.3729,0.6095,0.57,0.0018,0.0441,0.1323,0.0,126.0,127.8896,0.7008,5.1217,metrics_ablation_bins_splitA__ood-ood_test_injection_standard.csv,bin_eval=complexity_bin:complex_q2; stage=OOD; eval_track=ranking; n_total=996; n_pos=567; n_neg=429; ood_name=ood_test_injection_standard,OOD_BIN_COMPLEXITY_BIN_COMPLEX_Q2,,
A,ablation,M3_TFIDF_PLUS_FLAGS_PLUS_IBVS_V2_TOTAL,deployment_threshold,OOD,,complexity_bin,complex_q2,192,93,99,0.7031,0.6929,0.814,0.8182,0.0645,0.4086,0.5161,0.4624,14.0,14.2865,0.9474,5.0,metrics_ablation_bins_splitA.csv,bin_eval=complexity_bin:complex_q2; stage=OOD; eval_track=deployment_threshold; n_total=192; n_pos=93; n_neg=99,OOD_BIN_COMPLEXITY_BIN_COMPLEX_Q2,,
A,ablation,M3_TFIDF_PLUS_FLAGS_PLUS_IBVS_V2_TOTAL,deployment_threshold,OOD,ood_test_injection_standard,complexity_bin,complex_q2,996,567,429,0.5944,0.5261,0.5987,0.5632,0.0018,0.0441,0.1146,0.1446,126.0,127.8896,0.7008,5.1217,metrics_ablation_bins_splitA__ood-ood_test_injection_standard.csv,bin_eval=complexity_bin:complex_q2; stage=OOD; eval_track=deployment_threshold; n_total=996; n_pos=567; n_neg=429; ood_name=ood_test_injection_standard,OOD_BIN_COMPLEXITY_BIN_COMPLEX_Q2,,
A,ablation,M3_TFIDF_PLUS_FLAGS_PLUS_IBVS_V2_TOTAL,ranking,OOD,,complexity_bin,complex_q2,192,93,99,0.6458,0.6178,0.814,0.8182,0.0645,0.4086,0.5161,0.0538,14.0,14.2865,0.9474,5.0,metrics_ablation_bins_splitA.csv,bin_eval=complexity_bin:complex_q2; stage=OOD; eval_track=ranking; n_total=192; n_pos=93; n_neg=99,OOD_BIN_COMPLEXITY_BIN_COMPLEX_Q2,,
A,ablation,M3_TFIDF_PLUS_FLAGS_PLUS_IBVS_V2_TOTAL,ranking,OOD,ood_test_injection_standard,complexity_bin,complex_q2,996,567,429,0.5733,0.3729,0.5987,0.5632,0.0018,0.0441,0.1146,0.0,126.0,127.8896,0.7008,5.1217,metrics_ablation_bins_splitA__ood-ood_test_injection_standard.csv,bin_eval=complexity_bin:complex_q2; stage=OOD; eval_track=ranking; n_total=996; n_pos=567; n_neg=429; ood_name=ood_test_injection_standard,OOD_BIN_COMPLEXITY_BIN_COMPLEX_Q2,,
A,ablation,M3_TFIDF_PLUS_FLAGS_PLUS_IBVS_V2_TRIPWIRE,deployment_threshold,OOD,,complexity_bin,complex_q2,192,93,99,0.7031,0.6889,0.8199,0.8168,0.1183,0.4301,0.5054,0.4946,14.0,14.2865,0.9474,5.0,metrics_ablation_bins_splitA.csv,bin_eval=complexity_bin:complex_q2; stage=OOD; eval_track=deployment_threshold; n_total=192; n_pos=93; n_neg=99,OOD_BIN_COMPLEXITY_BIN_COMPLEX_Q2,,
A,ablation,M3_TFIDF_PLUS_FLAGS_PLUS_IBVS_V2_TRIPWIRE,deployment_threshold,OOD,ood_test_injection_standard,complexity_bin,complex_q2,996,567,429,0.5853,0.5258,0.6034,0.5699,0.0035,0.0441,0.1058,0.1746,126.0,127.8896,0.7008,5.1217,metrics_ablation_bins_splitA__ood-ood_test_injection_standard.csv,bin_eval=complexity_bin:complex_q2; stage=OOD; eval_track=deployment_threshold; n_total=996; n_pos=567; n_neg=429; ood_name=ood_test_injection_standard,OOD_BIN_COMPLEXITY_BIN_COMPLEX_Q2,,
A,ablation,M3_TFIDF_PLUS_FLAGS_PLUS_IBVS_V2_TRIPWIRE,ranking,OOD,,complexity_bin,complex_q2,192,93,99,0.6667,0.6515,0.8199,0.8168,0.1183,0.4301,0.5054,0.0968,14.0,14.2865,0.9474,5.0,metrics_ablation_bins_splitA.csv,bin_eval=complexity_bin:complex_q2; stage=OOD; eval_track=ranking; n_total=192; n_pos=93; n_neg=99,OOD_BIN_COMPLEXITY_BIN_COMPLEX_Q2,,
A,ablation,M3_TFIDF_PLUS_FLAGS_PLUS_IBVS_V2_TRIPWIRE,ranking,OOD,ood_test_injection_standard,complexity_bin,complex_q2,996,567,429,0.5773,0.3829,0.6034,0.5699,0.0035,0.0441,0.1058,0.0,126.0,127.8896,0.7008,5.1217,metrics_ablation_bins_splitA__ood-ood_test_injection_standard.csv,bin_eval=complexity_bin:complex_q2; stage=OOD; eval_track=ranking; n_total=996; n_pos=567; n_neg=429; ood_name=ood_test_injection_standard,OOD_BIN_COMPLEXITY_BIN_COMPLEX_Q2,,
A,hybrid,HYBRID_SEM_ANCHORED_IBVS_BOOST,deployment_threshold,OOD,,complexity_bin,complex_q2,192,93,99,0.7917,0.7911,0.8476,0.8532,0.2151,0.3871,0.5161,0.2366,14.0,14.2865,0.9474,5.0,metrics_hybrid_bins_splitA.csv,bin_eval=complexity_bin:complex_q2; stage=OOD; eval_track=deployment_threshold; n_total=192; n_pos=93; n_neg=99,OOD_BIN_COMPLEXITY_BIN_COMPLEX_Q2,,
A,hybrid,HYBRID_SEM_ANCHORED_IBVS_BOOST,deployment_threshold,OOD,ood_test_injection_standard,complexity_bin,complex_q2,996,567,429,0.6325,0.5841,0.7263,0.679,0.0247,0.1958,0.261,0.1446,126.0,127.8896,0.7008,5.1217,metrics_hybrid_bins_splitA__ood-ood_test_injection_standard.csv,bin_eval=complexity_bin:complex_q2; stage=OOD; eval_track=deployment_threshold; n_total=996; n_pos=567; n_neg=429; ood_name=ood_test_injection_standard,OOD_BIN_COMPLEXITY_BIN_COMPLEX_Q2,,
A,hybrid,HYBRID_SEM_ANCHORED_IBVS_BOOST_V2,deployment_threshold,OOD,,complexity_bin,complex_q2,192,93,99,0.7917,0.7911,0.8476,0.8532,0.2151,0.3871,0.5161,0.2366,14.0,14.2865,0.9474,5.0,metrics_hybrid_bins_splitA.csv,bin_eval=complexity_bin:complex_q2; stage=OOD; eval_track=deployment_threshold; n_total=192; n_pos=93; n_neg=99,OOD_BIN_COMPLEXITY_BIN_COMPLEX_Q2,,
A,hybrid,HYBRID_SEM_ANCHORED_IBVS_BOOST_V2,deployment_threshold,OOD,ood_test_injection_standard,complexity_bin,complex_q2,996,567,429,0.6325,0.5841,0.7263,0.679,0.0247,0.1958,0.261,0.1446,126.0,127.8896,0.7008,5.1217,metrics_hybrid_bins_splitA__ood-ood_test_injection_standard.csv,bin_eval=complexity_bin:complex_q2; stage=OOD; eval_track=deployment_threshold; n_total=996; n_pos=567; n_neg=429; ood_name=ood_test_injection_standard,OOD_BIN_COMPLEXITY_BIN_COMPLEX_Q2,,
A,hybrid,HYBRID_SEM_ANCHORED_IBVS_VETO,deployment_threshold,OOD,,complexity_bin,complex_q2,192,93,99,0.724,0.7175,0.8476,0.8532,0.2151,0.3871,0.5161,0.0968,14.0,14.2865,0.9474,5.0,metrics_hybrid_bins_splitA.csv,bin_eval=complexity_bin:complex_q2; stage=OOD; eval_track=deployment_threshold; n_total=192; n_pos=93; n_neg=99,OOD_BIN_COMPLEXITY_BIN_COMPLEX_Q2,,
A,hybrid,HYBRID_SEM_ANCHORED_IBVS_VETO,deployment_threshold,OOD,ood_test_injection_standard,complexity_bin,complex_q2,996,567,429,0.6175,0.5323,0.7263,0.679,0.0247,0.1958,0.261,0.0829,126.0,127.8896,0.7008,5.1217,metrics_hybrid_bins_splitA__ood-ood_test_injection_standard.csv,bin_eval=complexity_bin:complex_q2; stage=OOD; eval_track=deployment_threshold; n_total=996; n_pos=567; n_neg=429; ood_name=ood_test_injection_standard,OOD_BIN_COMPLEXITY_BIN_COMPLEX_Q2,,
A,hybrid,HYBRID_SEM_EXPERT_GATE_M1_M3,deployment_threshold,OOD,,complexity_bin,complex_q2,192,93,99,0.7344,0.7335,0.8693,0.8731,0.1935,0.5376,0.5376,0.3011,14.0,14.2865,0.9474,5.0,metrics_hybrid_bins_splitA.csv,bin_eval=complexity_bin:complex_q2; stage=OOD; eval_track=deployment_threshold; n_total=192; n_pos=93; n_neg=99,OOD_BIN_COMPLEXITY_BIN_COMPLEX_Q2,,
A,hybrid,HYBRID_SEM_EXPERT_GATE_M1_M3,deployment_threshold,OOD,ood_test_injection_standard,complexity_bin,complex_q2,996,567,429,0.6376,0.5888,0.6436,0.62,0.0,0.0,0.0,0.1376,126.0,127.8896,0.7008,5.1217,metrics_hybrid_bins_splitA__ood-ood_test_injection_standard.csv,bin_eval=complexity_bin:complex_q2; stage=OOD; eval_track=deployment_threshold; n_total=996; n_pos=567; n_neg=429; ood_name=ood_test_injection_standard,OOD_BIN_COMPLEXITY_BIN_COMPLEX_Q2,,
A,hybrid,HYBRID_SEM_GATE_ELSE_M3_IBVS_V2,deployment_threshold,OOD,,complexity_bin,complex_q2,192,93,99,0.7656,0.7633,0.7623,0.7947,0.0753,0.2366,0.2581,0.3118,14.0,14.2865,0.9474,5.0,metrics_hybrid_bins_splitA.csv,bin_eval=complexity_bin:complex_q2; stage=OOD; eval_track=deployment_threshold; n_total=192; n_pos=93; n_neg=99,OOD_BIN_COMPLEXITY_BIN_COMPLEX_Q2,,
A,hybrid,HYBRID_SEM_GATE_ELSE_M3_IBVS_V2,deployment_threshold,OOD,ood_test_injection_standard,complexity_bin,complex_q2,996,567,429,0.6084,0.5384,0.552,0.4893,0.0,0.0441,0.0882,0.1235,126.0,127.8896,0.7008,5.1217,metrics_hybrid_bins_splitA__ood-ood_test_injection_standard.csv,bin_eval=complexity_bin:complex_q2; stage=OOD; eval_track=deployment_threshold; n_total=996; n_pos=567; n_neg=429; ood_name=ood_test_injection_standard,OOD_BIN_COMPLEXITY_BIN_COMPLEX_Q2,,
A,hybrid,HYBRID_SEM_LEARNED_META_FUSION,deployment_threshold,OOD,,complexity_bin,complex_q2,192,93,99,0.7708,0.7707,0.8264,0.8465,0.0968,0.3118,0.6129,0.2258,14.0,14.2865,0.9474,5.0,metrics_hybrid_bins_splitA.csv,bin_eval=complexity_bin:complex_q2; stage=OOD; eval_track=deployment_threshold; n_total=192; n_pos=93; n_neg=99,OOD_BIN_COMPLEXITY_BIN_COMPLEX_Q2,,
A,hybrid,HYBRID_SEM_LEARNED_META_FUSION,deployment_threshold,OOD,ood_test_injection_standard,complexity_bin,complex_q2,996,567,429,0.6014,0.4878,0.7007,0.6681,0.0265,0.0423,0.2275,0.0582,126.0,127.8896,0.7008,5.1217,metrics_hybrid_bins_splitA__ood-ood_test_injection_standard.csv,bin_eval=complexity_bin:complex_q2; stage=OOD; eval_track=deployment_threshold; n_total=996; n_pos=567; n_neg=429; ood_name=ood_test_injection_standard,OOD_BIN_COMPLEXITY_BIN_COMPLEX_Q2,,
A,semantic,SEM_LOGREG_BGE,deployment_threshold,OOD,ood_test,complexity_bin,complex_q2,192,93,99,0.724,0.7175,0.8476,0.8532,0.2151,0.3871,0.5161,0.0968,14.0,14.2865,0.9474,5.0,metrics_semantic_bins_splitA.csv,bin_eval=complexity_bin:complex_q2; stage=OOD; eval_track=deployment_threshold; n_total=192; n_pos=93; n_neg=99; ood_name=ood_test,OOD_BIN_COMPLEXITY_BIN_COMPLEX_Q2,,
A,semantic,SEM_LOGREG_BGE,deployment_threshold,OOD,ood_test_injection_standard,complexity_bin,complex_q2,996,567,429,0.6175,0.5323,0.7263,0.679,0.0247,0.1958,0.261,0.0829,126.0,127.8896,0.7008,5.1217,metrics_semantic_bins_splitA__ood-ood_test_injection_standard.csv,bin_eval=complexity_bin:complex_q2; stage=OOD; eval_track=deployment_threshold; n_total=996; n_pos=567; n_neg=429; ood_name=ood_test_injection_standard,OOD_BIN_COMPLEXITY_BIN_COMPLEX_Q2,,
A,ablation,M1_TFIDF_ONLY,deployment_threshold,OOD,,complexity_bin,complex_q3,192,20,172,0.9323,0.7576,0.6157,0.8814,0.4,0.5,0.6,0.6,9.0,9.2917,1.0,5.0,metrics_ablation_bins_splitA.csv,bin_eval=complexity_bin:complex_q3; stage=OOD; eval_track=deployment_threshold; n_total=192; n_pos=20; n_neg=172,OOD_BIN_COMPLEXITY_BIN_COMPLEX_Q3,,
A,ablation,M1_TFIDF_ONLY,deployment_threshold,OOD,ood_test_injection,complexity_bin,complex_q3,169,81,88,0.7515,0.7504,0.8111,0.8371,0.0988,0.3457,0.5185,0.284,28.0,62.9645,0.8462,5.401,metrics_ablation_bins_splitA__ood-ood_test_injection.csv,bin_eval=complexity_bin:complex_q3; stage=OOD; eval_track=deployment_threshold; n_total=169; n_pos=81; n_neg=88; ood_name=ood_test_injection,OOD_BIN_COMPLEXITY_BIN_COMPLEX_Q3,,
A,ablation,M1_TFIDF_ONLY,deployment_threshold,OOD,ood_test_injection_standard,complexity_bin,complex_q3,996,505,491,0.5994,0.5967,0.6198,0.6341,0.0158,0.1089,0.2079,0.3287,85.0,81.0241,0.7857,5.047,metrics_ablation_bins_splitA__ood-ood_test_injection_standard.csv,bin_eval=complexity_bin:complex_q3; stage=OOD; eval_track=deployment_threshold; n_total=996; n_pos=505; n_neg=491; ood_name=ood_test_injection_standard,OOD_BIN_COMPLEXITY_BIN_COMPLEX_Q3,,
A,ablation,M1_TFIDF_ONLY,ranking,OOD,,complexity_bin,complex_q3,192,20,172,0.5833,0.5152,0.6157,0.8814,0.4,0.5,0.6,0.0,9.0,9.2917,1.0,5.0,metrics_ablation_bins_splitA.csv,bin_eval=complexity_bin:complex_q3; stage=OOD; eval_track=ranking; n_total=192; n_pos=20; n_neg=172,OOD_BIN_COMPLEXITY_BIN_COMPLEX_Q3,,
A,ablation,M1_TFIDF_ONLY,ranking,OOD,ood_test_injection,complexity_bin,complex_q3,169,81,88,0.5799,0.5095,0.8111,0.8371,0.0988,0.3457,0.5185,0.0,28.0,62.9645,0.8462,5.401,metrics_ablation_bins_splitA__ood-ood_test_injection.csv,bin_eval=complexity_bin:complex_q3; stage=OOD; eval_track=ranking; n_total=169; n_pos=81; n_neg=88; ood_name=ood_test_injection,OOD_BIN_COMPLEXITY_BIN_COMPLEX_Q3,,
A,ablation,M1_TFIDF_ONLY,ranking,OOD,ood_test_injection_standard,complexity_bin,complex_q3,996,505,491,0.5402,0.4261,0.6198,0.6341,0.0158,0.1089,0.2079,0.0277,85.0,81.0241,0.7857,5.047,metrics_ablation_bins_splitA__ood-ood_test_injection_standard.csv,bin_eval=complexity_bin:complex_q3; stage=OOD; eval_track=ranking; n_total=996; n_pos=505; n_neg=491; ood_name=ood_test_injection_standard,OOD_BIN_COMPLEXITY_BIN_COMPLEX_Q3,,
A,ablation,M2_TFIDF_PLUS_FLAGS,deployment_threshold,OOD,,complexity_bin,complex_q3,192,20,172,0.9271,0.7741,0.6683,0.9541,0.45,0.65,0.9,0.5,9.0,9.2917,1.0,5.0,metrics_ablation_bins_splitA.csv,bin_eval=complexity_bin:complex_q3; stage=OOD; eval_track=deployment_threshold; n_total=192; n_pos=20; n_neg=172,OOD_BIN_COMPLEXITY_BIN_COMPLEX_Q3,,
A,ablation,M2_TFIDF_PLUS_FLAGS,deployment_threshold,OOD,ood_test_injection,complexity_bin,complex_q3,169,81,88,0.6331,0.631,0.5547,0.6223,0.037,0.037,0.0864,0.2593,28.0,62.9645,0.8462,5.401,metrics_ablation_bins_splitA__ood-ood_test_injection.csv,bin_eval=complexity_bin:complex_q3; stage=OOD; eval_track=deployment_threshold; n_total=169; n_pos=81; n_neg=88; ood_name=ood_test_injection,OOD_BIN_COMPLEXITY_BIN_COMPLEX_Q3,,
A,ablation,M2_TFIDF_PLUS_FLAGS,deployment_threshold,OOD,ood_test_injection_standard,complexity_bin,complex_q3,996,505,491,0.5351,0.5303,0.5498,0.5464,0.0119,0.0634,0.1465,0.3723,85.0,81.0241,0.7857,5.047,metrics_ablation_bins_splitA__ood-ood_test_injection_standard.csv,bin_eval=complexity_bin:complex_q3; stage=OOD; eval_track=deployment_threshold; n_total=996; n_pos=505; n_neg=491; ood_name=ood_test_injection_standard,OOD_BIN_COMPLEXITY_BIN_COMPLEX_Q3,,
A,ablation,M2_TFIDF_PLUS_FLAGS,ranking,OOD,,complexity_bin,complex_q3,192,20,172,0.599,0.5267,0.6683,0.9541,0.45,0.65,0.9,0.0,9.0,9.2917,1.0,5.0,metrics_ablation_bins_splitA.csv,bin_eval=complexity_bin:complex_q3; stage=OOD; eval_track=ranking; n_total=192; n_pos=20; n_neg=172,OOD_BIN_COMPLEXITY_BIN_COMPLEX_Q3,,
A,ablation,M2_TFIDF_PLUS_FLAGS,ranking,OOD,ood_test_injection,complexity_bin,complex_q3,169,81,88,0.497,0.3609,0.5547,0.6223,0.037,0.037,0.0864,0.0,28.0,62.9645,0.8462,5.401,metrics_ablation_bins_splitA__ood-ood_test_injection.csv,bin_eval=complexity_bin:complex_q3; stage=OOD; eval_track=ranking; n_total=169; n_pos=81; n_neg=88; ood_name=ood_test_injection,OOD_BIN_COMPLEXITY_BIN_COMPLEX_Q3,,
A,ablation,M2_TFIDF_PLUS_FLAGS,ranking,OOD,ood_test_injection_standard,complexity_bin,complex_q3,996,505,491,0.511,0.3524,0.5498,0.5464,0.0119,0.0634,0.1465,0.0079,85.0,81.0241,0.7857,5.047,metrics_ablation_bins_splitA__ood-ood_test_injection_standard.csv,bin_eval=complexity_bin:complex_q3; stage=OOD; eval_track=ranking; n_total=996; n_pos=505; n_neg=491; ood_name=ood_test_injection_standard,OOD_BIN_COMPLEXITY_BIN_COMPLEX_Q3,,
A,ablation,M3_TFIDF_PLUS_FLAGS_PLUS_IBVS_V1_TOTAL,deployment_threshold,OOD,,complexity_bin,complex_q3,192,20,172,0.9375,0.8161,0.641,0.9517,0.25,0.6,0.75,0.4,9.0,9.2917,1.0,5.0,metrics_ablation_bins_splitA.csv,bin_eval=complexity_bin:complex_q3; stage=OOD; eval_track=deployment_threshold; n_total=192; n_pos=20; n_neg=172,OOD_BIN_COMPLEXITY_BIN_COMPLEX_Q3,,
A,ablation,M3_TFIDF_PLUS_FLAGS_PLUS_IBVS_V1_TOTAL,deployment_threshold,OOD,ood_test_injection,complexity_bin,complex_q3,169,81,88,0.6154,0.6134,0.5267,0.6061,0.0123,0.037,0.0741,0.284,28.0,62.9645,0.8462,5.401,metrics_ablation_bins_splitA__ood-ood_test_injection.csv,bin_eval=complexity_bin:complex_q3; stage=OOD; eval_track=deployment_threshold; n_total=169; n_pos=81; n_neg=88; ood_name=ood_test_injection,OOD_BIN_COMPLEXITY_BIN_COMPLEX_Q3,,
A,ablation,M3_TFIDF_PLUS_FLAGS_PLUS_IBVS_V1_TOTAL,deployment_threshold,OOD,ood_test_injection_standard,complexity_bin,complex_q3,996,505,491,0.5512,0.5481,0.556,0.5633,0.0099,0.0752,0.1505,0.3743,85.0,81.0241,0.7857,5.047,metrics_ablation_bins_splitA__ood-ood_test_injection_standard.csv,bin_eval=complexity_bin:complex_q3; stage=OOD; eval_track=deployment_threshold; n_total=996; n_pos=505; n_neg=491; ood_name=ood_test_injection_standard,OOD_BIN_COMPLEXITY_BIN_COMPLEX_Q3,,
A,ablation,M3_TFIDF_PLUS_FLAGS_PLUS_IBVS_V1_TOTAL,ranking,OOD,,complexity_bin,complex_q3,192,20,172,0.5833,0.5152,0.641,0.9517,0.25,0.6,0.75,0.0,9.0,9.2917,1.0,5.0,metrics_ablation_bins_splitA.csv,bin_eval=complexity_bin:complex_q3; stage=OOD; eval_track=ranking; n_total=192; n_pos=20; n_neg=172,OOD_BIN_COMPLEXITY_BIN_COMPLEX_Q3,,
A,ablation,M3_TFIDF_PLUS_FLAGS_PLUS_IBVS_V1_TOTAL,ranking,OOD,ood_test_injection,complexity_bin,complex_q3,169,81,88,0.497,0.3609,0.5267,0.6061,0.0123,0.037,0.0741,0.0,28.0,62.9645,0.8462,5.401,metrics_ablation_bins_splitA__ood-ood_test_injection.csv,bin_eval=complexity_bin:complex_q3; stage=OOD; eval_track=ranking; n_total=169; n_pos=81; n_neg=88; ood_name=ood_test_injection,OOD_BIN_COMPLEXITY_BIN_COMPLEX_Q3,,
A,ablation,M3_TFIDF_PLUS_FLAGS_PLUS_IBVS_V1_TOTAL,ranking,OOD,ood_test_injection_standard,complexity_bin,complex_q3,996,505,491,0.5171,0.367,0.556,0.5633,0.0099,0.0752,0.1505,0.0099,85.0,81.0241,0.7857,5.047,metrics_ablation_bins_splitA__ood-ood_test_injection_standard.csv,bin_eval=complexity_bin:complex_q3; stage=OOD; eval_track=ranking; n_total=996; n_pos=505; n_neg=491; ood_name=ood_test_injection_standard,OOD_BIN_COMPLEXITY_BIN_COMPLEX_Q3,,
A,ablation,M3_TFIDF_PLUS_FLAGS_PLUS_IBVS_V2_STRUCTURED,deployment_threshold,OOD,,complexity_bin,complex_q3,192,20,172,0.9271,0.7956,0.6435,0.9561,0.2,0.65,0.85,0.4,9.0,9.2917,1.0,5.0,metrics_ablation_bins_splitA.csv,bin_eval=complexity_bin:complex_q3; stage=OOD; eval_track=deployment_threshold; n_total=192; n_pos=20; n_neg=172,OOD_BIN_COMPLEXITY_BIN_COMPLEX_Q3,,
A,ablation,M3_TFIDF_PLUS_FLAGS_PLUS_IBVS_V2_STRUCTURED,deployment_threshold,OOD,ood_test_injection,complexity_bin,complex_q3,169,81,88,0.645,0.6291,0.5621,0.6383,0.0247,0.0247,0.1235,0.1111,28.0,62.9645,0.8462,5.401,metrics_ablation_bins_splitA__ood-ood_test_injection.csv,bin_eval=complexity_bin:complex_q3; stage=OOD; eval_track=deployment_threshold; n_total=169; n_pos=81; n_neg=88; ood_name=ood_test_injection,OOD_BIN_COMPLEXITY_BIN_COMPLEX_Q3,,
A,ablation,M3_TFIDF_PLUS_FLAGS_PLUS_IBVS_V2_STRUCTURED,deployment_threshold,OOD,ood_test_injection_standard,complexity_bin,complex_q3,996,505,491,0.5271,0.5102,0.5534,0.5454,0.0139,0.0653,0.1347,0.297,85.0,81.0241,0.7857,5.047,metrics_ablation_bins_splitA__ood-ood_test_injection_standard.csv,bin_eval=complexity_bin:complex_q3; stage=OOD; eval_track=deployment_threshold; n_total=996; n_pos=505; n_neg=491; ood_name=ood_test_injection_standard,OOD_BIN_COMPLEXITY_BIN_COMPLEX_Q3,,
A,ablation,M3_TFIDF_PLUS_FLAGS_PLUS_IBVS_V2_STRUCTURED,ranking,OOD,,complexity_bin,complex_q3,192,20,172,0.5781,0.5113,0.6435,0.9561,0.2,0.65,0.85,0.0,9.0,9.2917,1.0,5.0,metrics_ablation_bins_splitA.csv,bin_eval=complexity_bin:complex_q3; stage=OOD; eval_track=ranking; n_total=192; n_pos=20; n_neg=172,OOD_BIN_COMPLEXITY_BIN_COMPLEX_Q3,,
A,ablation,M3_TFIDF_PLUS_FLAGS_PLUS_IBVS_V2_STRUCTURED,ranking,OOD,ood_test_injection,complexity_bin,complex_q3,169,81,88,0.4911,0.3488,0.5621,0.6383,0.0247,0.0247,0.1235,0.0,28.0,62.9645,0.8462,5.401,metrics_ablation_bins_splitA__ood-ood_test_injection.csv,bin_eval=complexity_bin:complex_q3; stage=OOD; eval_track=ranking; n_total=169; n_pos=81; n_neg=88; ood_name=ood_test_injection,OOD_BIN_COMPLEXITY_BIN_COMPLEX_Q3,,
A,ablation,M3_TFIDF_PLUS_FLAGS_PLUS_IBVS_V2_STRUCTURED,ranking,OOD,ood_test_injection_standard,complexity_bin,complex_q3,996,505,491,0.51,0.3502,0.5534,0.5454,0.0139,0.0653,0.1347,0.0079,85.0,81.0241,0.7857,5.047,metrics_ablation_bins_splitA__ood-ood_test_injection_standard.csv,bin_eval=complexity_bin:complex_q3; stage=OOD; eval_track=ranking; n_total=996; n_pos=505; n_neg=491; ood_name=ood_test_injection_standard,OOD_BIN_COMPLEXITY_BIN_COMPLEX_Q3,,
A,ablation,M3_TFIDF_PLUS_FLAGS_PLUS_IBVS_V2_TAILCAL,deployment_threshold,OOD,,complexity_bin,complex_q3,192,20,172,0.9219,0.786,0.6308,0.95,0.25,0.65,0.85,0.4,9.0,9.2917,1.0,5.0,metrics_ablation_bins_splitA.csv,bin_eval=complexity_bin:complex_q3; stage=OOD; eval_track=deployment_threshold; n_total=192; n_pos=20; n_neg=172,OOD_BIN_COMPLEXITY_BIN_COMPLEX_Q3,,
A,ablation,M3_TFIDF_PLUS_FLAGS_PLUS_IBVS_V2_TAILCAL,deployment_threshold,OOD,ood_test_injection,complexity_bin,complex_q3,169,81,88,0.645,0.6357,0.5388,0.6139,0.0247,0.037,0.0864,0.1605,28.0,62.9645,0.8462,5.401,metrics_ablation_bins_splitA__ood-ood_test_injection.csv,bin_eval=complexity_bin:complex_q3; stage=OOD; eval_track=deployment_threshold; n_total=169; n_pos=81; n_neg=88; ood_name=ood_test_injection,OOD_BIN_COMPLEXITY_BIN_COMPLEX_Q3,,
A,ablation,M3_TFIDF_PLUS_FLAGS_PLUS_IBVS_V2_TAILCAL,deployment_threshold,OOD,ood_test_injection_standard,complexity_bin,complex_q3,996,505,491,0.5291,0.5162,0.5587,0.5563,0.0257,0.0554,0.1446,0.3168,85.0,81.0241,0.7857,5.047,metrics_ablation_bins_splitA__ood-ood_test_injection_standard.csv,bin_eval=complexity_bin:complex_q3; stage=OOD; eval_track=deployment_threshold; n_total=996; n_pos=505; n_neg=491; ood_name=ood_test_injection_standard,OOD_BIN_COMPLEXITY_BIN_COMPLEX_Q3,,
A,ablation,M3_TFIDF_PLUS_FLAGS_PLUS_IBVS_V2_TAILCAL,ranking,OOD,,complexity_bin,complex_q3,192,20,172,0.5729,0.5074,0.6308,0.95,0.25,0.65,0.85,0.0,9.0,9.2917,1.0,5.0,metrics_ablation_bins_splitA.csv,bin_eval=complexity_bin:complex_q3; stage=OOD; eval_track=ranking; n_total=192; n_pos=20; n_neg=172,OOD_BIN_COMPLEXITY_BIN_COMPLEX_Q3,,
A,ablation,M3_TFIDF_PLUS_FLAGS_PLUS_IBVS_V2_TAILCAL,ranking,OOD,ood_test_injection,complexity_bin,complex_q3,169,81,88,0.4911,0.3488,0.5388,0.6139,0.0247,0.037,0.0864,0.0,28.0,62.9645,0.8462,5.401,metrics_ablation_bins_splitA__ood-ood_test_injection.csv,bin_eval=complexity_bin:complex_q3; stage=OOD; eval_track=ranking; n_total=169; n_pos=81; n_neg=88; ood_name=ood_test_injection,OOD_BIN_COMPLEXITY_BIN_COMPLEX_Q3,,
A,ablation,M3_TFIDF_PLUS_FLAGS_PLUS_IBVS_V2_TAILCAL,ranking,OOD,ood_test_injection_standard,complexity_bin,complex_q3,996,505,491,0.5131,0.355,0.5587,0.5563,0.0257,0.0554,0.1446,0.0059,85.0,81.0241,0.7857,5.047,metrics_ablation_bins_splitA__ood-ood_test_injection_standard.csv,bin_eval=complexity_bin:complex_q3; stage=OOD; eval_track=ranking; n_total=996; n_pos=505; n_neg=491; ood_name=ood_test_injection_standard,OOD_BIN_COMPLEXITY_BIN_COMPLEX_Q3,,
A,ablation,M3_TFIDF_PLUS_FLAGS_PLUS_IBVS_V2_TOTAL,deployment_threshold,OOD,,complexity_bin,complex_q3,192,20,172,0.9375,0.8248,0.6672,0.9596,0.2,0.7,0.9,0.35,9.0,9.2917,1.0,5.0,metrics_ablation_bins_splitA.csv,bin_eval=complexity_bin:complex_q3; stage=OOD; eval_track=deployment_threshold; n_total=192; n_pos=20; n_neg=172,OOD_BIN_COMPLEXITY_BIN_COMPLEX_Q3,,
A,ablation,M3_TFIDF_PLUS_FLAGS_PLUS_IBVS_V2_TOTAL,deployment_threshold,OOD,ood_test_injection,complexity_bin,complex_q3,169,81,88,0.645,0.6342,0.5442,0.6191,0.0247,0.0247,0.0864,0.1481,28.0,62.9645,0.8462,5.401,metrics_ablation_bins_splitA__ood-ood_test_injection.csv,bin_eval=complexity_bin:complex_q3; stage=OOD; eval_track=deployment_threshold; n_total=169; n_pos=81; n_neg=88; ood_name=ood_test_injection,OOD_BIN_COMPLEXITY_BIN_COMPLEX_Q3,,
A,ablation,M3_TFIDF_PLUS_FLAGS_PLUS_IBVS_V2_TOTAL,deployment_threshold,OOD,ood_test_injection_standard,complexity_bin,complex_q3,996,505,491,0.5281,0.5079,0.5597,0.5549,0.0277,0.0752,0.1386,0.2792,85.0,81.0241,0.7857,5.047,metrics_ablation_bins_splitA__ood-ood_test_injection_standard.csv,bin_eval=complexity_bin:complex_q3; stage=OOD; eval_track=deployment_threshold; n_total=996; n_pos=505; n_neg=491; ood_name=ood_test_injection_standard,OOD_BIN_COMPLEXITY_BIN_COMPLEX_Q3,,
A,ablation,M3_TFIDF_PLUS_FLAGS_PLUS_IBVS_V2_TOTAL,ranking,OOD,,complexity_bin,complex_q3,192,20,172,0.5885,0.519,0.6672,0.9596,0.2,0.7,0.9,0.0,9.0,9.2917,1.0,5.0,metrics_ablation_bins_splitA.csv,bin_eval=complexity_bin:complex_q3; stage=OOD; eval_track=ranking; n_total=192; n_pos=20; n_neg=172,OOD_BIN_COMPLEXITY_BIN_COMPLEX_Q3,,
A,ablation,M3_TFIDF_PLUS_FLAGS_PLUS_IBVS_V2_TOTAL,ranking,OOD,ood_test_injection,complexity_bin,complex_q3,169,81,88,0.4911,0.3488,0.5442,0.6191,0.0247,0.0247,0.0864,0.0,28.0,62.9645,0.8462,5.401,metrics_ablation_bins_splitA__ood-ood_test_injection.csv,bin_eval=complexity_bin:complex_q3; stage=OOD; eval_track=ranking; n_total=169; n_pos=81; n_neg=88; ood_name=ood_test_injection,OOD_BIN_COMPLEXITY_BIN_COMPLEX_Q3,,
A,ablation,M3_TFIDF_PLUS_FLAGS_PLUS_IBVS_V2_TOTAL,ranking,OOD,ood_test_injection_standard,complexity_bin,complex_q3,996,505,491,0.5131,0.3533,0.5597,0.5549,0.0277,0.0752,0.1386,0.004,85.0,81.0241,0.7857,5.047,metrics_ablation_bins_splitA__ood-ood_test_injection_standard.csv,bin_eval=complexity_bin:complex_q3; stage=OOD; eval_track=ranking; n_total=996; n_pos=505; n_neg=491; ood_name=ood_test_injection_standard,OOD_BIN_COMPLEXITY_BIN_COMPLEX_Q3,,
A,ablation,M3_TFIDF_PLUS_FLAGS_PLUS_IBVS_V2_TRIPWIRE,deployment_threshold,OOD,,complexity_bin,complex_q3,192,20,172,0.9219,0.7757,0.6429,0.9517,0.3,0.6,0.8,0.45,9.0,9.2917,1.0,5.0,metrics_ablation_bins_splitA.csv,bin_eval=complexity_bin:complex_q3; stage=OOD; eval_track=deployment_threshold; n_total=192; n_pos=20; n_neg=172,OOD_BIN_COMPLEXITY_BIN_COMPLEX_Q3,,
A,ablation,M3_TFIDF_PLUS_FLAGS_PLUS_IBVS_V2_TRIPWIRE,deployment_threshold,OOD,ood_test_injection,complexity_bin,complex_q3,169,81,88,0.6509,0.6437,0.5461,0.623,0.0247,0.0247,0.1111,0.1728,28.0,62.9645,0.8462,5.401,metrics_ablation_bins_splitA__ood-ood_test_injection.csv,bin_eval=complexity_bin:complex_q3; stage=OOD; eval_track=deployment_threshold; n_total=169; n_pos=81; n_neg=88; ood_name=ood_test_injection,OOD_BIN_COMPLEXITY_BIN_COMPLEX_Q3,,
A,ablation,M3_TFIDF_PLUS_FLAGS_PLUS_IBVS_V2_TRIPWIRE,deployment_threshold,OOD,ood_test_injection_standard,complexity_bin,complex_q3,996,505,491,0.5422,0.5329,0.5527,0.5513,0.0178,0.0693,0.1426,0.3267,85.0,81.0241,0.7857,5.047,metrics_ablation_bins_splitA__ood-ood_test_injection_standard.csv,bin_eval=complexity_bin:complex_q3; stage=OOD; eval_track=deployment_threshold; n_total=996; n_pos=505; n_neg=491; ood_name=ood_test_injection_standard,OOD_BIN_COMPLEXITY_BIN_COMPLEX_Q3,,
A,ablation,M3_TFIDF_PLUS_FLAGS_PLUS_IBVS_V2_TRIPWIRE,ranking,OOD,,complexity_bin,complex_q3,192,20,172,0.6562,0.57,0.6429,0.9517,0.3,0.6,0.8,0.0,9.0,9.2917,1.0,5.0,metrics_ablation_bins_splitA.csv,bin_eval=complexity_bin:complex_q3; stage=OOD; eval_track=ranking; n_total=192; n_pos=20; n_neg=172,OOD_BIN_COMPLEXITY_BIN_COMPLEX_Q3,,
A,ablation,M3_TFIDF_PLUS_FLAGS_PLUS_IBVS_V2_TRIPWIRE,ranking,OOD,ood_test_injection,complexity_bin,complex_q3,169,81,88,0.497,0.3609,0.5461,0.623,0.0247,0.0247,0.1111,0.0,28.0,62.9645,0.8462,5.401,metrics_ablation_bins_splitA__ood-ood_test_injection.csv,bin_eval=complexity_bin:complex_q3; stage=OOD; eval_track=ranking; n_total=169; n_pos=81; n_neg=88; ood_name=ood_test_injection,OOD_BIN_COMPLEXITY_BIN_COMPLEX_Q3,,
A,ablation,M3_TFIDF_PLUS_FLAGS_PLUS_IBVS_V2_TRIPWIRE,ranking,OOD,ood_test_injection_standard,complexity_bin,complex_q3,996,505,491,0.5161,0.3681,0.5527,0.5513,0.0178,0.0693,0.1426,0.0139,85.0,81.0241,0.7857,5.047,metrics_ablation_bins_splitA__ood-ood_test_injection_standard.csv,bin_eval=complexity_bin:complex_q3; stage=OOD; eval_track=ranking; n_total=996; n_pos=505; n_neg=491; ood_name=ood_test_injection_standard,OOD_BIN_COMPLEXITY_BIN_COMPLEX_Q3,,
A,hybrid,HYBRID_SEM_ANCHORED_IBVS_BOOST,deployment_threshold,OOD,,complexity_bin,complex_q3,192,20,172,0.8698,0.7347,0.642,0.8599,0.35,0.6,0.65,0.25,9.0,9.2917,1.0,5.0,metrics_hybrid_bins_splitA.csv,bin_eval=complexity_bin:complex_q3; stage=OOD; eval_track=deployment_threshold; n_total=192; n_pos=20; n_neg=172,OOD_BIN_COMPLEXITY_BIN_COMPLEX_Q3,,
A,hybrid,HYBRID_SEM_ANCHORED_IBVS_BOOST,deployment_threshold,OOD,ood_test_injection,complexity_bin,complex_q3,169,81,88,0.6391,0.6273,0.5693,0.6045,0.0,0.1111,0.1728,0.1481,28.0,62.9645,0.8462,5.401,metrics_hybrid_bins_splitA__ood-ood_test_injection.csv,bin_eval=complexity_bin:complex_q3; stage=OOD; eval_track=deployment_threshold; n_total=169; n_pos=81; n_neg=88; ood_name=ood_test_injection,OOD_BIN_COMPLEXITY_BIN_COMPLEX_Q3,,
A,hybrid,HYBRID_SEM_ANCHORED_IBVS_BOOST,deployment_threshold,OOD,ood_test_injection_standard,complexity_bin,complex_q3,996,505,491,0.6606,0.6538,0.6935,0.7246,0.0297,0.1762,0.2772,0.2099,85.0,81.0241,0.7857,5.047,metrics_hybrid_bins_splitA__ood-ood_test_injection_standard.csv,bin_eval=complexity_bin:complex_q3; stage=OOD; eval_track=deployment_threshold; n_total=996; n_pos=505; n_neg=491; ood_name=ood_test_injection_standard,OOD_BIN_COMPLEXITY_BIN_COMPLEX_Q3,,
A,hybrid,HYBRID_SEM_ANCHORED_IBVS_BOOST_V2,deployment_threshold,OOD,,complexity_bin,complex_q3,192,20,172,0.8698,0.7347,0.642,0.8599,0.35,0.6,0.65,0.25,9.0,9.2917,1.0,5.0,metrics_hybrid_bins_splitA.csv,bin_eval=complexity_bin:complex_q3; stage=OOD; eval_track=deployment_threshold; n_total=192; n_pos=20; n_neg=172,OOD_BIN_COMPLEXITY_BIN_COMPLEX_Q3,,
A,hybrid,HYBRID_SEM_ANCHORED_IBVS_BOOST_V2,deployment_threshold,OOD,ood_test_injection,complexity_bin,complex_q3,169,81,88,0.6391,0.6273,0.5693,0.6045,0.0,0.1111,0.1728,0.1481,28.0,62.9645,0.8462,5.401,metrics_hybrid_bins_splitA__ood-ood_test_injection.csv,bin_eval=complexity_bin:complex_q3; stage=OOD; eval_track=deployment_threshold; n_total=169; n_pos=81; n_neg=88; ood_name=ood_test_injection,OOD_BIN_COMPLEXITY_BIN_COMPLEX_Q3,,
A,hybrid,HYBRID_SEM_ANCHORED_IBVS_BOOST_V2,deployment_threshold,OOD,ood_test_injection_standard,complexity_bin,complex_q3,996,505,491,0.6606,0.6538,0.6935,0.7246,0.0297,0.1762,0.2772,0.2099,85.0,81.0241,0.7857,5.047,metrics_hybrid_bins_splitA__ood-ood_test_injection_standard.csv,bin_eval=complexity_bin:complex_q3; stage=OOD; eval_track=deployment_threshold; n_total=996; n_pos=505; n_neg=491; ood_name=ood_test_injection_standard,OOD_BIN_COMPLEXITY_BIN_COMPLEX_Q3,,
A,hybrid,HYBRID_SEM_ANCHORED_IBVS_VETO,deployment_threshold,OOD,,complexity_bin,complex_q3,192,20,172,0.625,0.5362,0.642,0.8599,0.35,0.6,0.65,0.1,9.0,9.2917,1.0,5.0,metrics_hybrid_bins_splitA.csv,bin_eval=complexity_bin:complex_q3; stage=OOD; eval_track=deployment_threshold; n_total=192; n_pos=20; n_neg=172,OOD_BIN_COMPLEXITY_BIN_COMPLEX_Q3,,
A,hybrid,HYBRID_SEM_ANCHORED_IBVS_VETO,deployment_threshold,OOD,ood_test_injection,complexity_bin,complex_q3,169,81,88,0.5503,0.5052,0.5693,0.6045,0.0,0.1111,0.1728,0.1111,28.0,62.9645,0.8462,5.401,metrics_hybrid_bins_splitA__ood-ood_test_injection.csv,bin_eval=complexity_bin:complex_q3; stage=OOD; eval_track=deployment_threshold; n_total=169; n_pos=81; n_neg=88; ood_name=ood_test_injection,OOD_BIN_COMPLEXITY_BIN_COMPLEX_Q3,,
A,hybrid,HYBRID_SEM_ANCHORED_IBVS_VETO,deployment_threshold,OOD,ood_test_injection_standard,complexity_bin,complex_q3,996,505,491,0.6426,0.6133,0.6935,0.7246,0.0297,0.1762,0.2772,0.095,85.0,81.0241,0.7857,5.047,metrics_hybrid_bins_splitA__ood-ood_test_injection_standard.csv,bin_eval=complexity_bin:complex_q3; stage=OOD; eval_track=deployment_threshold; n_total=996; n_pos=505; n_neg=491; ood_name=ood_test_injection_standard,OOD_BIN_COMPLEXITY_BIN_COMPLEX_Q3,,
A,hybrid,HYBRID_SEM_EXPERT_GATE_M1_M3,deployment_threshold,OOD,,complexity_bin,complex_q3,192,20,172,0.7917,0.6506,0.5793,0.8922,0.05,0.65,0.75,0.25,9.0,9.2917,1.0,5.0,metrics_hybrid_bins_splitA.csv,bin_eval=complexity_bin:complex_q3; stage=OOD; eval_track=deployment_threshold; n_total=192; n_pos=20; n_neg=172,OOD_BIN_COMPLEXITY_BIN_COMPLEX_Q3,,
A,hybrid,HYBRID_SEM_EXPERT_GATE_M1_M3,deployment_threshold,OOD,ood_test_injection,complexity_bin,complex_q3,169,81,88,0.5976,0.59,0.6174,0.6763,0.0,0.0,0.0,0.2346,28.0,62.9645,0.8462,5.401,metrics_hybrid_bins_splitA__ood-ood_test_injection.csv,bin_eval=complexity_bin:complex_q3; stage=OOD; eval_track=deployment_threshold; n_total=169; n_pos=81; n_neg=88; ood_name=ood_test_injection,OOD_BIN_COMPLEXITY_BIN_COMPLEX_Q3,,
A,hybrid,HYBRID_SEM_EXPERT_GATE_M1_M3,deployment_threshold,OOD,ood_test_injection_standard,complexity_bin,complex_q3,996,505,491,0.6546,0.6495,0.6467,0.6913,0.0,0.0,0.0,0.2356,85.0,81.0241,0.7857,5.047,metrics_hybrid_bins_splitA__ood-ood_test_injection_standard.csv,bin_eval=complexity_bin:complex_q3; stage=OOD; eval_track=deployment_threshold; n_total=996; n_pos=505; n_neg=491; ood_name=ood_test_injection_standard,OOD_BIN_COMPLEXITY_BIN_COMPLEX_Q3,,
A,hybrid,HYBRID_SEM_GATE_ELSE_M3_IBVS_V2,deployment_threshold,OOD,,complexity_bin,complex_q3,192,20,172,0.9167,0.8024,0.4151,0.8797,0.1,0.25,0.6,0.25,9.0,9.2917,1.0,5.0,metrics_hybrid_bins_splitA.csv,bin_eval=complexity_bin:complex_q3; stage=OOD; eval_track=deployment_threshold; n_total=192; n_pos=20; n_neg=172,OOD_BIN_COMPLEXITY_BIN_COMPLEX_Q3,,
A,hybrid,HYBRID_SEM_GATE_ELSE_M3_IBVS_V2,deployment_threshold,OOD,ood_test_injection,complexity_bin,complex_q3,169,81,88,0.6331,0.6125,0.5765,0.6389,0.0247,0.0741,0.0988,0.0988,28.0,62.9645,0.8462,5.401,metrics_hybrid_bins_splitA__ood-ood_test_injection.csv,bin_eval=complexity_bin:complex_q3; stage=OOD; eval_track=deployment_threshold; n_total=169; n_pos=81; n_neg=88; ood_name=ood_test_injection,OOD_BIN_COMPLEXITY_BIN_COMPLEX_Q3,,
A,hybrid,HYBRID_SEM_GATE_ELSE_M3_IBVS_V2,deployment_threshold,OOD,ood_test_injection_standard,complexity_bin,complex_q3,996,505,491,0.5944,0.5825,0.5261,0.5398,0.0079,0.0574,0.1188,0.2475,85.0,81.0241,0.7857,5.047,metrics_hybrid_bins_splitA__ood-ood_test_injection_standard.csv,bin_eval=complexity_bin:complex_q3; stage=OOD; eval_track=deployment_threshold; n_total=996; n_pos=505; n_neg=491; ood_name=ood_test_injection_standard,OOD_BIN_COMPLEXITY_BIN_COMPLEX_Q3,,
A,hybrid,HYBRID_SEM_LEARNED_META_FUSION,deployment_threshold,OOD,,complexity_bin,complex_q3,192,20,172,0.8646,0.7432,0.5719,0.8958,0.05,0.6,0.75,0.15,9.0,9.2917,1.0,5.0,metrics_hybrid_bins_splitA.csv,bin_eval=complexity_bin:complex_q3; stage=OOD; eval_track=deployment_threshold; n_total=192; n_pos=20; n_neg=172,OOD_BIN_COMPLEXITY_BIN_COMPLEX_Q3,,
A,hybrid,HYBRID_SEM_LEARNED_META_FUSION,deployment_threshold,OOD,ood_test_injection,complexity_bin,complex_q3,169,81,88,0.5976,0.5573,0.5823,0.6446,0.0,0.0741,0.0741,0.0617,28.0,62.9645,0.8462,5.401,metrics_hybrid_bins_splitA__ood-ood_test_injection.csv,bin_eval=complexity_bin:complex_q3; stage=OOD; eval_track=deployment_threshold; n_total=169; n_pos=81; n_neg=88; ood_name=ood_test_injection,OOD_BIN_COMPLEXITY_BIN_COMPLEX_Q3,,
A,hybrid,HYBRID_SEM_LEARNED_META_FUSION,deployment_threshold,OOD,ood_test_injection_standard,complexity_bin,complex_q3,996,505,491,0.5914,0.5459,0.7053,0.7256,0.0396,0.0772,0.2594,0.105,85.0,81.0241,0.7857,5.047,metrics_hybrid_bins_splitA__ood-ood_test_injection_standard.csv,bin_eval=complexity_bin:complex_q3; stage=OOD; eval_track=deployment_threshold; n_total=996; n_pos=505; n_neg=491; ood_name=ood_test_injection_standard,OOD_BIN_COMPLEXITY_BIN_COMPLEX_Q3,,
A,semantic,SEM_LOGREG_BGE,deployment_threshold,OOD,ood_test,complexity_bin,complex_q3,192,20,172,0.625,0.5362,0.642,0.8599,0.35,0.6,0.65,0.1,9.0,9.2917,1.0,5.0,metrics_semantic_bins_splitA.csv,bin_eval=complexity_bin:complex_q3; stage=OOD; eval_track=deployment_threshold; n_total=192; n_pos=20; n_neg=172; ood_name=ood_test,OOD_BIN_COMPLEXITY_BIN_COMPLEX_Q3,,
A,semantic,SEM_LOGREG_BGE,deployment_threshold,OOD,ood_test_injection,complexity_bin,complex_q3,169,81,88,0.5503,0.5052,0.5693,0.6045,0.0,0.1111,0.1728,0.1111,28.0,62.9645,0.8462,5.401,metrics_semantic_bins_splitA__ood-ood_test_injection.csv,bin_eval=complexity_bin:complex_q3; stage=OOD; eval_track=deployment_threshold; n_total=169; n_pos=81; n_neg=88; ood_name=ood_test_injection,OOD_BIN_COMPLEXITY_BIN_COMPLEX_Q3,,
A,semantic,SEM_LOGREG_BGE,deployment_threshold,OOD,ood_test_injection_standard,complexity_bin,complex_q3,996,505,491,0.6426,0.6133,0.6935,0.7246,0.0297,0.1762,0.2772,0.095,85.0,81.0241,0.7857,5.047,metrics_semantic_bins_splitA__ood-ood_test_injection_standard.csv,bin_eval=complexity_bin:complex_q3; stage=OOD; eval_track=deployment_threshold; n_total=996; n_pos=505; n_neg=491; ood_name=ood_test_injection_standard,OOD_BIN_COMPLEXITY_BIN_COMPLEX_Q3,,
A,ablation,M1_TFIDF_ONLY,deployment_threshold,OOD,ood_test_injection,complexity_bin,complex_q4,170,3,167,0.8706,0.5419,0.092,0.6956,0.0,0.3333,0.6667,0.3333,16.0,15.9824,1.0,5.3717,metrics_ablation_bins_splitA__ood-ood_test_injection.csv,bin_eval=complexity_bin:complex_q4; stage=OOD; eval_track=deployment_threshold; n_total=170; n_pos=3; n_neg=167; ood_name=ood_test_injection,OOD_BIN_COMPLEXITY_BIN_COMPLEX_Q4,,
A,ablation,M1_TFIDF_ONLY,deployment_threshold,OOD,ood_test_injection_standard,complexity_bin,complex_q4,997,199,798,0.8255,0.6871,0.5051,0.7809,0.1256,0.3065,0.5075,0.598,12.0,17.7252,1.0,4.5238,metrics_ablation_bins_splitA__ood-ood_test_injection_standard.csv,bin_eval=complexity_bin:complex_q4; stage=OOD; eval_track=deployment_threshold; n_total=997; n_pos=199; n_neg=798; ood_name=ood_test_injection_standard,OOD_BIN_COMPLEXITY_BIN_COMPLEX_Q4,,
A,ablation,M1_TFIDF_ONLY,ranking,OOD,ood_test_injection,complexity_bin,complex_q4,170,3,167,0.2765,0.227,0.092,0.6956,0.0,0.3333,0.6667,0.3333,16.0,15.9824,1.0,5.3717,metrics_ablation_bins_splitA__ood-ood_test_injection.csv,bin_eval=complexity_bin:complex_q4; stage=OOD; eval_track=ranking; n_total=170; n_pos=3; n_neg=167; ood_name=ood_test_injection,OOD_BIN_COMPLEXITY_BIN_COMPLEX_Q4,,
A,ablation,M1_TFIDF_ONLY,ranking,OOD,ood_test_injection_standard,complexity_bin,complex_q4,997,199,798,0.5747,0.5459,0.5051,0.7809,0.1256,0.3065,0.5075,0.191,12.0,17.7252,1.0,4.5238,metrics_ablation_bins_splitA__ood-ood_test_injection_standard.csv,bin_eval=complexity_bin:complex_q4; stage=OOD; eval_track=ranking; n_total=997; n_pos=199; n_neg=798; ood_name=ood_test_injection_standard,OOD_BIN_COMPLEXITY_BIN_COMPLEX_Q4,,
A,ablation,M2_TFIDF_PLUS_FLAGS,deployment_threshold,OOD,ood_test_injection,complexity_bin,complex_q4,170,3,167,0.6,0.4009,0.0555,0.7126,0.0,0.0,0.3333,0.3333,16.0,15.9824,1.0,5.3717,metrics_ablation_bins_splitA__ood-ood_test_injection.csv,bin_eval=complexity_bin:complex_q4; stage=OOD; eval_track=deployment_threshold; n_total=170; n_pos=3; n_neg=167; ood_name=ood_test_injection,OOD_BIN_COMPLEXITY_BIN_COMPLEX_Q4,,
A,ablation,M2_TFIDF_PLUS_FLAGS,deployment_threshold,OOD,ood_test_injection_standard,complexity_bin,complex_q4,997,199,798,0.7803,0.6582,0.4178,0.7187,0.0603,0.1809,0.3668,0.5427,12.0,17.7252,1.0,4.5238,metrics_ablation_bins_splitA__ood-ood_test_injection_standard.csv,bin_eval=complexity_bin:complex_q4; stage=OOD; eval_track=deployment_threshold; n_total=997; n_pos=199; n_neg=798; ood_name=ood_test_injection_standard,OOD_BIN_COMPLEXITY_BIN_COMPLEX_Q4,,
A,ablation,M2_TFIDF_PLUS_FLAGS,ranking,OOD,ood_test_injection,complexity_bin,complex_q4,170,3,167,0.0824,0.0803,0.0555,0.7126,0.0,0.0,0.3333,0.0,16.0,15.9824,1.0,5.3717,metrics_ablation_bins_splitA__ood-ood_test_injection.csv,bin_eval=complexity_bin:complex_q4; stage=OOD; eval_track=ranking; n_total=170; n_pos=3; n_neg=167; ood_name=ood_test_injection,OOD_BIN_COMPLEXITY_BIN_COMPLEX_Q4,,
A,ablation,M2_TFIDF_PLUS_FLAGS,ranking,OOD,ood_test_injection_standard,complexity_bin,complex_q4,997,199,798,0.4413,0.4356,0.4178,0.7187,0.0603,0.1809,0.3668,0.1457,12.0,17.7252,1.0,4.5238,metrics_ablation_bins_splitA__ood-ood_test_injection_standard.csv,bin_eval=complexity_bin:complex_q4; stage=OOD; eval_track=ranking; n_total=997; n_pos=199; n_neg=798; ood_name=ood_test_injection_standard,OOD_BIN_COMPLEXITY_BIN_COMPLEX_Q4,,
A,ablation,M3_TFIDF_PLUS_FLAGS_PLUS_IBVS_V1_TOTAL,deployment_threshold,OOD,ood_test_injection,complexity_bin,complex_q4,170,3,167,0.6471,0.4226,0.0586,0.7146,0.0,0.0,0.3333,0.3333,16.0,15.9824,1.0,5.3717,metrics_ablation_bins_splitA__ood-ood_test_injection.csv,bin_eval=complexity_bin:complex_q4; stage=OOD; eval_track=deployment_threshold; n_total=170; n_pos=3; n_neg=167; ood_name=ood_test_injection,OOD_BIN_COMPLEXITY_BIN_COMPLEX_Q4,,
A,ablation,M3_TFIDF_PLUS_FLAGS_PLUS_IBVS_V1_TOTAL,deployment_threshold,OOD,ood_test_injection_standard,complexity_bin,complex_q4,997,199,798,0.7803,0.6644,0.4374,0.7364,0.0653,0.2211,0.3869,0.5176,12.0,17.7252,1.0,4.5238,metrics_ablation_bins_splitA__ood-ood_test_injection_standard.csv,bin_eval=complexity_bin:complex_q4; stage=OOD; eval_track=deployment_threshold; n_total=997; n_pos=199; n_neg=798; ood_name=ood_test_injection_standard,OOD_BIN_COMPLEXITY_BIN_COMPLEX_Q4,,
A,ablation,M3_TFIDF_PLUS_FLAGS_PLUS_IBVS_V1_TOTAL,ranking,OOD,ood_test_injection,complexity_bin,complex_q4,170,3,167,0.1059,0.1014,0.0586,0.7146,0.0,0.0,0.3333,0.0,16.0,15.9824,1.0,5.3717,metrics_ablation_bins_splitA__ood-ood_test_injection.csv,bin_eval=complexity_bin:complex_q4; stage=OOD; eval_track=ranking; n_total=170; n_pos=3; n_neg=167; ood_name=ood_test_injection,OOD_BIN_COMPLEXITY_BIN_COMPLEX_Q4,,
A,ablation,M3_TFIDF_PLUS_FLAGS_PLUS_IBVS_V1_TOTAL,ranking,OOD,ood_test_injection_standard,complexity_bin,complex_q4,997,199,798,0.4664,0.4579,0.4374,0.7364,0.0653,0.2211,0.3869,0.1457,12.0,17.7252,1.0,4.5238,metrics_ablation_bins_splitA__ood-ood_test_injection_standard.csv,bin_eval=complexity_bin:complex_q4; stage=OOD; eval_track=ranking; n_total=997; n_pos=199; n_neg=798; ood_name=ood_test_injection_standard,OOD_BIN_COMPLEXITY_BIN_COMPLEX_Q4,,
A,ablation,M3_TFIDF_PLUS_FLAGS_PLUS_IBVS_V2_STRUCTURED,deployment_threshold,OOD,ood_test_injection,complexity_bin,complex_q4,170,3,167,0.5176,0.3618,0.1387,0.7226,0.0,0.3333,0.3333,0.3333,16.0,15.9824,1.0,5.3717,metrics_ablation_bins_splitA__ood-ood_test_injection.csv,bin_eval=complexity_bin:complex_q4; stage=OOD; eval_track=deployment_threshold; n_total=170; n_pos=3; n_neg=167; ood_name=ood_test_injection,OOD_BIN_COMPLEXITY_BIN_COMPLEX_Q4,,
A,ablation,M3_TFIDF_PLUS_FLAGS_PLUS_IBVS_V2_STRUCTURED,deployment_threshold,OOD,ood_test_injection_standard,complexity_bin,complex_q4,997,199,798,0.7462,0.642,0.417,0.7169,0.0754,0.201,0.3518,0.4824,12.0,17.7252,1.0,4.5238,metrics_ablation_bins_splitA__ood-ood_test_injection_standard.csv,bin_eval=complexity_bin:complex_q4; stage=OOD; eval_track=deployment_threshold; n_total=997; n_pos=199; n_neg=798; ood_name=ood_test_injection_standard,OOD_BIN_COMPLEXITY_BIN_COMPLEX_Q4,,
A,ablation,M3_TFIDF_PLUS_FLAGS_PLUS_IBVS_V2_STRUCTURED,ranking,OOD,ood_test_injection,complexity_bin,complex_q4,170,3,167,0.0824,0.0803,0.1387,0.7226,0.0,0.3333,0.3333,0.0,16.0,15.9824,1.0,5.3717,metrics_ablation_bins_splitA__ood-ood_test_injection.csv,bin_eval=complexity_bin:complex_q4; stage=OOD; eval_track=ranking; n_total=170; n_pos=3; n_neg=167; ood_name=ood_test_injection,OOD_BIN_COMPLEXITY_BIN_COMPLEX_Q4,,
A,ablation,M3_TFIDF_PLUS_FLAGS_PLUS_IBVS_V2_STRUCTURED,ranking,OOD,ood_test_injection_standard,complexity_bin,complex_q4,997,199,798,0.4393,0.4336,0.417,0.7169,0.0754,0.201,0.3518,0.1508,12.0,17.7252,1.0,4.5238,metrics_ablation_bins_splitA__ood-ood_test_injection_standard.csv,bin_eval=complexity_bin:complex_q4; stage=OOD; eval_track=ranking; n_total=997; n_pos=199; n_neg=798; ood_name=ood_test_injection_standard,OOD_BIN_COMPLEXITY_BIN_COMPLEX_Q4,,
A,ablation,M3_TFIDF_PLUS_FLAGS_PLUS_IBVS_V2_TAILCAL,deployment_threshold,OOD,ood_test_injection,complexity_bin,complex_q4,170,3,167,0.5176,0.3618,0.0989,0.7425,0.0,0.3333,0.3333,0.3333,16.0,15.9824,1.0,5.3717,metrics_ablation_bins_splitA__ood-ood_test_injection.csv,bin_eval=complexity_bin:complex_q4; stage=OOD; eval_track=deployment_threshold; n_total=170; n_pos=3; n_neg=167; ood_name=ood_test_injection,OOD_BIN_COMPLEXITY_BIN_COMPLEX_Q4,,
A,ablation,M3_TFIDF_PLUS_FLAGS_PLUS_IBVS_V2_TAILCAL,deployment_threshold,OOD,ood_test_injection_standard,complexity_bin,complex_q4,997,199,798,0.7713,0.6654,0.4394,0.7306,0.0754,0.2211,0.397,0.4774,12.0,17.7252,1.0,4.5238,metrics_ablation_bins_splitA__ood-ood_test_injection_standard.csv,bin_eval=complexity_bin:complex_q4; stage=OOD; eval_track=deployment_threshold; n_total=997; n_pos=199; n_neg=798; ood_name=ood_test_injection_standard,OOD_BIN_COMPLEXITY_BIN_COMPLEX_Q4,,
A,ablation,M3_TFIDF_PLUS_FLAGS_PLUS_IBVS_V2_TAILCAL,ranking,OOD,ood_test_injection,complexity_bin,complex_q4,170,3,167,0.0706,0.0694,0.0989,0.7425,0.0,0.3333,0.3333,0.0,16.0,15.9824,1.0,5.3717,metrics_ablation_bins_splitA__ood-ood_test_injection.csv,bin_eval=complexity_bin:complex_q4; stage=OOD; eval_track=ranking; n_total=170; n_pos=3; n_neg=167; ood_name=ood_test_injection,OOD_BIN_COMPLEXITY_BIN_COMPLEX_Q4,,
A,ablation,M3_TFIDF_PLUS_FLAGS_PLUS_IBVS_V2_TAILCAL,ranking,OOD,ood_test_injection_standard,complexity_bin,complex_q4,997,199,798,0.4333,0.4284,0.4394,0.7306,0.0754,0.2211,0.397,0.1457,12.0,17.7252,1.0,4.5238,metrics_ablation_bins_splitA__ood-ood_test_injection_standard.csv,bin_eval=complexity_bin:complex_q4; stage=OOD; eval_track=ranking; n_total=997; n_pos=199; n_neg=798; ood_name=ood_test_injection_standard,OOD_BIN_COMPLEXITY_BIN_COMPLEX_Q4,,
A,ablation,M3_TFIDF_PLUS_FLAGS_PLUS_IBVS_V2_TOTAL,deployment_threshold,OOD,ood_test_injection,complexity_bin,complex_q4,170,3,167,0.5176,0.3618,0.1071,0.7026,0.0,0.3333,0.3333,0.3333,16.0,15.9824,1.0,5.3717,metrics_ablation_bins_splitA__ood-ood_test_injection.csv,bin_eval=complexity_bin:complex_q4; stage=OOD; eval_track=deployment_threshold; n_total=170; n_pos=3; n_neg=167; ood_name=ood_test_injection,OOD_BIN_COMPLEXITY_BIN_COMPLEX_Q4,,
A,ablation,M3_TFIDF_PLUS_FLAGS_PLUS_IBVS_V2_TOTAL,deployment_threshold,OOD,ood_test_injection_standard,complexity_bin,complex_q4,997,199,798,0.7653,0.6653,0.4505,0.7312,0.0905,0.2161,0.392,0.4523,12.0,17.7252,1.0,4.5238,metrics_ablation_bins_splitA__ood-ood_test_injection_standard.csv,bin_eval=complexity_bin:complex_q4; stage=OOD; eval_track=deployment_threshold; n_total=997; n_pos=199; n_neg=798; ood_name=ood_test_injection_standard,OOD_BIN_COMPLEXITY_BIN_COMPLEX_Q4,,
A,ablation,M3_TFIDF_PLUS_FLAGS_PLUS_IBVS_V2_TOTAL,ranking,OOD,ood_test_injection,complexity_bin,complex_q4,170,3,167,0.0824,0.0803,0.1071,0.7026,0.0,0.3333,0.3333,0.0,16.0,15.9824,1.0,5.3717,metrics_ablation_bins_splitA__ood-ood_test_injection.csv,bin_eval=complexity_bin:complex_q4; stage=OOD; eval_track=ranking; n_total=170; n_pos=3; n_neg=167; ood_name=ood_test_injection,OOD_BIN_COMPLEXITY_BIN_COMPLEX_Q4,,
A,ablation,M3_TFIDF_PLUS_FLAGS_PLUS_IBVS_V2_TOTAL,ranking,OOD,ood_test_injection_standard,complexity_bin,complex_q4,997,199,798,0.4524,0.446,0.4505,0.7312,0.0905,0.2161,0.392,0.1357,12.0,17.7252,1.0,4.5238,metrics_ablation_bins_splitA__ood-ood_test_injection_standard.csv,bin_eval=complexity_bin:complex_q4; stage=OOD; eval_track=ranking; n_total=997; n_pos=199; n_neg=798; ood_name=ood_test_injection_standard,OOD_BIN_COMPLEXITY_BIN_COMPLEX_Q4,,
A,ablation,M3_TFIDF_PLUS_FLAGS_PLUS_IBVS_V2_TRIPWIRE,deployment_threshold,OOD,ood_test_injection,complexity_bin,complex_q4,170,3,167,0.5529,0.3788,0.0782,0.6906,0.0,0.3333,0.3333,0.3333,16.0,15.9824,1.0,5.3717,metrics_ablation_bins_splitA__ood-ood_test_injection.csv,bin_eval=complexity_bin:complex_q4; stage=OOD; eval_track=deployment_threshold; n_total=170; n_pos=3; n_neg=167; ood_name=ood_test_injection,OOD_BIN_COMPLEXITY_BIN_COMPLEX_Q4,,
A,ablation,M3_TFIDF_PLUS_FLAGS_PLUS_IBVS_V2_TRIPWIRE,deployment_threshold,OOD,ood_test_injection_standard,complexity_bin,complex_q4,997,199,798,0.7723,0.6618,0.427,0.7241,0.0704,0.2111,0.3719,0.4975,12.0,17.7252,1.0,4.5238,metrics_ablation_bins_splitA__ood-ood_test_injection_standard.csv,bin_eval=complexity_bin:complex_q4; stage=OOD; eval_track=deployment_threshold; n_total=997; n_pos=199; n_neg=798; ood_name=ood_test_injection_standard,OOD_BIN_COMPLEXITY_BIN_COMPLEX_Q4,,
A,ablation,M3_TFIDF_PLUS_FLAGS_PLUS_IBVS_V2_TRIPWIRE,ranking,OOD,ood_test_injection,complexity_bin,complex_q4,170,3,167,0.1235,0.1167,0.0782,0.6906,0.0,0.3333,0.3333,0.0,16.0,15.9824,1.0,5.3717,metrics_ablation_bins_splitA__ood-ood_test_injection.csv,bin_eval=complexity_bin:complex_q4; stage=OOD; eval_track=ranking; n_total=170; n_pos=3; n_neg=167; ood_name=ood_test_injection,OOD_BIN_COMPLEXITY_BIN_COMPLEX_Q4,,
A,ablation,M3_TFIDF_PLUS_FLAGS_PLUS_IBVS_V2_TRIPWIRE,ranking,OOD,ood_test_injection_standard,complexity_bin,complex_q4,997,199,798,0.5065,0.4901,0.427,0.7241,0.0704,0.2111,0.3719,0.1809,12.0,17.7252,1.0,4.5238,metrics_ablation_bins_splitA__ood-ood_test_injection_standard.csv,bin_eval=complexity_bin:complex_q4; stage=OOD; eval_track=ranking; n_total=997; n_pos=199; n_neg=798; ood_name=ood_test_injection_standard,OOD_BIN_COMPLEXITY_BIN_COMPLEX_Q4,,
A,hybrid,HYBRID_SEM_ANCHORED_IBVS_BOOST,deployment_threshold,OOD,ood_test_injection,complexity_bin,complex_q4,170,3,167,0.4588,0.3323,0.1524,0.6487,0.0,0.3333,0.3333,0.3333,16.0,15.9824,1.0,5.3717,metrics_hybrid_bins_splitA__ood-ood_test_injection.csv,bin_eval=complexity_bin:complex_q4; stage=OOD; eval_track=deployment_threshold; n_total=170; n_pos=3; n_neg=167; ood_name=ood_test_injection,OOD_BIN_COMPLEXITY_BIN_COMPLEX_Q4,,
A,hybrid,HYBRID_SEM_ANCHORED_IBVS_BOOST,deployment_threshold,OOD,ood_test_injection_standard,complexity_bin,complex_q4,997,199,798,0.8837,0.8274,0.806,0.9192,0.5126,0.6834,0.7588,0.2161,12.0,17.7252,1.0,4.5238,metrics_hybrid_bins_splitA__ood-ood_test_injection_standard.csv,bin_eval=complexity_bin:complex_q4; stage=OOD; eval_track=deployment_threshold; n_total=997; n_pos=199; n_neg=798; ood_name=ood_test_injection_standard,OOD_BIN_COMPLEXITY_BIN_COMPLEX_Q4,,
A,hybrid,HYBRID_SEM_ANCHORED_IBVS_BOOST_V2,deployment_threshold,OOD,ood_test_injection,complexity_bin,complex_q4,170,3,167,0.4588,0.3323,0.1524,0.6487,0.0,0.3333,0.3333,0.3333,16.0,15.9824,1.0,5.3717,metrics_hybrid_bins_splitA__ood-ood_test_injection.csv,bin_eval=complexity_bin:complex_q4; stage=OOD; eval_track=deployment_threshold; n_total=170; n_pos=3; n_neg=167; ood_name=ood_test_injection,OOD_BIN_COMPLEXITY_BIN_COMPLEX_Q4,,
A,hybrid,HYBRID_SEM_ANCHORED_IBVS_BOOST_V2,deployment_threshold,OOD,ood_test_injection_standard,complexity_bin,complex_q4,997,199,798,0.8837,0.8274,0.806,0.9192,0.5126,0.6834,0.7588,0.2161,12.0,17.7252,1.0,4.5238,metrics_hybrid_bins_splitA__ood-ood_test_injection_standard.csv,bin_eval=complexity_bin:complex_q4; stage=OOD; eval_track=deployment_threshold; n_total=997; n_pos=199; n_neg=798; ood_name=ood_test_injection_standard,OOD_BIN_COMPLEXITY_BIN_COMPLEX_Q4,,
A,hybrid,HYBRID_SEM_ANCHORED_IBVS_VETO,deployment_threshold,OOD,ood_test_injection,complexity_bin,complex_q4,170,3,167,0.3,0.2421,0.1524,0.6487,0.0,0.3333,0.3333,0.3333,16.0,15.9824,1.0,5.3717,metrics_hybrid_bins_splitA__ood-ood_test_injection.csv,bin_eval=complexity_bin:complex_q4; stage=OOD; eval_track=deployment_threshold; n_total=170; n_pos=3; n_neg=167; ood_name=ood_test_injection,OOD_BIN_COMPLEXITY_BIN_COMPLEX_Q4,,
A,hybrid,HYBRID_SEM_ANCHORED_IBVS_VETO,deployment_threshold,OOD,ood_test_injection_standard,complexity_bin,complex_q4,997,199,798,0.7753,0.7277,0.806,0.9192,0.5126,0.6834,0.7588,0.1055,12.0,17.7252,1.0,4.5238,metrics_hybrid_bins_splitA__ood-ood_test_injection_standard.csv,bin_eval=complexity_bin:complex_q4; stage=OOD; eval_track=deployment_threshold; n_total=997; n_pos=199; n_neg=798; ood_name=ood_test_injection_standard,OOD_BIN_COMPLEXITY_BIN_COMPLEX_Q4,,
A,hybrid,HYBRID_SEM_EXPERT_GATE_M1_M3,deployment_threshold,OOD,ood_test_injection,complexity_bin,complex_q4,170,3,167,0.4824,0.3443,0.0419,0.5808,0.0,0.0,0.3333,0.3333,16.0,15.9824,1.0,5.3717,metrics_hybrid_bins_splitA__ood-ood_test_injection.csv,bin_eval=complexity_bin:complex_q4; stage=OOD; eval_track=deployment_threshold; n_total=170; n_pos=3; n_neg=167; ood_name=ood_test_injection,OOD_BIN_COMPLEXITY_BIN_COMPLEX_Q4,,
A,hybrid,HYBRID_SEM_EXPERT_GATE_M1_M3,deployment_threshold,OOD,ood_test_injection_standard,complexity_bin,complex_q4,997,199,798,0.8445,0.7779,0.6708,0.8992,0.0,0.3769,0.7688,0.2563,12.0,17.7252,1.0,4.5238,metrics_hybrid_bins_splitA__ood-ood_test_injection_standard.csv,bin_eval=complexity_bin:complex_q4; stage=OOD; eval_track=deployment_threshold; n_total=997; n_pos=199; n_neg=798; ood_name=ood_test_injection_standard,OOD_BIN_COMPLEXITY_BIN_COMPLEX_Q4,,
A,hybrid,HYBRID_SEM_GATE_ELSE_M3_IBVS_V2,deployment_threshold,OOD,ood_test_injection,complexity_bin,complex_q4,170,3,167,0.4588,0.3323,0.0175,0.3533,0.0,0.0,0.0,0.3333,16.0,15.9824,1.0,5.3717,metrics_hybrid_bins_splitA__ood-ood_test_injection.csv,bin_eval=complexity_bin:complex_q4; stage=OOD; eval_track=deployment_threshold; n_total=170; n_pos=3; n_neg=167; ood_name=ood_test_injection,OOD_BIN_COMPLEXITY_BIN_COMPLEX_Q4,,
A,hybrid,HYBRID_SEM_GATE_ELSE_M3_IBVS_V2,deployment_threshold,OOD,ood_test_injection_standard,complexity_bin,complex_q4,997,199,798,0.8556,0.7879,0.4376,0.8027,0.0503,0.1508,0.2814,0.2714,12.0,17.7252,1.0,4.5238,metrics_hybrid_bins_splitA__ood-ood_test_injection_standard.csv,bin_eval=complexity_bin:complex_q4; stage=OOD; eval_track=deployment_threshold; n_total=997; n_pos=199; n_neg=798; ood_name=ood_test_injection_standard,OOD_BIN_COMPLEXITY_BIN_COMPLEX_Q4,,
A,hybrid,HYBRID_SEM_LEARNED_META_FUSION,deployment_threshold,OOD,ood_test_injection,complexity_bin,complex_q4,170,3,167,0.3353,0.2637,0.0592,0.7046,0.0,0.0,0.0,0.3333,16.0,15.9824,1.0,5.3717,metrics_hybrid_bins_splitA__ood-ood_test_injection.csv,bin_eval=complexity_bin:complex_q4; stage=OOD; eval_track=deployment_threshold; n_total=170; n_pos=3; n_neg=167; ood_name=ood_test_injection,OOD_BIN_COMPLEXITY_BIN_COMPLEX_Q4,,
A,hybrid,HYBRID_SEM_LEARNED_META_FUSION,deployment_threshold,OOD,ood_test_injection_standard,complexity_bin,complex_q4,997,199,798,0.8385,0.786,0.8266,0.9236,0.392,0.7236,0.804,0.1407,12.0,17.7252,1.0,4.5238,metrics_hybrid_bins_splitA__ood-ood_test_injection_standard.csv,bin_eval=complexity_bin:complex_q4; stage=OOD; eval_track=deployment_threshold; n_total=997; n_pos=199; n_neg=798; ood_name=ood_test_injection_standard,OOD_BIN_COMPLEXITY_BIN_COMPLEX_Q4,,
A,semantic,SEM_LOGREG_BGE,deployment_threshold,OOD,ood_test_injection,complexity_bin,complex_q4,170,3,167,0.3,0.2421,0.1524,0.6487,0.0,0.3333,0.3333,0.3333,16.0,15.9824,1.0,5.3717,metrics_semantic_bins_splitA__ood-ood_test_injection.csv,bin_eval=complexity_bin:complex_q4; stage=OOD; eval_track=deployment_threshold; n_total=170; n_pos=3; n_neg=167; ood_name=ood_test_injection,OOD_BIN_COMPLEXITY_BIN_COMPLEX_Q4,,
A,semantic,SEM_LOGREG_BGE,deployment_threshold,OOD,ood_test_injection_standard,complexity_bin,complex_q4,997,199,798,0.7753,0.7277,0.806,0.9192,0.5126,0.6834,0.7588,0.1055,12.0,17.7252,1.0,4.5238,metrics_semantic_bins_splitA__ood-ood_test_injection_standard.csv,bin_eval=complexity_bin:complex_q4; stage=OOD; eval_track=deployment_threshold; n_total=997; n_pos=199; n_neg=798; ood_name=ood_test_injection_standard,OOD_BIN_COMPLEXITY_BIN_COMPLEX_Q4,,
A,ablation,M1_TFIDF_ONLY,deployment_threshold,OOD,,length_bin,len_q1,192,28,164,0.8542,0.4607,0.3124,0.4961,0.1429,0.2857,0.3214,1.0,7.0,7.2083,1.0,5.125,metrics_ablation_bins_splitA.csv,bin_eval=length_bin:len_q1; stage=OOD; eval_track=deployment_threshold; n_total=192; n_pos=28; n_neg=164,OOD_BIN_LENGTH_BIN_LEN_Q1,,
A,ablation,M1_TFIDF_ONLY,deployment_threshold,OOD,ood_test_injection,length_bin,len_q1,170,1,169,0.9588,0.4895,0.0067,0.3669,0.0,0.0,0.0,1.0,6.5,6.3529,0.8167,2.9286,metrics_ablation_bins_splitA__ood-ood_test_injection.csv,bin_eval=length_bin:len_q1; stage=OOD; eval_track=deployment_threshold; n_total=170; n_pos=1; n_neg=169; ood_name=ood_test_injection,OOD_BIN_LENGTH_BIN_LEN_Q1,,
A,ablation,M1_TFIDF_ONLY,deployment_threshold,OOD,ood_test_injection_standard,length_bin,len_q1,997,116,881,0.8536,0.5793,0.2311,0.6548,0.069,0.1638,0.2845,0.8017,12.0,13.9458,1.0,4.375,metrics_ablation_bins_splitA__ood-ood_test_injection_standard.csv,bin_eval=length_bin:len_q1; stage=OOD; eval_track=deployment_threshold; n_total=997; n_pos=116; n_neg=881; ood_name=ood_test_injection_standard,OOD_BIN_LENGTH_BIN_LEN_Q1,,
A,ablation,M1_TFIDF_ONLY,ranking,OOD,,length_bin,len_q1,192,28,164,0.5729,0.4526,0.3124,0.4961,0.1429,0.2857,0.3214,0.6429,7.0,7.2083,1.0,5.125,metrics_ablation_bins_splitA.csv,bin_eval=length_bin:len_q1; stage=OOD; eval_track=ranking; n_total=192; n_pos=28; n_neg=164,OOD_BIN_LENGTH_BIN_LEN_Q1,,
A,ablation,M1_TFIDF_ONLY,ranking,OOD,ood_test_injection,length_bin,len_q1,170,1,169,0.6471,0.3929,0.0067,0.3669,0.0,0.0,0.0,1.0,6.5,6.3529,0.8167,2.9286,metrics_ablation_bins_splitA__ood-ood_test_injection.csv,bin_eval=length_bin:len_q1; stage=OOD; eval_track=ranking; n_total=170; n_pos=1; n_neg=169; ood_name=ood_test_injection,OOD_BIN_LENGTH_BIN_LEN_Q1,,
A,ablation,M1_TFIDF_ONLY,ranking,OOD,ood_test_injection_standard,length_bin,len_q1,997,116,881,0.5246,0.4482,0.2311,0.6548,0.069,0.1638,0.2845,0.3448,12.0,13.9458,1.0,4.375,metrics_ablation_bins_splitA__ood-ood_test_injection_standard.csv,bin_eval=length_bin:len_q1; stage=OOD; eval_track=ranking; n_total=997; n_pos=116; n_neg=881; ood_name=ood_test_injection_standard,OOD_BIN_LENGTH_BIN_LEN_Q1,,
A,ablation,M2_TFIDF_PLUS_FLAGS,deployment_threshold,OOD,,length_bin,len_q1,192,28,164,0.849,0.4912,0.3257,0.4909,0.0357,0.3214,0.3214,0.9643,7.0,7.2083,1.0,5.125,metrics_ablation_bins_splitA.csv,bin_eval=length_bin:len_q1; stage=OOD; eval_track=deployment_threshold; n_total=192; n_pos=28; n_neg=164,OOD_BIN_LENGTH_BIN_LEN_Q1,,
A,ablation,M2_TFIDF_PLUS_FLAGS,deployment_threshold,OOD,ood_test_injection,length_bin,len_q1,170,1,169,0.8412,0.4569,0.027,0.787,0.0,0.0,0.0,1.0,6.5,6.3529,0.8167,2.9286,metrics_ablation_bins_splitA__ood-ood_test_injection.csv,bin_eval=length_bin:len_q1; stage=OOD; eval_track=deployment_threshold; n_total=170; n_pos=1; n_neg=169; ood_name=ood_test_injection,OOD_BIN_LENGTH_BIN_LEN_Q1,,
A,ablation,M2_TFIDF_PLUS_FLAGS,deployment_threshold,OOD,ood_test_injection_standard,length_bin,len_q1,997,116,881,0.7864,0.5787,0.2045,0.6125,0.0345,0.1466,0.2759,0.6379,12.0,13.9458,1.0,4.375,metrics_ablation_bins_splitA__ood-ood_test_injection_standard.csv,bin_eval=length_bin:len_q1; stage=OOD; eval_track=deployment_threshold; n_total=997; n_pos=116; n_neg=881; ood_name=ood_test_injection_standard,OOD_BIN_LENGTH_BIN_LEN_Q1,,
A,ablation,M2_TFIDF_PLUS_FLAGS,ranking,OOD,,length_bin,len_q1,192,28,164,0.6146,0.4931,0.3257,0.4909,0.0357,0.3214,0.3214,0.5714,7.0,7.2083,1.0,5.125,metrics_ablation_bins_splitA.csv,bin_eval=length_bin:len_q1; stage=OOD; eval_track=ranking; n_total=192; n_pos=28; n_neg=164,OOD_BIN_LENGTH_BIN_LEN_Q1,,
A,ablation,M2_TFIDF_PLUS_FLAGS,ranking,OOD,ood_test_injection,length_bin,len_q1,170,1,169,0.5412,0.3625,0.027,0.787,0.0,0.0,0.0,0.0,6.5,6.3529,0.8167,2.9286,metrics_ablation_bins_splitA__ood-ood_test_injection.csv,bin_eval=length_bin:len_q1; stage=OOD; eval_track=ranking; n_total=170; n_pos=1; n_neg=169; ood_name=ood_test_injection,OOD_BIN_LENGTH_BIN_LEN_Q1,,
A,ablation,M2_TFIDF_PLUS_FLAGS,ranking,OOD,ood_test_injection_standard,length_bin,len_q1,997,116,881,0.3701,0.3461,0.2045,0.6125,0.0345,0.1466,0.2759,0.2328,12.0,13.9458,1.0,4.375,metrics_ablation_bins_splitA__ood-ood_test_injection_standard.csv,bin_eval=length_bin:len_q1; stage=OOD; eval_track=ranking; n_total=997; n_pos=116; n_neg=881; ood_name=ood_test_injection_standard,OOD_BIN_LENGTH_BIN_LEN_Q1,,
A,ablation,M3_TFIDF_PLUS_FLAGS_PLUS_IBVS_V1_TOTAL,deployment_threshold,OOD,,length_bin,len_q1,192,28,164,0.8594,0.4965,0.3025,0.5394,0.0357,0.2857,0.3929,0.9643,7.0,7.2083,1.0,5.125,metrics_ablation_bins_splitA.csv,bin_eval=length_bin:len_q1; stage=OOD; eval_track=deployment_threshold; n_total=192; n_pos=28; n_neg=164,OOD_BIN_LENGTH_BIN_LEN_Q1,,
A,ablation,M3_TFIDF_PLUS_FLAGS_PLUS_IBVS_V1_TOTAL,deployment_threshold,OOD,ood_test_injection,length_bin,len_q1,170,1,169,0.8824,0.4688,0.0217,0.7337,0.0,0.0,0.0,1.0,6.5,6.3529,0.8167,2.9286,metrics_ablation_bins_splitA__ood-ood_test_injection.csv,bin_eval=length_bin:len_q1; stage=OOD; eval_track=deployment_threshold; n_total=170; n_pos=1; n_neg=169; ood_name=ood_test_injection,OOD_BIN_LENGTH_BIN_LEN_Q1,,
A,ablation,M3_TFIDF_PLUS_FLAGS_PLUS_IBVS_V1_TOTAL,deployment_threshold,OOD,ood_test_injection_standard,length_bin,len_q1,997,116,881,0.7874,0.5771,0.2239,0.6342,0.0776,0.1466,0.2845,0.6466,12.0,13.9458,1.0,4.375,metrics_ablation_bins_splitA__ood-ood_test_injection_standard.csv,bin_eval=length_bin:len_q1; stage=OOD; eval_track=deployment_threshold; n_total=997; n_pos=116; n_neg=881; ood_name=ood_test_injection_standard,OOD_BIN_LENGTH_BIN_LEN_Q1,,
A,ablation,M3_TFIDF_PLUS_FLAGS_PLUS_IBVS_V1_TOTAL,ranking,OOD,,length_bin,len_q1,192,28,164,0.6042,0.4927,0.3025,0.5394,0.0357,0.2857,0.3929,0.5357,7.0,7.2083,1.0,5.125,metrics_ablation_bins_splitA.csv,bin_eval=length_bin:len_q1; stage=OOD; eval_track=ranking; n_total=192; n_pos=28; n_neg=164,OOD_BIN_LENGTH_BIN_LEN_Q1,,
A,ablation,M3_TFIDF_PLUS_FLAGS_PLUS_IBVS_V1_TOTAL,ranking,OOD,ood_test_injection,length_bin,len_q1,170,1,169,0.5588,0.3704,0.0217,0.7337,0.0,0.0,0.0,0.0,6.5,6.3529,0.8167,2.9286,metrics_ablation_bins_splitA__ood-ood_test_injection.csv,bin_eval=length_bin:len_q1; stage=OOD; eval_track=ranking; n_total=170; n_pos=1; n_neg=169; ood_name=ood_test_injection,OOD_BIN_LENGTH_BIN_LEN_Q1,,
A,ablation,M3_TFIDF_PLUS_FLAGS_PLUS_IBVS_V1_TOTAL,ranking,OOD,ood_test_injection_standard,length_bin,len_q1,997,116,881,0.3982,0.3671,0.2239,0.6342,0.0776,0.1466,0.2845,0.2414,12.0,13.9458,1.0,4.375,metrics_ablation_bins_splitA__ood-ood_test_injection_standard.csv,bin_eval=length_bin:len_q1; stage=OOD; eval_track=ranking; n_total=997; n_pos=116; n_neg=881; ood_name=ood_test_injection_standard,OOD_BIN_LENGTH_BIN_LEN_Q1,,
A,ablation,M3_TFIDF_PLUS_FLAGS_PLUS_IBVS_V2_STRUCTURED,deployment_threshold,OOD,,length_bin,len_q1,192,28,164,0.8542,0.5227,0.3362,0.476,0.0714,0.3214,0.3214,0.9286,7.0,7.2083,1.0,5.125,metrics_ablation_bins_splitA.csv,bin_eval=length_bin:len_q1; stage=OOD; eval_track=deployment_threshold; n_total=192; n_pos=28; n_neg=164,OOD_BIN_LENGTH_BIN_LEN_Q1,,
A,ablation,M3_TFIDF_PLUS_FLAGS_PLUS_IBVS_V2_STRUCTURED,deployment_threshold,OOD,ood_test_injection,length_bin,len_q1,170,1,169,0.7941,0.4426,0.0227,0.7456,0.0,0.0,0.0,1.0,6.5,6.3529,0.8167,2.9286,metrics_ablation_bins_splitA__ood-ood_test_injection.csv,bin_eval=length_bin:len_q1; stage=OOD; eval_track=deployment_threshold; n_total=170; n_pos=1; n_neg=169; ood_name=ood_test_injection,OOD_BIN_LENGTH_BIN_LEN_Q1,,
A,ablation,M3_TFIDF_PLUS_FLAGS_PLUS_IBVS_V2_STRUCTURED,deployment_threshold,OOD,ood_test_injection_standard,length_bin,len_q1,997,116,881,0.7362,0.5493,0.2363,0.6169,0.0862,0.1552,0.3017,0.6034,12.0,13.9458,1.0,4.375,metrics_ablation_bins_splitA__ood-ood_test_injection_standard.csv,bin_eval=length_bin:len_q1; stage=OOD; eval_track=deployment_threshold; n_total=997; n_pos=116; n_neg=881; ood_name=ood_test_injection_standard,OOD_BIN_LENGTH_BIN_LEN_Q1,,
A,ablation,M3_TFIDF_PLUS_FLAGS_PLUS_IBVS_V2_STRUCTURED,ranking,OOD,,length_bin,len_q1,192,28,164,0.599,0.4828,0.3362,0.476,0.0714,0.3214,0.3214,0.5714,7.0,7.2083,1.0,5.125,metrics_ablation_bins_splitA.csv,bin_eval=length_bin:len_q1; stage=OOD; eval_track=ranking; n_total=192; n_pos=28; n_neg=164,OOD_BIN_LENGTH_BIN_LEN_Q1,,
A,ablation,M3_TFIDF_PLUS_FLAGS_PLUS_IBVS_V2_STRUCTURED,ranking,OOD,ood_test_injection,length_bin,len_q1,170,1,169,0.5353,0.3598,0.0227,0.7456,0.0,0.0,0.0,0.0,6.5,6.3529,0.8167,2.9286,metrics_ablation_bins_splitA__ood-ood_test_injection.csv,bin_eval=length_bin:len_q1; stage=OOD; eval_track=ranking; n_total=170; n_pos=1; n_neg=169; ood_name=ood_test_injection,OOD_BIN_LENGTH_BIN_LEN_Q1,,
A,ablation,M3_TFIDF_PLUS_FLAGS_PLUS_IBVS_V2_STRUCTURED,ranking,OOD,ood_test_injection_standard,length_bin,len_q1,997,116,881,0.3661,0.3425,0.2363,0.6169,0.0862,0.1552,0.3017,0.2414,12.0,13.9458,1.0,4.375,metrics_ablation_bins_splitA__ood-ood_test_injection_standard.csv,bin_eval=length_bin:len_q1; stage=OOD; eval_track=ranking; n_total=997; n_pos=116; n_neg=881; ood_name=ood_test_injection_standard,OOD_BIN_LENGTH_BIN_LEN_Q1,,
A,ablation,M3_TFIDF_PLUS_FLAGS_PLUS_IBVS_V2_TAILCAL,deployment_threshold,OOD,,length_bin,len_q1,192,28,164,0.8542,0.5227,0.3127,0.491,0.0357,0.3214,0.3214,0.9286,7.0,7.2083,1.0,5.125,metrics_ablation_bins_splitA.csv,bin_eval=length_bin:len_q1; stage=OOD; eval_track=deployment_threshold; n_total=192; n_pos=28; n_neg=164,OOD_BIN_LENGTH_BIN_LEN_Q1,,
A,ablation,M3_TFIDF_PLUS_FLAGS_PLUS_IBVS_V2_TAILCAL,deployment_threshold,OOD,ood_test_injection,length_bin,len_q1,170,1,169,0.8,0.4444,0.0244,0.7633,0.0,0.0,0.0,1.0,6.5,6.3529,0.8167,2.9286,metrics_ablation_bins_splitA__ood-ood_test_injection.csv,bin_eval=length_bin:len_q1; stage=OOD; eval_track=deployment_threshold; n_total=170; n_pos=1; n_neg=169; ood_name=ood_test_injection,OOD_BIN_LENGTH_BIN_LEN_Q1,,
A,ablation,M3_TFIDF_PLUS_FLAGS_PLUS_IBVS_V2_TAILCAL,deployment_threshold,OOD,ood_test_injection_standard,length_bin,len_q1,997,116,881,0.7603,0.5671,0.2427,0.6297,0.0776,0.1466,0.3103,0.6034,12.0,13.9458,1.0,4.375,metrics_ablation_bins_splitA__ood-ood_test_injection_standard.csv,bin_eval=length_bin:len_q1; stage=OOD; eval_track=deployment_threshold; n_total=997; n_pos=116; n_neg=881; ood_name=ood_test_injection_standard,OOD_BIN_LENGTH_BIN_LEN_Q1,,
A,ablation,M3_TFIDF_PLUS_FLAGS_PLUS_IBVS_V2_TAILCAL,ranking,OOD,,length_bin,len_q1,192,28,164,0.5885,0.4759,0.3127,0.491,0.0357,0.3214,0.3214,0.5714,7.0,7.2083,1.0,5.125,metrics_ablation_bins_splitA.csv,bin_eval=length_bin:len_q1; stage=OOD; eval_track=ranking; n_total=192; n_pos=28; n_neg=164,OOD_BIN_LENGTH_BIN_LEN_Q1,,
A,ablation,M3_TFIDF_PLUS_FLAGS_PLUS_IBVS_V2_TAILCAL,ranking,OOD,ood_test_injection,length_bin,len_q1,170,1,169,0.5294,0.3572,0.0244,0.7633,0.0,0.0,0.0,0.0,6.5,6.3529,0.8167,2.9286,metrics_ablation_bins_splitA__ood-ood_test_injection.csv,bin_eval=length_bin:len_q1; stage=OOD; eval_track=ranking; n_total=170; n_pos=1; n_neg=169; ood_name=ood_test_injection,OOD_BIN_LENGTH_BIN_LEN_Q1,,
A,ablation,M3_TFIDF_PLUS_FLAGS_PLUS_IBVS_V2_TAILCAL,ranking,OOD,ood_test_injection_standard,length_bin,len_q1,997,116,881,0.3621,0.3398,0.2427,0.6297,0.0776,0.1466,0.3103,0.2328,12.0,13.9458,1.0,4.375,metrics_ablation_bins_splitA__ood-ood_test_injection_standard.csv,bin_eval=length_bin:len_q1; stage=OOD; eval_track=ranking; n_total=997; n_pos=116; n_neg=881; ood_name=ood_test_injection_standard,OOD_BIN_LENGTH_BIN_LEN_Q1,,
A,ablation,M3_TFIDF_PLUS_FLAGS_PLUS_IBVS_V2_TOTAL,deployment_threshold,OOD,,length_bin,len_q1,192,28,164,0.8542,0.5227,0.3311,0.477,0.0714,0.3214,0.3571,0.9286,7.0,7.2083,1.0,5.125,metrics_ablation_bins_splitA.csv,bin_eval=length_bin:len_q1; stage=OOD; eval_track=deployment_threshold; n_total=192; n_pos=28; n_neg=164,OOD_BIN_LENGTH_BIN_LEN_Q1,,
A,ablation,M3_TFIDF_PLUS_FLAGS_PLUS_IBVS_V2_TOTAL,deployment_threshold,OOD,ood_test_injection,length_bin,len_q1,170,1,169,0.7941,0.4426,0.0233,0.7515,0.0,0.0,0.0,1.0,6.5,6.3529,0.8167,2.9286,metrics_ablation_bins_splitA__ood-ood_test_injection.csv,bin_eval=length_bin:len_q1; stage=OOD; eval_track=deployment_threshold; n_total=170; n_pos=1; n_neg=169; ood_name=ood_test_injection,OOD_BIN_LENGTH_BIN_LEN_Q1,,
A,ablation,M3_TFIDF_PLUS_FLAGS_PLUS_IBVS_V2_TOTAL,deployment_threshold,OOD,ood_test_injection_standard,length_bin,len_q1,997,116,881,0.7503,0.5596,0.2521,0.6269,0.0862,0.1638,0.3103,0.6034,12.0,13.9458,1.0,4.375,metrics_ablation_bins_splitA__ood-ood_test_injection_standard.csv,bin_eval=length_bin:len_q1; stage=OOD; eval_track=deployment_threshold; n_total=997; n_pos=116; n_neg=881; ood_name=ood_test_injection_standard,OOD_BIN_LENGTH_BIN_LEN_Q1,,
A,ablation,M3_TFIDF_PLUS_FLAGS_PLUS_IBVS_V2_TOTAL,ranking,OOD,,length_bin,len_q1,192,28,164,0.599,0.4828,0.3311,0.477,0.0714,0.3214,0.3571,0.5714,7.0,7.2083,1.0,5.125,metrics_ablation_bins_splitA.csv,bin_eval=length_bin:len_q1; stage=OOD; eval_track=ranking; n_total=192; n_pos=28; n_neg=164,OOD_BIN_LENGTH_BIN_LEN_Q1,,
A,ablation,M3_TFIDF_PLUS_FLAGS_PLUS_IBVS_V2_TOTAL,ranking,OOD,ood_test_injection,length_bin,len_q1,170,1,169,0.5353,0.3598,0.0233,0.7515,0.0,0.0,0.0,0.0,6.5,6.3529,0.8167,2.9286,metrics_ablation_bins_splitA__ood-ood_test_injection.csv,bin_eval=length_bin:len_q1; stage=OOD; eval_track=ranking; n_total=170; n_pos=1; n_neg=169; ood_name=ood_test_injection,OOD_BIN_LENGTH_BIN_LEN_Q1,,
A,ablation,M3_TFIDF_PLUS_FLAGS_PLUS_IBVS_V2_TOTAL,ranking,OOD,ood_test_injection_standard,length_bin,len_q1,997,116,881,0.3791,0.3536,0.2521,0.6269,0.0862,0.1638,0.3103,0.2241,12.0,13.9458,1.0,4.375,metrics_ablation_bins_splitA__ood-ood_test_injection_standard.csv,bin_eval=length_bin:len_q1; stage=OOD; eval_track=ranking; n_total=997; n_pos=116; n_neg=881; ood_name=ood_test_injection_standard,OOD_BIN_LENGTH_BIN_LEN_Q1,,
A,ablation,M3_TFIDF_PLUS_FLAGS_PLUS_IBVS_V2_TRIPWIRE,deployment_threshold,OOD,,length_bin,len_q1,192,28,164,0.8594,0.4965,0.3225,0.4821,0.0714,0.3214,0.3571,0.9643,7.0,7.2083,1.0,5.125,metrics_ablation_bins_splitA.csv,bin_eval=length_bin:len_q1; stage=OOD; eval_track=deployment_threshold; n_total=192; n_pos=28; n_neg=164,OOD_BIN_LENGTH_BIN_LEN_Q1,,
A,ablation,M3_TFIDF_PLUS_FLAGS_PLUS_IBVS_V2_TRIPWIRE,deployment_threshold,OOD,ood_test_injection,length_bin,len_q1,170,1,169,0.8176,0.4498,0.0227,0.7456,0.0,0.0,0.0,1.0,6.5,6.3529,0.8167,2.9286,metrics_ablation_bins_splitA__ood-ood_test_injection.csv,bin_eval=length_bin:len_q1; stage=OOD; eval_track=deployment_threshold; n_total=170; n_pos=1; n_neg=169; ood_name=ood_test_injection,OOD_BIN_LENGTH_BIN_LEN_Q1,,
A,ablation,M3_TFIDF_PLUS_FLAGS_PLUS_IBVS_V2_TRIPWIRE,deployment_threshold,OOD,ood_test_injection_standard,length_bin,len_q1,997,116,881,0.7663,0.5674,0.2273,0.6258,0.0776,0.1638,0.3103,0.6207,12.0,13.9458,1.0,4.375,metrics_ablation_bins_splitA__ood-ood_test_injection_standard.csv,bin_eval=length_bin:len_q1; stage=OOD; eval_track=deployment_threshold; n_total=997; n_pos=116; n_neg=881; ood_name=ood_test_injection_standard,OOD_BIN_LENGTH_BIN_LEN_Q1,,
A,ablation,M3_TFIDF_PLUS_FLAGS_PLUS_IBVS_V2_TRIPWIRE,ranking,OOD,,length_bin,len_q1,192,28,164,0.6875,0.5348,0.3225,0.4821,0.0714,0.3214,0.3571,0.6071,7.0,7.2083,1.0,5.125,metrics_ablation_bins_splitA.csv,bin_eval=length_bin:len_q1; stage=OOD; eval_track=ranking; n_total=192; n_pos=28; n_neg=164,OOD_BIN_LENGTH_BIN_LEN_Q1,,
A,ablation,M3_TFIDF_PLUS_FLAGS_PLUS_IBVS_V2_TRIPWIRE,ranking,OOD,ood_test_injection,length_bin,len_q1,170,1,169,0.5706,0.3756,0.0227,0.7456,0.0,0.0,0.0,0.0,6.5,6.3529,0.8167,2.9286,metrics_ablation_bins_splitA__ood-ood_test_injection.csv,bin_eval=length_bin:len_q1; stage=OOD; eval_track=ranking; n_total=170; n_pos=1; n_neg=169; ood_name=ood_test_injection,OOD_BIN_LENGTH_BIN_LEN_Q1,,
A,ablation,M3_TFIDF_PLUS_FLAGS_PLUS_IBVS_V2_TRIPWIRE,ranking,OOD,ood_test_injection_standard,length_bin,len_q1,997,116,881,0.4393,0.3928,0.2273,0.6258,0.0776,0.1638,0.3103,0.3017,12.0,13.9458,1.0,4.375,metrics_ablation_bins_splitA__ood-ood_test_injection_standard.csv,bin_eval=length_bin:len_q1; stage=OOD; eval_track=ranking; n_total=997; n_pos=116; n_neg=881; ood_name=ood_test_injection_standard,OOD_BIN_LENGTH_BIN_LEN_Q1,,
A,hybrid,HYBRID_SEM_ANCHORED_IBVS_BOOST,deployment_threshold,OOD,,length_bin,len_q1,192,28,164,0.8281,0.6867,0.5546,0.8528,0.25,0.3214,0.4643,0.4643,7.0,7.2083,1.0,5.125,metrics_hybrid_bins_splitA.csv,bin_eval=length_bin:len_q1; stage=OOD; eval_track=deployment_threshold; n_total=192; n_pos=28; n_neg=164,OOD_BIN_LENGTH_BIN_LEN_Q1,,
A,hybrid,HYBRID_SEM_ANCHORED_IBVS_BOOST,deployment_threshold,OOD,ood_test_injection,length_bin,len_q1,170,1,169,0.7118,0.4158,0.0062,0.0592,0.0,0.0,0.0,1.0,6.5,6.3529,0.8167,2.9286,metrics_hybrid_bins_splitA__ood-ood_test_injection.csv,bin_eval=length_bin:len_q1; stage=OOD; eval_track=deployment_threshold; n_total=170; n_pos=1; n_neg=169; ood_name=ood_test_injection,OOD_BIN_LENGTH_BIN_LEN_Q1,,
A,hybrid,HYBRID_SEM_ANCHORED_IBVS_BOOST,deployment_threshold,OOD,ood_test_injection_standard,length_bin,len_q1,997,116,881,0.8907,0.7856,0.8142,0.9469,0.6724,0.7759,0.8448,0.181,12.0,13.9458,1.0,4.375,metrics_hybrid_bins_splitA__ood-ood_test_injection_standard.csv,bin_eval=length_bin:len_q1; stage=OOD; eval_track=deployment_threshold; n_total=997; n_pos=116; n_neg=881; ood_name=ood_test_injection_standard,OOD_BIN_LENGTH_BIN_LEN_Q1,,
A,hybrid,HYBRID_SEM_ANCHORED_IBVS_BOOST_V2,deployment_threshold,OOD,,length_bin,len_q1,192,28,164,0.8281,0.6867,0.5546,0.8528,0.25,0.3214,0.4643,0.4643,7.0,7.2083,1.0,5.125,metrics_hybrid_bins_splitA.csv,bin_eval=length_bin:len_q1; stage=OOD; eval_track=deployment_threshold; n_total=192; n_pos=28; n_neg=164,OOD_BIN_LENGTH_BIN_LEN_Q1,,
A,hybrid,HYBRID_SEM_ANCHORED_IBVS_BOOST_V2,deployment_threshold,OOD,ood_test_injection,length_bin,len_q1,170,1,169,0.7118,0.4158,0.0062,0.0592,0.0,0.0,0.0,1.0,6.5,6.3529,0.8167,2.9286,metrics_hybrid_bins_splitA__ood-ood_test_injection.csv,bin_eval=length_bin:len_q1; stage=OOD; eval_track=deployment_threshold; n_total=170; n_pos=1; n_neg=169; ood_name=ood_test_injection,OOD_BIN_LENGTH_BIN_LEN_Q1,,
A,hybrid,HYBRID_SEM_ANCHORED_IBVS_BOOST_V2,deployment_threshold,OOD,ood_test_injection_standard,length_bin,len_q1,997,116,881,0.8907,0.7856,0.8142,0.9469,0.6724,0.7759,0.8448,0.181,12.0,13.9458,1.0,4.375,metrics_hybrid_bins_splitA__ood-ood_test_injection_standard.csv,bin_eval=length_bin:len_q1; stage=OOD; eval_track=deployment_threshold; n_total=997; n_pos=116; n_neg=881; ood_name=ood_test_injection_standard,OOD_BIN_LENGTH_BIN_LEN_Q1,,
A,hybrid,HYBRID_SEM_ANCHORED_IBVS_VETO,deployment_threshold,OOD,,length_bin,len_q1,192,28,164,0.6719,0.6128,0.5546,0.8528,0.25,0.3214,0.4643,0.0357,7.0,7.2083,1.0,5.125,metrics_hybrid_bins_splitA.csv,bin_eval=length_bin:len_q1; stage=OOD; eval_track=deployment_threshold; n_total=192; n_pos=28; n_neg=164,OOD_BIN_LENGTH_BIN_LEN_Q1,,
A,hybrid,HYBRID_SEM_ANCHORED_IBVS_VETO,deployment_threshold,OOD,ood_test_injection,length_bin,len_q1,170,1,169,0.5059,0.3359,0.0062,0.0592,0.0,0.0,0.0,1.0,6.5,6.3529,0.8167,2.9286,metrics_hybrid_bins_splitA__ood-ood_test_injection.csv,bin_eval=length_bin:len_q1; stage=OOD; eval_track=deployment_threshold; n_total=170; n_pos=1; n_neg=169; ood_name=ood_test_injection,OOD_BIN_LENGTH_BIN_LEN_Q1,,
A,hybrid,HYBRID_SEM_ANCHORED_IBVS_VETO,deployment_threshold,OOD,ood_test_injection_standard,length_bin,len_q1,997,116,881,0.7663,0.6683,0.8142,0.9469,0.6724,0.7759,0.8448,0.0431,12.0,13.9458,1.0,4.375,metrics_hybrid_bins_splitA__ood-ood_test_injection_standard.csv,bin_eval=length_bin:len_q1; stage=OOD; eval_track=deployment_threshold; n_total=997; n_pos=116; n_neg=881; ood_name=ood_test_injection_standard,OOD_BIN_LENGTH_BIN_LEN_Q1,,
A,hybrid,HYBRID_SEM_EXPERT_GATE_M1_M3,deployment_threshold,OOD,,length_bin,len_q1,192,28,164,0.7812,0.6998,0.4956,0.8383,0.1071,0.3571,0.4643,0.1071,7.0,7.2083,1.0,5.125,metrics_hybrid_bins_splitA.csv,bin_eval=length_bin:len_q1; stage=OOD; eval_track=deployment_threshold; n_total=192; n_pos=28; n_neg=164,OOD_BIN_LENGTH_BIN_LEN_Q1,,
A,hybrid,HYBRID_SEM_EXPERT_GATE_M1_M3,deployment_threshold,OOD,ood_test_injection,length_bin,len_q1,170,1,169,0.6176,0.3818,0.006,0.1657,0.0,0.0,0.0,1.0,6.5,6.3529,0.8167,2.9286,metrics_hybrid_bins_splitA__ood-ood_test_injection.csv,bin_eval=length_bin:len_q1; stage=OOD; eval_track=deployment_threshold; n_total=170; n_pos=1; n_neg=169; ood_name=ood_test_injection,OOD_BIN_LENGTH_BIN_LEN_Q1,,
A,hybrid,HYBRID_SEM_EXPERT_GATE_M1_M3,deployment_threshold,OOD,ood_test_injection_standard,length_bin,len_q1,997,116,881,0.8566,0.7372,0.53,0.9046,0.0,0.3103,0.7414,0.2155,12.0,13.9458,1.0,4.375,metrics_hybrid_bins_splitA__ood-ood_test_injection_standard.csv,bin_eval=length_bin:len_q1; stage=OOD; eval_track=deployment_threshold; n_total=997; n_pos=116; n_neg=881; ood_name=ood_test_injection_standard,OOD_BIN_LENGTH_BIN_LEN_Q1,,
A,hybrid,HYBRID_SEM_GATE_ELSE_M3_IBVS_V2,deployment_threshold,OOD,,length_bin,len_q1,192,28,164,0.8594,0.6727,0.4167,0.4699,0.25,0.4286,0.4286,0.6429,7.0,7.2083,1.0,5.125,metrics_hybrid_bins_splitA.csv,bin_eval=length_bin:len_q1; stage=OOD; eval_track=deployment_threshold; n_total=192; n_pos=28; n_neg=164,OOD_BIN_LENGTH_BIN_LEN_Q1,,
A,hybrid,HYBRID_SEM_GATE_ELSE_M3_IBVS_V2,deployment_threshold,OOD,ood_test_injection,length_bin,len_q1,170,1,169,0.7353,0.4237,0.0115,0.4911,0.0,0.0,0.0,1.0,6.5,6.3529,0.8167,2.9286,metrics_hybrid_bins_splitA__ood-ood_test_injection.csv,bin_eval=length_bin:len_q1; stage=OOD; eval_track=deployment_threshold; n_total=170; n_pos=1; n_neg=169; ood_name=ood_test_injection,OOD_BIN_LENGTH_BIN_LEN_Q1,,
A,hybrid,HYBRID_SEM_GATE_ELSE_M3_IBVS_V2,deployment_threshold,OOD,ood_test_injection_standard,length_bin,len_q1,997,116,881,0.8586,0.73,0.2447,0.7511,0.0431,0.0776,0.1466,0.2759,12.0,13.9458,1.0,4.375,metrics_hybrid_bins_splitA__ood-ood_test_injection_standard.csv,bin_eval=length_bin:len_q1; stage=OOD; eval_track=deployment_threshold; n_total=997; n_pos=116; n_neg=881; ood_name=ood_test_injection_standard,OOD_BIN_LENGTH_BIN_LEN_Q1,,
A,hybrid,HYBRID_SEM_LEARNED_META_FUSION,deployment_threshold,OOD,,length_bin,len_q1,192,28,164,0.8594,0.7135,0.4054,0.6104,0.0714,0.3214,0.5,0.5,7.0,7.2083,1.0,5.125,metrics_hybrid_bins_splitA.csv,bin_eval=length_bin:len_q1; stage=OOD; eval_track=deployment_threshold; n_total=192; n_pos=28; n_neg=164,OOD_BIN_LENGTH_BIN_LEN_Q1,,
A,hybrid,HYBRID_SEM_LEARNED_META_FUSION,deployment_threshold,OOD,ood_test_injection,length_bin,len_q1,170,1,169,0.6824,0.4056,0.0169,0.6657,0.0,0.0,0.0,1.0,6.5,6.3529,0.8167,2.9286,metrics_hybrid_bins_splitA__ood-ood_test_injection.csv,bin_eval=length_bin:len_q1; stage=OOD; eval_track=deployment_threshold; n_total=170; n_pos=1; n_neg=169; ood_name=ood_test_injection,OOD_BIN_LENGTH_BIN_LEN_Q1,,
A,hybrid,HYBRID_SEM_LEARNED_META_FUSION,deployment_threshold,OOD,ood_test_injection_standard,length_bin,len_q1,997,116,881,0.8195,0.7038,0.7847,0.9158,0.4397,0.7845,0.819,0.1638,12.0,13.9458,1.0,4.375,metrics_hybrid_bins_splitA__ood-ood_test_injection_standard.csv,bin_eval=length_bin:len_q1; stage=OOD; eval_track=deployment_threshold; n_total=997; n_pos=116; n_neg=881; ood_name=ood_test_injection_standard,OOD_BIN_LENGTH_BIN_LEN_Q1,,
A,semantic,SEM_LOGREG_BGE,deployment_threshold,OOD,ood_test,length_bin,len_q1,192,28,164,0.6719,0.6128,0.5546,0.8528,0.25,0.3214,0.4643,0.0357,7.0,7.2083,1.0,5.125,metrics_semantic_bins_splitA.csv,bin_eval=length_bin:len_q1; stage=OOD; eval_track=deployment_threshold; n_total=192; n_pos=28; n_neg=164; ood_name=ood_test,OOD_BIN_LENGTH_BIN_LEN_Q1,,
A,semantic,SEM_LOGREG_BGE,deployment_threshold,OOD,ood_test_injection,length_bin,len_q1,170,1,169,0.5059,0.3359,0.0062,0.0592,0.0,0.0,0.0,1.0,6.5,6.3529,0.8167,2.9286,metrics_semantic_bins_splitA__ood-ood_test_injection.csv,bin_eval=length_bin:len_q1; stage=OOD; eval_track=deployment_threshold; n_total=170; n_pos=1; n_neg=169; ood_name=ood_test_injection,OOD_BIN_LENGTH_BIN_LEN_Q1,,
A,semantic,SEM_LOGREG_BGE,deployment_threshold,OOD,ood_test_injection_standard,length_bin,len_q1,997,116,881,0.7663,0.6683,0.8142,0.9469,0.6724,0.7759,0.8448,0.0431,12.0,13.9458,1.0,4.375,metrics_semantic_bins_splitA__ood-ood_test_injection_standard.csv,bin_eval=length_bin:len_q1; stage=OOD; eval_track=deployment_threshold; n_total=997; n_pos=116; n_neg=881; ood_name=ood_test_injection_standard,OOD_BIN_LENGTH_BIN_LEN_Q1,,
A,ablation,M1_TFIDF_ONLY,deployment_threshold,OOD,,length_bin,len_q2,192,84,108,0.6094,0.4755,0.5843,0.5643,0.131,0.1786,0.2262,0.881,10.0,10.0312,1.0,4.8889,metrics_ablation_bins_splitA.csv,bin_eval=length_bin:len_q2; stage=OOD; eval_track=deployment_threshold; n_total=192; n_pos=84; n_neg=108,OOD_BIN_LENGTH_BIN_LEN_Q2,,
A,ablation,M1_TFIDF_ONLY,deployment_threshold,OOD,ood_test_injection,length_bin,len_q2,169,6,163,0.8166,0.587,0.3537,0.9243,0.1667,0.3333,0.6667,0.0,18.0,19.3314,0.9375,5.15,metrics_ablation_bins_splitA__ood-ood_test_injection.csv,bin_eval=length_bin:len_q2; stage=OOD; eval_track=deployment_threshold; n_total=169; n_pos=6; n_neg=163; ood_name=ood_test_injection,OOD_BIN_LENGTH_BIN_LEN_Q2,,
A,ablation,M1_TFIDF_ONLY,deployment_threshold,OOD,ood_test_injection_standard,length_bin,len_q2,996,524,472,0.5813,0.5788,0.6162,0.6111,0.0115,0.0897,0.1908,0.374,78.0,73.7791,0.7853,4.9795,metrics_ablation_bins_splitA__ood-ood_test_injection_standard.csv,bin_eval=length_bin:len_q2; stage=OOD; eval_track=deployment_threshold; n_total=996; n_pos=524; n_neg=472; ood_name=ood_test_injection_standard,OOD_BIN_LENGTH_BIN_LEN_Q2,,
A,ablation,M1_TFIDF_ONLY,ranking,OOD,,length_bin,len_q2,192,84,108,0.526,0.5223,0.5843,0.5643,0.131,0.1786,0.2262,0.5,10.0,10.0312,1.0,4.8889,metrics_ablation_bins_splitA.csv,bin_eval=length_bin:len_q2; stage=OOD; eval_track=ranking; n_total=192; n_pos=84; n_neg=108,OOD_BIN_LENGTH_BIN_LEN_Q2,,
A,ablation,M1_TFIDF_ONLY,ranking,OOD,ood_test_injection,length_bin,len_q2,169,6,163,0.2426,0.2196,0.3537,0.9243,0.1667,0.3333,0.6667,0.0,18.0,19.3314,0.9375,5.15,metrics_ablation_bins_splitA__ood-ood_test_injection.csv,bin_eval=length_bin:len_q2; stage=OOD; eval_track=ranking; n_total=169; n_pos=6; n_neg=163; ood_name=ood_test_injection,OOD_BIN_LENGTH_BIN_LEN_Q2,,
A,ablation,M1_TFIDF_ONLY,ranking,OOD,ood_test_injection_standard,length_bin,len_q2,996,524,472,0.5452,0.4053,0.6162,0.6111,0.0115,0.0897,0.1908,0.021,78.0,73.7791,0.7853,4.9795,metrics_ablation_bins_splitA__ood-ood_test_injection_standard.csv,bin_eval=length_bin:len_q2; stage=OOD; eval_track=ranking; n_total=996; n_pos=524; n_neg=472; ood_name=ood_test_injection_standard,OOD_BIN_LENGTH_BIN_LEN_Q2,,
A,ablation,M2_TFIDF_PLUS_FLAGS,deployment_threshold,OOD,,length_bin,len_q2,192,84,108,0.625,0.5132,0.6149,0.5955,0.119,0.1905,0.2857,0.8333,10.0,10.0312,1.0,4.8889,metrics_ablation_bins_splitA.csv,bin_eval=length_bin:len_q2; stage=OOD; eval_track=deployment_threshold; n_total=192; n_pos=84; n_neg=108,OOD_BIN_LENGTH_BIN_LEN_Q2,,
A,ablation,M2_TFIDF_PLUS_FLAGS,deployment_threshold,OOD,ood_test_injection,length_bin,len_q2,169,6,163,0.5385,0.4094,0.2815,0.8569,0.1667,0.1667,0.5,0.0,18.0,19.3314,0.9375,5.15,metrics_ablation_bins_splitA__ood-ood_test_injection.csv,bin_eval=length_bin:len_q2; stage=OOD; eval_track=deployment_threshold; n_total=169; n_pos=6; n_neg=163; ood_name=ood_test_injection,OOD_BIN_LENGTH_BIN_LEN_Q2,,
A,ablation,M2_TFIDF_PLUS_FLAGS,deployment_threshold,OOD,ood_test_injection_standard,length_bin,len_q2,996,524,472,0.504,0.4965,0.5429,0.5097,0.0134,0.0611,0.1298,0.4046,78.0,73.7791,0.7853,4.9795,metrics_ablation_bins_splitA__ood-ood_test_injection_standard.csv,bin_eval=length_bin:len_q2; stage=OOD; eval_track=deployment_threshold; n_total=996; n_pos=524; n_neg=472; ood_name=ood_test_injection_standard,OOD_BIN_LENGTH_BIN_LEN_Q2,,
A,ablation,M2_TFIDF_PLUS_FLAGS,ranking,OOD,,length_bin,len_q2,192,84,108,0.5312,0.5304,0.6149,0.5955,0.119,0.1905,0.2857,0.3452,10.0,10.0312,1.0,4.8889,metrics_ablation_bins_splitA.csv,bin_eval=length_bin:len_q2; stage=OOD; eval_track=ranking; n_total=192; n_pos=84; n_neg=108,OOD_BIN_LENGTH_BIN_LEN_Q2,,
A,ablation,M2_TFIDF_PLUS_FLAGS,ranking,OOD,ood_test_injection,length_bin,len_q2,169,6,163,0.0651,0.0651,0.2815,0.8569,0.1667,0.1667,0.5,0.0,18.0,19.3314,0.9375,5.15,metrics_ablation_bins_splitA__ood-ood_test_injection.csv,bin_eval=length_bin:len_q2; stage=OOD; eval_track=ranking; n_total=169; n_pos=6; n_neg=163; ood_name=ood_test_injection,OOD_BIN_LENGTH_BIN_LEN_Q2,,
A,ablation,M2_TFIDF_PLUS_FLAGS,ranking,OOD,ood_test_injection_standard,length_bin,len_q2,996,524,472,0.5221,0.3449,0.5429,0.5097,0.0134,0.0611,0.1298,0.0095,78.0,73.7791,0.7853,4.9795,metrics_ablation_bins_splitA__ood-ood_test_injection_standard.csv,bin_eval=length_bin:len_q2; stage=OOD; eval_track=ranking; n_total=996; n_pos=524; n_neg=472; ood_name=ood_test_injection_standard,OOD_BIN_LENGTH_BIN_LEN_Q2,,
A,ablation,M3_TFIDF_PLUS_FLAGS_PLUS_IBVS_V1_TOTAL,deployment_threshold,OOD,,length_bin,len_q2,192,84,108,0.6198,0.4895,0.6125,0.5747,0.1667,0.2381,0.2976,0.869,10.0,10.0312,1.0,4.8889,metrics_ablation_bins_splitA.csv,bin_eval=length_bin:len_q2; stage=OOD; eval_track=deployment_threshold; n_total=192; n_pos=84; n_neg=108,OOD_BIN_LENGTH_BIN_LEN_Q2,,
A,ablation,M3_TFIDF_PLUS_FLAGS_PLUS_IBVS_V1_TOTAL,deployment_threshold,OOD,ood_test_injection,length_bin,len_q2,169,6,163,0.5385,0.4094,0.3066,0.8742,0.1667,0.3333,0.5,0.0,18.0,19.3314,0.9375,5.15,metrics_ablation_bins_splitA__ood-ood_test_injection.csv,bin_eval=length_bin:len_q2; stage=OOD; eval_track=deployment_threshold; n_total=169; n_pos=6; n_neg=163; ood_name=ood_test_injection,OOD_BIN_LENGTH_BIN_LEN_Q2,,
A,ablation,M3_TFIDF_PLUS_FLAGS_PLUS_IBVS_V1_TOTAL,deployment_threshold,OOD,ood_test_injection_standard,length_bin,len_q2,996,524,472,0.5261,0.5194,0.5433,0.5242,0.0057,0.0458,0.1164,0.3874,78.0,73.7791,0.7853,4.9795,metrics_ablation_bins_splitA__ood-ood_test_injection_standard.csv,bin_eval=length_bin:len_q2; stage=OOD; eval_track=deployment_threshold; n_total=996; n_pos=524; n_neg=472; ood_name=ood_test_injection_standard,OOD_BIN_LENGTH_BIN_LEN_Q2,,
A,ablation,M3_TFIDF_PLUS_FLAGS_PLUS_IBVS_V1_TOTAL,ranking,OOD,,length_bin,len_q2,192,84,108,0.5677,0.5677,0.6125,0.5747,0.1667,0.2381,0.2976,0.3571,10.0,10.0312,1.0,4.8889,metrics_ablation_bins_splitA.csv,bin_eval=length_bin:len_q2; stage=OOD; eval_track=ranking; n_total=192; n_pos=84; n_neg=108,OOD_BIN_LENGTH_BIN_LEN_Q2,,
A,ablation,M3_TFIDF_PLUS_FLAGS_PLUS_IBVS_V1_TOTAL,ranking,OOD,ood_test_injection,length_bin,len_q2,169,6,163,0.071,0.071,0.3066,0.8742,0.1667,0.3333,0.5,0.0,18.0,19.3314,0.9375,5.15,metrics_ablation_bins_splitA__ood-ood_test_injection.csv,bin_eval=length_bin:len_q2; stage=OOD; eval_track=ranking; n_total=169; n_pos=6; n_neg=163; ood_name=ood_test_injection,OOD_BIN_LENGTH_BIN_LEN_Q2,,
A,ablation,M3_TFIDF_PLUS_FLAGS_PLUS_IBVS_V1_TOTAL,ranking,OOD,ood_test_injection_standard,length_bin,len_q2,996,524,472,0.5251,0.3536,0.5433,0.5242,0.0057,0.0458,0.1164,0.0115,78.0,73.7791,0.7853,4.9795,metrics_ablation_bins_splitA__ood-ood_test_injection_standard.csv,bin_eval=length_bin:len_q2; stage=OOD; eval_track=ranking; n_total=996; n_pos=524; n_neg=472; ood_name=ood_test_injection_standard,OOD_BIN_LENGTH_BIN_LEN_Q2,,
A,ablation,M3_TFIDF_PLUS_FLAGS_PLUS_IBVS_V2_STRUCTURED,deployment_threshold,OOD,,length_bin,len_q2,192,84,108,0.6302,0.5231,0.6018,0.5719,0.1548,0.2262,0.25,0.8214,10.0,10.0312,1.0,4.8889,metrics_ablation_bins_splitA.csv,bin_eval=length_bin:len_q2; stage=OOD; eval_track=deployment_threshold; n_total=192; n_pos=84; n_neg=108,OOD_BIN_LENGTH_BIN_LEN_Q2,,
A,ablation,M3_TFIDF_PLUS_FLAGS_PLUS_IBVS_V2_STRUCTURED,deployment_threshold,OOD,ood_test_injection,length_bin,len_q2,169,6,163,0.4438,0.354,0.3602,0.908,0.1667,0.3333,0.8333,0.0,18.0,19.3314,0.9375,5.15,metrics_ablation_bins_splitA__ood-ood_test_injection.csv,bin_eval=length_bin:len_q2; stage=OOD; eval_track=deployment_threshold; n_total=169; n_pos=6; n_neg=163; ood_name=ood_test_injection,OOD_BIN_LENGTH_BIN_LEN_Q2,,
A,ablation,M3_TFIDF_PLUS_FLAGS_PLUS_IBVS_V2_STRUCTURED,deployment_threshold,OOD,ood_test_injection_standard,length_bin,len_q2,996,524,472,0.5141,0.4919,0.548,0.5135,0.0076,0.0573,0.1145,0.313,78.0,73.7791,0.7853,4.9795,metrics_ablation_bins_splitA__ood-ood_test_injection_standard.csv,bin_eval=length_bin:len_q2; stage=OOD; eval_track=deployment_threshold; n_total=996; n_pos=524; n_neg=472; ood_name=ood_test_injection_standard,OOD_BIN_LENGTH_BIN_LEN_Q2,,
A,ablation,M3_TFIDF_PLUS_FLAGS_PLUS_IBVS_V2_STRUCTURED,ranking,OOD,,length_bin,len_q2,192,84,108,0.5469,0.5468,0.6018,0.5719,0.1548,0.2262,0.25,0.3571,10.0,10.0312,1.0,4.8889,metrics_ablation_bins_splitA.csv,bin_eval=length_bin:len_q2; stage=OOD; eval_track=ranking; n_total=192; n_pos=84; n_neg=108,OOD_BIN_LENGTH_BIN_LEN_Q2,,
A,ablation,M3_TFIDF_PLUS_FLAGS_PLUS_IBVS_V2_STRUCTURED,ranking,OOD,ood_test_injection,length_bin,len_q2,169,6,163,0.0651,0.0651,0.3602,0.908,0.1667,0.3333,0.8333,0.0,18.0,19.3314,0.9375,5.15,metrics_ablation_bins_splitA__ood-ood_test_injection.csv,bin_eval=length_bin:len_q2; stage=OOD; eval_track=ranking; n_total=169; n_pos=6; n_neg=163; ood_name=ood_test_injection,OOD_BIN_LENGTH_BIN_LEN_Q2,,
A,ablation,M3_TFIDF_PLUS_FLAGS_PLUS_IBVS_V2_STRUCTURED,ranking,OOD,ood_test_injection_standard,length_bin,len_q2,996,524,472,0.5221,0.3449,0.548,0.5135,0.0076,0.0573,0.1145,0.0095,78.0,73.7791,0.7853,4.9795,metrics_ablation_bins_splitA__ood-ood_test_injection_standard.csv,bin_eval=length_bin:len_q2; stage=OOD; eval_track=ranking; n_total=996; n_pos=524; n_neg=472; ood_name=ood_test_injection_standard,OOD_BIN_LENGTH_BIN_LEN_Q2,,
A,ablation,M3_TFIDF_PLUS_FLAGS_PLUS_IBVS_V2_TAILCAL,deployment_threshold,OOD,,length_bin,len_q2,192,84,108,0.6042,0.4927,0.5995,0.5856,0.1429,0.1667,0.2024,0.8452,10.0,10.0312,1.0,4.8889,metrics_ablation_bins_splitA.csv,bin_eval=length_bin:len_q2; stage=OOD; eval_track=deployment_threshold; n_total=192; n_pos=84; n_neg=108,OOD_BIN_LENGTH_BIN_LEN_Q2,,
A,ablation,M3_TFIDF_PLUS_FLAGS_PLUS_IBVS_V2_TAILCAL,deployment_threshold,OOD,ood_test_injection,length_bin,len_q2,169,6,163,0.4675,0.3681,0.3183,0.8916,0.1667,0.1667,0.6667,0.0,18.0,19.3314,0.9375,5.15,metrics_ablation_bins_splitA__ood-ood_test_injection.csv,bin_eval=length_bin:len_q2; stage=OOD; eval_track=deployment_threshold; n_total=169; n_pos=6; n_neg=163; ood_name=ood_test_injection,OOD_BIN_LENGTH_BIN_LEN_Q2,,
A,ablation,M3_TFIDF_PLUS_FLAGS_PLUS_IBVS_V2_TAILCAL,deployment_threshold,OOD,ood_test_injection_standard,length_bin,len_q2,996,524,472,0.5141,0.4965,0.5532,0.5237,0.0076,0.0477,0.1221,0.334,78.0,73.7791,0.7853,4.9795,metrics_ablation_bins_splitA__ood-ood_test_injection_standard.csv,bin_eval=length_bin:len_q2; stage=OOD; eval_track=deployment_threshold; n_total=996; n_pos=524; n_neg=472; ood_name=ood_test_injection_standard,OOD_BIN_LENGTH_BIN_LEN_Q2,,
A,ablation,M3_TFIDF_PLUS_FLAGS_PLUS_IBVS_V2_TAILCAL,ranking,OOD,,length_bin,len_q2,192,84,108,0.5365,0.5358,0.5995,0.5856,0.1429,0.1667,0.2024,0.3452,10.0,10.0312,1.0,4.8889,metrics_ablation_bins_splitA.csv,bin_eval=length_bin:len_q2; stage=OOD; eval_track=ranking; n_total=192; n_pos=84; n_neg=108,OOD_BIN_LENGTH_BIN_LEN_Q2,,
A,ablation,M3_TFIDF_PLUS_FLAGS_PLUS_IBVS_V2_TAILCAL,ranking,OOD,ood_test_injection,length_bin,len_q2,169,6,163,0.0592,0.059,0.3183,0.8916,0.1667,0.1667,0.6667,0.0,18.0,19.3314,0.9375,5.15,metrics_ablation_bins_splitA__ood-ood_test_injection.csv,bin_eval=length_bin:len_q2; stage=OOD; eval_track=ranking; n_total=169; n_pos=6; n_neg=163; ood_name=ood_test_injection,OOD_BIN_LENGTH_BIN_LEN_Q2,,
A,ablation,M3_TFIDF_PLUS_FLAGS_PLUS_IBVS_V2_TAILCAL,ranking,OOD,ood_test_injection_standard,length_bin,len_q2,996,524,472,0.5221,0.3449,0.5532,0.5237,0.0076,0.0477,0.1221,0.0095,78.0,73.7791,0.7853,4.9795,metrics_ablation_bins_splitA__ood-ood_test_injection_standard.csv,bin_eval=length_bin:len_q2; stage=OOD; eval_track=ranking; n_total=996; n_pos=524; n_neg=472; ood_name=ood_test_injection_standard,OOD_BIN_LENGTH_BIN_LEN_Q2,,
A,ablation,M3_TFIDF_PLUS_FLAGS_PLUS_IBVS_V2_TOTAL,deployment_threshold,OOD,,length_bin,len_q2,192,84,108,0.6146,0.506,0.6066,0.5808,0.1548,0.2024,0.2619,0.8333,10.0,10.0312,1.0,4.8889,metrics_ablation_bins_splitA.csv,bin_eval=length_bin:len_q2; stage=OOD; eval_track=deployment_threshold; n_total=192; n_pos=84; n_neg=108,OOD_BIN_LENGTH_BIN_LEN_Q2,,
A,ablation,M3_TFIDF_PLUS_FLAGS_PLUS_IBVS_V2_TOTAL,deployment_threshold,OOD,ood_test_injection,length_bin,len_q2,169,6,163,0.4615,0.3646,0.3127,0.8753,0.1667,0.1667,0.6667,0.0,18.0,19.3314,0.9375,5.15,metrics_ablation_bins_splitA__ood-ood_test_injection.csv,bin_eval=length_bin:len_q2; stage=OOD; eval_track=deployment_threshold; n_total=169; n_pos=6; n_neg=163; ood_name=ood_test_injection,OOD_BIN_LENGTH_BIN_LEN_Q2,,
A,ablation,M3_TFIDF_PLUS_FLAGS_PLUS_IBVS_V2_TOTAL,deployment_threshold,OOD,ood_test_injection_standard,length_bin,len_q2,996,524,472,0.5171,0.4921,0.5559,0.5247,0.0172,0.0649,0.1298,0.2977,78.0,73.7791,0.7853,4.9795,metrics_ablation_bins_splitA__ood-ood_test_injection_standard.csv,bin_eval=length_bin:len_q2; stage=OOD; eval_track=deployment_threshold; n_total=996; n_pos=524; n_neg=472; ood_name=ood_test_injection_standard,OOD_BIN_LENGTH_BIN_LEN_Q2,,
A,ablation,M3_TFIDF_PLUS_FLAGS_PLUS_IBVS_V2_TOTAL,ranking,OOD,,length_bin,len_q2,192,84,108,0.5417,0.5415,0.6066,0.5808,0.1548,0.2024,0.2619,0.3571,10.0,10.0312,1.0,4.8889,metrics_ablation_bins_splitA.csv,bin_eval=length_bin:len_q2; stage=OOD; eval_track=ranking; n_total=192; n_pos=84; n_neg=108,OOD_BIN_LENGTH_BIN_LEN_Q2,,
A,ablation,M3_TFIDF_PLUS_FLAGS_PLUS_IBVS_V2_TOTAL,ranking,OOD,ood_test_injection,length_bin,len_q2,169,6,163,0.0651,0.0651,0.3127,0.8753,0.1667,0.1667,0.6667,0.0,18.0,19.3314,0.9375,5.15,metrics_ablation_bins_splitA__ood-ood_test_injection.csv,bin_eval=length_bin:len_q2; stage=OOD; eval_track=ranking; n_total=169; n_pos=6; n_neg=163; ood_name=ood_test_injection,OOD_BIN_LENGTH_BIN_LEN_Q2,,
A,ablation,M3_TFIDF_PLUS_FLAGS_PLUS_IBVS_V2_TOTAL,ranking,OOD,ood_test_injection_standard,length_bin,len_q2,996,524,472,0.5241,0.3458,0.5559,0.5247,0.0172,0.0649,0.1298,0.0057,78.0,73.7791,0.7853,4.9795,metrics_ablation_bins_splitA__ood-ood_test_injection_standard.csv,bin_eval=length_bin:len_q2; stage=OOD; eval_track=ranking; n_total=996; n_pos=524; n_neg=472; ood_name=ood_test_injection_standard,OOD_BIN_LENGTH_BIN_LEN_Q2,,
A,ablation,M3_TFIDF_PLUS_FLAGS_PLUS_IBVS_V2_TRIPWIRE,deployment_threshold,OOD,,length_bin,len_q2,192,84,108,0.6094,0.5025,0.6026,0.5861,0.1429,0.1667,0.2143,0.8333,10.0,10.0312,1.0,4.8889,metrics_ablation_bins_splitA.csv,bin_eval=length_bin:len_q2; stage=OOD; eval_track=deployment_threshold; n_total=192; n_pos=84; n_neg=108,OOD_BIN_LENGTH_BIN_LEN_Q2,,
A,ablation,M3_TFIDF_PLUS_FLAGS_PLUS_IBVS_V2_TRIPWIRE,deployment_threshold,OOD,ood_test_injection,length_bin,len_q2,169,6,163,0.4911,0.3821,0.3007,0.8569,0.1667,0.1667,0.6667,0.0,18.0,19.3314,0.9375,5.15,metrics_ablation_bins_splitA__ood-ood_test_injection.csv,bin_eval=length_bin:len_q2; stage=OOD; eval_track=deployment_threshold; n_total=169; n_pos=6; n_neg=163; ood_name=ood_test_injection,OOD_BIN_LENGTH_BIN_LEN_Q2,,
A,ablation,M3_TFIDF_PLUS_FLAGS_PLUS_IBVS_V2_TRIPWIRE,deployment_threshold,OOD,ood_test_injection_standard,length_bin,len_q2,996,524,472,0.5181,0.5046,0.5483,0.5171,0.0115,0.0553,0.1183,0.3511,78.0,73.7791,0.7853,4.9795,metrics_ablation_bins_splitA__ood-ood_test_injection_standard.csv,bin_eval=length_bin:len_q2; stage=OOD; eval_track=deployment_threshold; n_total=996; n_pos=524; n_neg=472; ood_name=ood_test_injection_standard,OOD_BIN_LENGTH_BIN_LEN_Q2,,
A,ablation,M3_TFIDF_PLUS_FLAGS_PLUS_IBVS_V2_TRIPWIRE,ranking,OOD,,length_bin,len_q2,192,84,108,0.5781,0.578,0.6026,0.5861,0.1429,0.1667,0.2143,0.3571,10.0,10.0312,1.0,4.8889,metrics_ablation_bins_splitA.csv,bin_eval=length_bin:len_q2; stage=OOD; eval_track=ranking; n_total=192; n_pos=84; n_neg=108,OOD_BIN_LENGTH_BIN_LEN_Q2,,
A,ablation,M3_TFIDF_PLUS_FLAGS_PLUS_IBVS_V2_TRIPWIRE,ranking,OOD,ood_test_injection,length_bin,len_q2,169,6,163,0.0769,0.0769,0.3007,0.8569,0.1667,0.1667,0.6667,0.0,18.0,19.3314,0.9375,5.15,metrics_ablation_bins_splitA__ood-ood_test_injection.csv,bin_eval=length_bin:len_q2; stage=OOD; eval_track=ranking; n_total=169; n_pos=6; n_neg=163; ood_name=ood_test_injection,OOD_BIN_LENGTH_BIN_LEN_Q2,,
A,ablation,M3_TFIDF_PLUS_FLAGS_PLUS_IBVS_V2_TRIPWIRE,ranking,OOD,ood_test_injection_standard,length_bin,len_q2,996,524,472,0.5261,0.3577,0.5483,0.5171,0.0115,0.0553,0.1183,0.0134,78.0,73.7791,0.7853,4.9795,metrics_ablation_bins_splitA__ood-ood_test_injection_standard.csv,bin_eval=length_bin:len_q2; stage=OOD; eval_track=ranking; n_total=996; n_pos=524; n_neg=472; ood_name=ood_test_injection_standard,OOD_BIN_LENGTH_BIN_LEN_Q2,,
A,hybrid,HYBRID_SEM_ANCHORED_IBVS_BOOST,deployment_threshold,OOD,,length_bin,len_q2,192,84,108,0.6979,0.672,0.7634,0.8084,0.1905,0.3452,0.3571,0.5238,10.0,10.0312,1.0,4.8889,metrics_hybrid_bins_splitA.csv,bin_eval=length_bin:len_q2; stage=OOD; eval_track=deployment_threshold; n_total=192; n_pos=84; n_neg=108,OOD_BIN_LENGTH_BIN_LEN_Q2,,
A,hybrid,HYBRID_SEM_ANCHORED_IBVS_BOOST,deployment_threshold,OOD,ood_test_injection,length_bin,len_q2,169,6,163,0.4675,0.3609,0.2591,0.7679,0.0,0.5,0.5,0.1667,18.0,19.3314,0.9375,5.15,metrics_hybrid_bins_splitA__ood-ood_test_injection.csv,bin_eval=length_bin:len_q2; stage=OOD; eval_track=deployment_threshold; n_total=169; n_pos=6; n_neg=163; ood_name=ood_test_injection,OOD_BIN_LENGTH_BIN_LEN_Q2,,
A,hybrid,HYBRID_SEM_ANCHORED_IBVS_BOOST,deployment_threshold,OOD,ood_test_injection_standard,length_bin,len_q2,996,524,472,0.6536,0.6443,0.7095,0.7206,0.042,0.1756,0.2615,0.2252,78.0,73.7791,0.7853,4.9795,metrics_hybrid_bins_splitA__ood-ood_test_injection_standard.csv,bin_eval=length_bin:len_q2; stage=OOD; eval_track=deployment_threshold; n_total=996; n_pos=524; n_neg=472; ood_name=ood_test_injection_standard,OOD_BIN_LENGTH_BIN_LEN_Q2,,
A,hybrid,HYBRID_SEM_ANCHORED_IBVS_BOOST_V2,deployment_threshold,OOD,,length_bin,len_q2,192,84,108,0.6979,0.672,0.7634,0.8084,0.1905,0.3452,0.3571,0.5238,10.0,10.0312,1.0,4.8889,metrics_hybrid_bins_splitA.csv,bin_eval=length_bin:len_q2; stage=OOD; eval_track=deployment_threshold; n_total=192; n_pos=84; n_neg=108,OOD_BIN_LENGTH_BIN_LEN_Q2,,
A,hybrid,HYBRID_SEM_ANCHORED_IBVS_BOOST_V2,deployment_threshold,OOD,ood_test_injection,length_bin,len_q2,169,6,163,0.4675,0.3609,0.2591,0.7679,0.0,0.5,0.5,0.1667,18.0,19.3314,0.9375,5.15,metrics_hybrid_bins_splitA__ood-ood_test_injection.csv,bin_eval=length_bin:len_q2; stage=OOD; eval_track=deployment_threshold; n_total=169; n_pos=6; n_neg=163; ood_name=ood_test_injection,OOD_BIN_LENGTH_BIN_LEN_Q2,,
A,hybrid,HYBRID_SEM_ANCHORED_IBVS_BOOST_V2,deployment_threshold,OOD,ood_test_injection_standard,length_bin,len_q2,996,524,472,0.6536,0.6443,0.7095,0.7206,0.042,0.1756,0.2615,0.2252,78.0,73.7791,0.7853,4.9795,metrics_hybrid_bins_splitA__ood-ood_test_injection_standard.csv,bin_eval=length_bin:len_q2; stage=OOD; eval_track=deployment_threshold; n_total=996; n_pos=524; n_neg=472; ood_name=ood_test_injection_standard,OOD_BIN_LENGTH_BIN_LEN_Q2,,
A,hybrid,HYBRID_SEM_ANCHORED_IBVS_VETO,deployment_threshold,OOD,,length_bin,len_q2,192,84,108,0.7135,0.7094,0.7634,0.8084,0.1905,0.3452,0.3571,0.0476,10.0,10.0312,1.0,4.8889,metrics_hybrid_bins_splitA.csv,bin_eval=length_bin:len_q2; stage=OOD; eval_track=deployment_threshold; n_total=192; n_pos=84; n_neg=108,OOD_BIN_LENGTH_BIN_LEN_Q2,,
A,hybrid,HYBRID_SEM_ANCHORED_IBVS_VETO,deployment_threshold,OOD,ood_test_injection,length_bin,len_q2,169,6,163,0.2959,0.2541,0.2591,0.7679,0.0,0.5,0.5,0.1667,18.0,19.3314,0.9375,5.15,metrics_hybrid_bins_splitA__ood-ood_test_injection.csv,bin_eval=length_bin:len_q2; stage=OOD; eval_track=deployment_threshold; n_total=169; n_pos=6; n_neg=163; ood_name=ood_test_injection,OOD_BIN_LENGTH_BIN_LEN_Q2,,
A,hybrid,HYBRID_SEM_ANCHORED_IBVS_VETO,deployment_threshold,OOD,ood_test_injection_standard,length_bin,len_q2,996,524,472,0.6355,0.5989,0.7095,0.7206,0.042,0.1756,0.2615,0.1088,78.0,73.7791,0.7853,4.9795,metrics_hybrid_bins_splitA__ood-ood_test_injection_standard.csv,bin_eval=length_bin:len_q2; stage=OOD; eval_track=deployment_threshold; n_total=996; n_pos=524; n_neg=472; ood_name=ood_test_injection_standard,OOD_BIN_LENGTH_BIN_LEN_Q2,,
A,hybrid,HYBRID_SEM_EXPERT_GATE_M1_M3,deployment_threshold,OOD,,length_bin,len_q2,192,84,108,0.75,0.746,0.7343,0.7873,0.1429,0.381,0.381,0.2857,10.0,10.0312,1.0,4.8889,metrics_hybrid_bins_splitA.csv,bin_eval=length_bin:len_q2; stage=OOD; eval_track=deployment_threshold; n_total=192; n_pos=84; n_neg=108,OOD_BIN_LENGTH_BIN_LEN_Q2,,
A,hybrid,HYBRID_SEM_EXPERT_GATE_M1_M3,deployment_threshold,OOD,ood_test_injection,length_bin,len_q2,169,6,163,0.4793,0.3677,0.1181,0.7607,0.0,0.0,0.0,0.1667,18.0,19.3314,0.9375,5.15,metrics_hybrid_bins_splitA__ood-ood_test_injection.csv,bin_eval=length_bin:len_q2; stage=OOD; eval_track=deployment_threshold; n_total=169; n_pos=6; n_neg=163; ood_name=ood_test_injection,OOD_BIN_LENGTH_BIN_LEN_Q2,,
A,hybrid,HYBRID_SEM_EXPERT_GATE_M1_M3,deployment_threshold,OOD,ood_test_injection_standard,length_bin,len_q2,996,524,472,0.6416,0.6349,0.6441,0.6673,0.0,0.0,0.0,0.2615,78.0,73.7791,0.7853,4.9795,metrics_hybrid_bins_splitA__ood-ood_test_injection_standard.csv,bin_eval=length_bin:len_q2; stage=OOD; eval_track=deployment_threshold; n_total=996; n_pos=524; n_neg=472; ood_name=ood_test_injection_standard,OOD_BIN_LENGTH_BIN_LEN_Q2,,
A,hybrid,HYBRID_SEM_GATE_ELSE_M3_IBVS_V2,deployment_threshold,OOD,,length_bin,len_q2,192,84,108,0.7083,0.6574,0.5918,0.5729,0.119,0.1786,0.1905,0.631,10.0,10.0312,1.0,4.8889,metrics_hybrid_bins_splitA.csv,bin_eval=length_bin:len_q2; stage=OOD; eval_track=deployment_threshold; n_total=192; n_pos=84; n_neg=108,OOD_BIN_LENGTH_BIN_LEN_Q2,,
A,hybrid,HYBRID_SEM_GATE_ELSE_M3_IBVS_V2,deployment_threshold,OOD,ood_test_injection,length_bin,len_q2,169,6,163,0.426,0.3433,0.2388,0.6656,0.1667,0.3333,0.3333,0.0,18.0,19.3314,0.9375,5.15,metrics_hybrid_bins_splitA__ood-ood_test_injection.csv,bin_eval=length_bin:len_q2; stage=OOD; eval_track=deployment_threshold; n_total=169; n_pos=6; n_neg=163; ood_name=ood_test_injection,OOD_BIN_LENGTH_BIN_LEN_Q2,,
A,hybrid,HYBRID_SEM_GATE_ELSE_M3_IBVS_V2,deployment_threshold,OOD,ood_test_injection_standard,length_bin,len_q2,996,524,472,0.5833,0.5674,0.5279,0.5125,0.0115,0.0477,0.1031,0.2634,78.0,73.7791,0.7853,4.9795,metrics_hybrid_bins_splitA__ood-ood_test_injection_standard.csv,bin_eval=length_bin:len_q2; stage=OOD; eval_track=deployment_threshold; n_total=996; n_pos=524; n_neg=472; ood_name=ood_test_injection_standard,OOD_BIN_LENGTH_BIN_LEN_Q2,,
A,hybrid,HYBRID_SEM_LEARNED_META_FUSION,deployment_threshold,OOD,,length_bin,len_q2,192,84,108,0.6823,0.6492,0.6796,0.6464,0.1786,0.3929,0.3929,0.5714,10.0,10.0312,1.0,4.8889,metrics_hybrid_bins_splitA.csv,bin_eval=length_bin:len_q2; stage=OOD; eval_track=deployment_threshold; n_total=192; n_pos=84; n_neg=108,OOD_BIN_LENGTH_BIN_LEN_Q2,,
A,hybrid,HYBRID_SEM_LEARNED_META_FUSION,deployment_threshold,OOD,ood_test_injection,length_bin,len_q2,169,6,163,0.3136,0.2707,0.208,0.8262,0.0,0.3333,0.3333,0.0,18.0,19.3314,0.9375,5.15,metrics_hybrid_bins_splitA__ood-ood_test_injection.csv,bin_eval=length_bin:len_q2; stage=OOD; eval_track=deployment_threshold; n_total=169; n_pos=6; n_neg=163; ood_name=ood_test_injection,OOD_BIN_LENGTH_BIN_LEN_Q2,,
A,hybrid,HYBRID_SEM_LEARNED_META_FUSION,deployment_threshold,OOD,ood_test_injection_standard,length_bin,len_q2,996,524,472,0.5813,0.525,0.7151,0.7115,0.0267,0.0935,0.2824,0.1202,78.0,73.7791,0.7853,4.9795,metrics_hybrid_bins_splitA__ood-ood_test_injection_standard.csv,bin_eval=length_bin:len_q2; stage=OOD; eval_track=deployment_threshold; n_total=996; n_pos=524; n_neg=472; ood_name=ood_test_injection_standard,OOD_BIN_LENGTH_BIN_LEN_Q2,,
A,semantic,SEM_LOGREG_BGE,deployment_threshold,OOD,ood_test,length_bin,len_q2,192,84,108,0.7135,0.7094,0.7634,0.8084,0.1905,0.3452,0.3571,0.0476,10.0,10.0312,1.0,4.8889,metrics_semantic_bins_splitA.csv,bin_eval=length_bin:len_q2; stage=OOD; eval_track=deployment_threshold; n_total=192; n_pos=84; n_neg=108; ood_name=ood_test,OOD_BIN_LENGTH_BIN_LEN_Q2,,
A,semantic,SEM_LOGREG_BGE,deployment_threshold,OOD,ood_test_injection,length_bin,len_q2,169,6,163,0.2959,0.2541,0.2591,0.7679,0.0,0.5,0.5,0.1667,18.0,19.3314,0.9375,5.15,metrics_semantic_bins_splitA__ood-ood_test_injection.csv,bin_eval=length_bin:len_q2; stage=OOD; eval_track=deployment_threshold; n_total=169; n_pos=6; n_neg=163; ood_name=ood_test_injection,OOD_BIN_LENGTH_BIN_LEN_Q2,,
A,semantic,SEM_LOGREG_BGE,deployment_threshold,OOD,ood_test_injection_standard,length_bin,len_q2,996,524,472,0.6355,0.5989,0.7095,0.7206,0.042,0.1756,0.2615,0.1088,78.0,73.7791,0.7853,4.9795,metrics_semantic_bins_splitA__ood-ood_test_injection_standard.csv,bin_eval=length_bin:len_q2; stage=OOD; eval_track=deployment_threshold; n_total=996; n_pos=524; n_neg=472; ood_name=ood_test_injection_standard,OOD_BIN_LENGTH_BIN_LEN_Q2,,
A,ablation,M1_TFIDF_ONLY,deployment_threshold,OOD,,length_bin,len_q3,192,113,79,0.5104,0.4684,0.7536,0.6529,0.0531,0.2124,0.2478,0.8053,13.0,13.026,1.0,4.9167,metrics_ablation_bins_splitA.csv,bin_eval=length_bin:len_q3; stage=OOD; eval_track=deployment_threshold; n_total=192; n_pos=113; n_neg=79,OOD_BIN_LENGTH_BIN_LEN_Q3,,
A,ablation,M1_TFIDF_ONLY,deployment_threshold,OOD,ood_test_injection,length_bin,len_q3,169,162,7,0.7515,0.5071,0.9771,0.7002,0.1173,0.1173,0.1173,0.2407,132.0,138.7101,0.6803,5.645,metrics_ablation_bins_splitA__ood-ood_test_injection.csv,bin_eval=length_bin:len_q3; stage=OOD; eval_track=deployment_threshold; n_total=169; n_pos=162; n_neg=7; ood_name=ood_test_injection,OOD_BIN_LENGTH_BIN_LEN_Q3,,
A,ablation,M1_TFIDF_ONLY,deployment_threshold,OOD,ood_test_injection_standard,length_bin,len_q3,996,619,377,0.6054,0.5081,0.6552,0.5555,0.0145,0.0501,0.1034,0.1551,126.0,127.3022,0.7054,5.1505,metrics_ablation_bins_splitA__ood-ood_test_injection_standard.csv,bin_eval=length_bin:len_q3; stage=OOD; eval_track=deployment_threshold; n_total=996; n_pos=619; n_neg=377; ood_name=ood_test_injection_standard,OOD_BIN_LENGTH_BIN_LEN_Q3,,
A,ablation,M1_TFIDF_ONLY,ranking,OOD,,length_bin,len_q3,192,113,79,0.6042,0.5754,0.7536,0.6529,0.0531,0.2124,0.2478,0.2655,13.0,13.026,1.0,4.9167,metrics_ablation_bins_splitA.csv,bin_eval=length_bin:len_q3; stage=OOD; eval_track=ranking; n_total=192; n_pos=113; n_neg=79,OOD_BIN_LENGTH_BIN_LEN_Q3,,
A,ablation,M1_TFIDF_ONLY,ranking,OOD,ood_test_injection,length_bin,len_q3,169,162,7,0.9645,0.6159,0.9771,0.7002,0.1173,0.1173,0.1173,0.0,132.0,138.7101,0.6803,5.645,metrics_ablation_bins_splitA__ood-ood_test_injection.csv,bin_eval=length_bin:len_q3; stage=OOD; eval_track=ranking; n_total=169; n_pos=162; n_neg=7; ood_name=ood_test_injection,OOD_BIN_LENGTH_BIN_LEN_Q3,,
A,ablation,M1_TFIDF_ONLY,ranking,OOD,ood_test_injection_standard,length_bin,len_q3,996,619,377,0.6195,0.3874,0.6552,0.5555,0.0145,0.0501,0.1034,0.0065,126.0,127.3022,0.7054,5.1505,metrics_ablation_bins_splitA__ood-ood_test_injection_standard.csv,bin_eval=length_bin:len_q3; stage=OOD; eval_track=ranking; n_total=996; n_pos=619; n_neg=377; ood_name=ood_test_injection_standard,OOD_BIN_LENGTH_BIN_LEN_Q3,,
A,ablation,M2_TFIDF_PLUS_FLAGS,deployment_threshold,OOD,,length_bin,len_q3,192,113,79,0.5104,0.4882,0.7131,0.6288,0.0531,0.1416,0.2124,0.7434,13.0,13.026,1.0,4.9167,metrics_ablation_bins_splitA.csv,bin_eval=length_bin:len_q3; stage=OOD; eval_track=deployment_threshold; n_total=192; n_pos=113; n_neg=79,OOD_BIN_LENGTH_BIN_LEN_Q3,,
A,ablation,M2_TFIDF_PLUS_FLAGS,deployment_threshold,OOD,ood_test_injection,length_bin,len_q3,169,162,7,0.7515,0.4901,0.9544,0.5247,0.0185,0.0185,0.0185,0.2346,132.0,138.7101,0.6803,5.645,metrics_ablation_bins_splitA__ood-ood_test_injection.csv,bin_eval=length_bin:len_q3; stage=OOD; eval_track=deployment_threshold; n_total=169; n_pos=162; n_neg=7; ood_name=ood_test_injection,OOD_BIN_LENGTH_BIN_LEN_Q3,,
A,ablation,M2_TFIDF_PLUS_FLAGS,deployment_threshold,OOD,ood_test_injection_standard,length_bin,len_q3,996,619,377,0.5954,0.5318,0.6471,0.5459,0.0032,0.063,0.105,0.2246,126.0,127.3022,0.7054,5.1505,metrics_ablation_bins_splitA__ood-ood_test_injection_standard.csv,bin_eval=length_bin:len_q3; stage=OOD; eval_track=deployment_threshold; n_total=996; n_pos=619; n_neg=377; ood_name=ood_test_injection_standard,OOD_BIN_LENGTH_BIN_LEN_Q3,,
A,ablation,M2_TFIDF_PLUS_FLAGS,ranking,OOD,,length_bin,len_q3,192,113,79,0.599,0.4828,0.7131,0.6288,0.0531,0.1416,0.2124,0.0885,13.0,13.026,1.0,4.9167,metrics_ablation_bins_splitA.csv,bin_eval=length_bin:len_q3; stage=OOD; eval_track=ranking; n_total=192; n_pos=113; n_neg=79,OOD_BIN_LENGTH_BIN_LEN_Q3,,
A,ablation,M2_TFIDF_PLUS_FLAGS,ranking,OOD,ood_test_injection,length_bin,len_q3,169,162,7,0.9586,0.4894,0.9544,0.5247,0.0185,0.0185,0.0185,0.0,132.0,138.7101,0.6803,5.645,metrics_ablation_bins_splitA__ood-ood_test_injection.csv,bin_eval=length_bin:len_q3; stage=OOD; eval_track=ranking; n_total=169; n_pos=162; n_neg=7; ood_name=ood_test_injection,OOD_BIN_LENGTH_BIN_LEN_Q3,,
A,ablation,M2_TFIDF_PLUS_FLAGS,ranking,OOD,ood_test_injection_standard,length_bin,len_q3,996,619,377,0.6225,0.3886,0.6471,0.5459,0.0032,0.063,0.105,0.0016,126.0,127.3022,0.7054,5.1505,metrics_ablation_bins_splitA__ood-ood_test_injection_standard.csv,bin_eval=length_bin:len_q3; stage=OOD; eval_track=ranking; n_total=996; n_pos=619; n_neg=377; ood_name=ood_test_injection_standard,OOD_BIN_LENGTH_BIN_LEN_Q3,,
A,ablation,M3_TFIDF_PLUS_FLAGS_PLUS_IBVS_V1_TOTAL,deployment_threshold,OOD,,length_bin,len_q3,192,113,79,0.5,0.4773,0.7058,0.6245,0.0265,0.0973,0.1858,0.7522,13.0,13.026,1.0,4.9167,metrics_ablation_bins_splitA.csv,bin_eval=length_bin:len_q3; stage=OOD; eval_track=deployment_threshold; n_total=192; n_pos=113; n_neg=79,OOD_BIN_LENGTH_BIN_LEN_Q3,,
A,ablation,M3_TFIDF_PLUS_FLAGS_PLUS_IBVS_V1_TOTAL,deployment_threshold,OOD,ood_test_injection,length_bin,len_q3,169,162,7,0.7041,0.4649,0.9472,0.47,0.0247,0.0247,0.0247,0.284,132.0,138.7101,0.6803,5.645,metrics_ablation_bins_splitA__ood-ood_test_injection.csv,bin_eval=length_bin:len_q3; stage=OOD; eval_track=deployment_threshold; n_total=169; n_pos=162; n_neg=7; ood_name=ood_test_injection,OOD_BIN_LENGTH_BIN_LEN_Q3,,
A,ablation,M3_TFIDF_PLUS_FLAGS_PLUS_IBVS_V1_TOTAL,deployment_threshold,OOD,ood_test_injection_standard,length_bin,len_q3,996,619,377,0.5914,0.5433,0.667,0.564,0.0129,0.0549,0.1325,0.2633,126.0,127.3022,0.7054,5.1505,metrics_ablation_bins_splitA__ood-ood_test_injection_standard.csv,bin_eval=length_bin:len_q3; stage=OOD; eval_track=deployment_threshold; n_total=996; n_pos=619; n_neg=377; ood_name=ood_test_injection_standard,OOD_BIN_LENGTH_BIN_LEN_Q3,,
A,ablation,M3_TFIDF_PLUS_FLAGS_PLUS_IBVS_V1_TOTAL,ranking,OOD,,length_bin,len_q3,192,113,79,0.599,0.5068,0.7058,0.6245,0.0265,0.0973,0.1858,0.1239,13.0,13.026,1.0,4.9167,metrics_ablation_bins_splitA.csv,bin_eval=length_bin:len_q3; stage=OOD; eval_track=ranking; n_total=192; n_pos=113; n_neg=79,OOD_BIN_LENGTH_BIN_LEN_Q3,,
A,ablation,M3_TFIDF_PLUS_FLAGS_PLUS_IBVS_V1_TOTAL,ranking,OOD,ood_test_injection,length_bin,len_q3,169,162,7,0.9527,0.4879,0.9472,0.47,0.0247,0.0247,0.0247,0.0062,132.0,138.7101,0.6803,5.645,metrics_ablation_bins_splitA__ood-ood_test_injection.csv,bin_eval=length_bin:len_q3; stage=OOD; eval_track=ranking; n_total=169; n_pos=162; n_neg=7; ood_name=ood_test_injection,OOD_BIN_LENGTH_BIN_LEN_Q3,,
A,ablation,M3_TFIDF_PLUS_FLAGS_PLUS_IBVS_V1_TOTAL,ranking,OOD,ood_test_injection_standard,length_bin,len_q3,996,619,377,0.6235,0.3915,0.667,0.564,0.0129,0.0549,0.1325,0.0016,126.0,127.3022,0.7054,5.1505,metrics_ablation_bins_splitA__ood-ood_test_injection_standard.csv,bin_eval=length_bin:len_q3; stage=OOD; eval_track=ranking; n_total=996; n_pos=619; n_neg=377; ood_name=ood_test_injection_standard,OOD_BIN_LENGTH_BIN_LEN_Q3,,
A,ablation,M3_TFIDF_PLUS_FLAGS_PLUS_IBVS_V2_STRUCTURED,deployment_threshold,OOD,,length_bin,len_q3,192,113,79,0.5573,0.5546,0.7045,0.6329,0.0177,0.0708,0.2035,0.5929,13.0,13.026,1.0,4.9167,metrics_ablation_bins_splitA.csv,bin_eval=length_bin:len_q3; stage=OOD; eval_track=deployment_threshold; n_total=192; n_pos=113; n_neg=79,OOD_BIN_LENGTH_BIN_LEN_Q3,,
A,ablation,M3_TFIDF_PLUS_FLAGS_PLUS_IBVS_V2_STRUCTURED,deployment_threshold,OOD,ood_test_injection,length_bin,len_q3,169,162,7,0.8698,0.5717,0.9478,0.5009,0.0123,0.0123,0.0123,0.1111,132.0,138.7101,0.6803,5.645,metrics_ablation_bins_splitA__ood-ood_test_injection.csv,bin_eval=length_bin:len_q3; stage=OOD; eval_track=deployment_threshold; n_total=169; n_pos=162; n_neg=7; ood_name=ood_test_injection,OOD_BIN_LENGTH_BIN_LEN_Q3,,
A,ablation,M3_TFIDF_PLUS_FLAGS_PLUS_IBVS_V2_STRUCTURED,deployment_threshold,OOD,ood_test_injection_standard,length_bin,len_q3,996,619,377,0.6094,0.5131,0.6553,0.5501,0.0097,0.0614,0.1454,0.1519,126.0,127.3022,0.7054,5.1505,metrics_ablation_bins_splitA__ood-ood_test_injection_standard.csv,bin_eval=length_bin:len_q3; stage=OOD; eval_track=deployment_threshold; n_total=996; n_pos=619; n_neg=377; ood_name=ood_test_injection_standard,OOD_BIN_LENGTH_BIN_LEN_Q3,,
A,ablation,M3_TFIDF_PLUS_FLAGS_PLUS_IBVS_V2_STRUCTURED,ranking,OOD,,length_bin,len_q3,192,113,79,0.6042,0.4862,0.7045,0.6329,0.0177,0.0708,0.2035,0.0796,13.0,13.026,1.0,4.9167,metrics_ablation_bins_splitA.csv,bin_eval=length_bin:len_q3; stage=OOD; eval_track=ranking; n_total=192; n_pos=113; n_neg=79,OOD_BIN_LENGTH_BIN_LEN_Q3,,
A,ablation,M3_TFIDF_PLUS_FLAGS_PLUS_IBVS_V2_STRUCTURED,ranking,OOD,ood_test_injection,length_bin,len_q3,169,162,7,0.9586,0.4894,0.9478,0.5009,0.0123,0.0123,0.0123,0.0,132.0,138.7101,0.6803,5.645,metrics_ablation_bins_splitA__ood-ood_test_injection.csv,bin_eval=length_bin:len_q3; stage=OOD; eval_track=ranking; n_total=169; n_pos=162; n_neg=7; ood_name=ood_test_injection,OOD_BIN_LENGTH_BIN_LEN_Q3,,
A,ablation,M3_TFIDF_PLUS_FLAGS_PLUS_IBVS_V2_STRUCTURED,ranking,OOD,ood_test_injection_standard,length_bin,len_q3,996,619,377,0.6215,0.3858,0.6553,0.5501,0.0097,0.0614,0.1454,0.0016,126.0,127.3022,0.7054,5.1505,metrics_ablation_bins_splitA__ood-ood_test_injection_standard.csv,bin_eval=length_bin:len_q3; stage=OOD; eval_track=ranking; n_total=996; n_pos=619; n_neg=377; ood_name=ood_test_injection_standard,OOD_BIN_LENGTH_BIN_LEN_Q3,,
A,ablation,M3_TFIDF_PLUS_FLAGS_PLUS_IBVS_V2_TAILCAL,deployment_threshold,OOD,,length_bin,len_q3,192,113,79,0.5417,0.5344,0.7163,0.6371,0.0354,0.1681,0.2301,0.646,13.0,13.026,1.0,4.9167,metrics_ablation_bins_splitA.csv,bin_eval=length_bin:len_q3; stage=OOD; eval_track=deployment_threshold; n_total=192; n_pos=113; n_neg=79,OOD_BIN_LENGTH_BIN_LEN_Q3,,
A,ablation,M3_TFIDF_PLUS_FLAGS_PLUS_IBVS_V2_TAILCAL,deployment_threshold,OOD,ood_test_injection,length_bin,len_q3,169,162,7,0.8284,0.5131,0.9463,0.4674,0.0185,0.0185,0.0185,0.1481,132.0,138.7101,0.6803,5.645,metrics_ablation_bins_splitA__ood-ood_test_injection.csv,bin_eval=length_bin:len_q3; stage=OOD; eval_track=deployment_threshold; n_total=169; n_pos=162; n_neg=7; ood_name=ood_test_injection,OOD_BIN_LENGTH_BIN_LEN_Q3,,
A,ablation,M3_TFIDF_PLUS_FLAGS_PLUS_IBVS_V2_TAILCAL,deployment_threshold,OOD,ood_test_injection_standard,length_bin,len_q3,996,619,377,0.6114,0.5209,0.6615,0.5601,0.0129,0.0614,0.1405,0.1583,126.0,127.3022,0.7054,5.1505,metrics_ablation_bins_splitA__ood-ood_test_injection_standard.csv,bin_eval=length_bin:len_q3; stage=OOD; eval_track=deployment_threshold; n_total=996; n_pos=619; n_neg=377; ood_name=ood_test_injection_standard,OOD_BIN_LENGTH_BIN_LEN_Q3,,
A,ablation,M3_TFIDF_PLUS_FLAGS_PLUS_IBVS_V2_TAILCAL,ranking,OOD,,length_bin,len_q3,192,113,79,0.6094,0.4962,0.7163,0.6371,0.0354,0.1681,0.2301,0.0796,13.0,13.026,1.0,4.9167,metrics_ablation_bins_splitA.csv,bin_eval=length_bin:len_q3; stage=OOD; eval_track=ranking; n_total=192; n_pos=113; n_neg=79,OOD_BIN_LENGTH_BIN_LEN_Q3,,
A,ablation,M3_TFIDF_PLUS_FLAGS_PLUS_IBVS_V2_TAILCAL,ranking,OOD,ood_test_injection,length_bin,len_q3,169,162,7,0.9586,0.4894,0.9463,0.4674,0.0185,0.0185,0.0185,0.0,132.0,138.7101,0.6803,5.645,metrics_ablation_bins_splitA__ood-ood_test_injection.csv,bin_eval=length_bin:len_q3; stage=OOD; eval_track=ranking; n_total=169; n_pos=162; n_neg=7; ood_name=ood_test_injection,OOD_BIN_LENGTH_BIN_LEN_Q3,,
A,ablation,M3_TFIDF_PLUS_FLAGS_PLUS_IBVS_V2_TAILCAL,ranking,OOD,ood_test_injection_standard,length_bin,len_q3,996,619,377,0.6245,0.3919,0.6615,0.5601,0.0129,0.0614,0.1405,0.0,126.0,127.3022,0.7054,5.1505,metrics_ablation_bins_splitA__ood-ood_test_injection_standard.csv,bin_eval=length_bin:len_q3; stage=OOD; eval_track=ranking; n_total=996; n_pos=619; n_neg=377; ood_name=ood_test_injection_standard,OOD_BIN_LENGTH_BIN_LEN_Q3,,
A,ablation,M3_TFIDF_PLUS_FLAGS_PLUS_IBVS_V2_TOTAL,deployment_threshold,OOD,,length_bin,len_q3,192,113,79,0.5625,0.5586,0.71,0.6356,0.0088,0.1681,0.2389,0.6018,13.0,13.026,1.0,4.9167,metrics_ablation_bins_splitA.csv,bin_eval=length_bin:len_q3; stage=OOD; eval_track=deployment_threshold; n_total=192; n_pos=113; n_neg=79,OOD_BIN_LENGTH_BIN_LEN_Q3,,
A,ablation,M3_TFIDF_PLUS_FLAGS_PLUS_IBVS_V2_TOTAL,deployment_threshold,OOD,ood_test_injection,length_bin,len_q3,169,162,7,0.8462,0.5513,0.9481,0.5062,0.0123,0.0123,0.0123,0.1358,132.0,138.7101,0.6803,5.645,metrics_ablation_bins_splitA__ood-ood_test_injection.csv,bin_eval=length_bin:len_q3; stage=OOD; eval_track=deployment_threshold; n_total=169; n_pos=162; n_neg=7; ood_name=ood_test_injection,OOD_BIN_LENGTH_BIN_LEN_Q3,,
A,ablation,M3_TFIDF_PLUS_FLAGS_PLUS_IBVS_V2_TOTAL,deployment_threshold,OOD,ood_test_injection_standard,length_bin,len_q3,996,619,377,0.6155,0.5217,0.6526,0.5578,0.0032,0.0565,0.1228,0.1486,126.0,127.3022,0.7054,5.1505,metrics_ablation_bins_splitA__ood-ood_test_injection_standard.csv,bin_eval=length_bin:len_q3; stage=OOD; eval_track=deployment_threshold; n_total=996; n_pos=619; n_neg=377; ood_name=ood_test_injection_standard,OOD_BIN_LENGTH_BIN_LEN_Q3,,
A,ablation,M3_TFIDF_PLUS_FLAGS_PLUS_IBVS_V2_TOTAL,ranking,OOD,,length_bin,len_q3,192,113,79,0.5938,0.4857,0.71,0.6356,0.0088,0.1681,0.2389,0.1062,13.0,13.026,1.0,4.9167,metrics_ablation_bins_splitA.csv,bin_eval=length_bin:len_q3; stage=OOD; eval_track=ranking; n_total=192; n_pos=113; n_neg=79,OOD_BIN_LENGTH_BIN_LEN_Q3,,
A,ablation,M3_TFIDF_PLUS_FLAGS_PLUS_IBVS_V2_TOTAL,ranking,OOD,ood_test_injection,length_bin,len_q3,169,162,7,0.9586,0.4894,0.9481,0.5062,0.0123,0.0123,0.0123,0.0,132.0,138.7101,0.6803,5.645,metrics_ablation_bins_splitA__ood-ood_test_injection.csv,bin_eval=length_bin:len_q3; stage=OOD; eval_track=ranking; n_total=169; n_pos=162; n_neg=7; ood_name=ood_test_injection,OOD_BIN_LENGTH_BIN_LEN_Q3,,
A,ablation,M3_TFIDF_PLUS_FLAGS_PLUS_IBVS_V2_TOTAL,ranking,OOD,ood_test_injection_standard,length_bin,len_q3,996,619,377,0.6235,0.389,0.6526,0.5578,0.0032,0.0565,0.1228,0.0,126.0,127.3022,0.7054,5.1505,metrics_ablation_bins_splitA__ood-ood_test_injection_standard.csv,bin_eval=length_bin:len_q3; stage=OOD; eval_track=ranking; n_total=996; n_pos=619; n_neg=377; ood_name=ood_test_injection_standard,OOD_BIN_LENGTH_BIN_LEN_Q3,,
A,ablation,M3_TFIDF_PLUS_FLAGS_PLUS_IBVS_V2_TRIPWIRE,deployment_threshold,OOD,,length_bin,len_q3,192,113,79,0.5,0.4857,0.7005,0.6253,0.0265,0.115,0.2124,0.7168,13.0,13.026,1.0,4.9167,metrics_ablation_bins_splitA.csv,bin_eval=length_bin:len_q3; stage=OOD; eval_track=deployment_threshold; n_total=192; n_pos=113; n_neg=79,OOD_BIN_LENGTH_BIN_LEN_Q3,,
A,ablation,M3_TFIDF_PLUS_FLAGS_PLUS_IBVS_V2_TRIPWIRE,deployment_threshold,OOD,ood_test_injection,length_bin,len_q3,169,162,7,0.8343,0.5422,0.9496,0.4947,0.0185,0.0185,0.0185,0.1481,132.0,138.7101,0.6803,5.645,metrics_ablation_bins_splitA__ood-ood_test_injection.csv,bin_eval=length_bin:len_q3; stage=OOD; eval_track=deployment_threshold; n_total=169; n_pos=162; n_neg=7; ood_name=ood_test_injection,OOD_BIN_LENGTH_BIN_LEN_Q3,,
A,ablation,M3_TFIDF_PLUS_FLAGS_PLUS_IBVS_V2_TRIPWIRE,deployment_threshold,OOD,ood_test_injection_standard,length_bin,len_q3,996,619,377,0.6145,0.5376,0.658,0.5607,0.0081,0.0533,0.1357,0.1777,126.0,127.3022,0.7054,5.1505,metrics_ablation_bins_splitA__ood-ood_test_injection_standard.csv,bin_eval=length_bin:len_q3; stage=OOD; eval_track=deployment_threshold; n_total=996; n_pos=619; n_neg=377; ood_name=ood_test_injection_standard,OOD_BIN_LENGTH_BIN_LEN_Q3,,
A,ablation,M3_TFIDF_PLUS_FLAGS_PLUS_IBVS_V2_TRIPWIRE,ranking,OOD,,length_bin,len_q3,192,113,79,0.6094,0.539,0.7005,0.6253,0.0265,0.115,0.2124,0.1504,13.0,13.026,1.0,4.9167,metrics_ablation_bins_splitA.csv,bin_eval=length_bin:len_q3; stage=OOD; eval_track=ranking; n_total=192; n_pos=113; n_neg=79,OOD_BIN_LENGTH_BIN_LEN_Q3,,
A,ablation,M3_TFIDF_PLUS_FLAGS_PLUS_IBVS_V2_TRIPWIRE,ranking,OOD,ood_test_injection,length_bin,len_q3,169,162,7,0.9586,0.4894,0.9496,0.4947,0.0185,0.0185,0.0185,0.0,132.0,138.7101,0.6803,5.645,metrics_ablation_bins_splitA__ood-ood_test_injection.csv,bin_eval=length_bin:len_q3; stage=OOD; eval_track=ranking; n_total=169; n_pos=162; n_neg=7; ood_name=ood_test_injection,OOD_BIN_LENGTH_BIN_LEN_Q3,,
A,ablation,M3_TFIDF_PLUS_FLAGS_PLUS_IBVS_V2_TRIPWIRE,ranking,OOD,ood_test_injection_standard,length_bin,len_q3,996,619,377,0.6235,0.3915,0.658,0.5607,0.0081,0.0533,0.1357,0.0016,126.0,127.3022,0.7054,5.1505,metrics_ablation_bins_splitA__ood-ood_test_injection_standard.csv,bin_eval=length_bin:len_q3; stage=OOD; eval_track=ranking; n_total=996; n_pos=619; n_neg=377; ood_name=ood_test_injection_standard,OOD_BIN_LENGTH_BIN_LEN_Q3,,
A,hybrid,HYBRID_SEM_ANCHORED_IBVS_BOOST,deployment_threshold,OOD,,length_bin,len_q3,192,113,79,0.6719,0.6717,0.859,0.7895,0.2478,0.3628,0.5575,0.4071,13.0,13.026,1.0,4.9167,metrics_hybrid_bins_splitA.csv,bin_eval=length_bin:len_q3; stage=OOD; eval_track=deployment_threshold; n_total=192; n_pos=113; n_neg=79,OOD_BIN_LENGTH_BIN_LEN_Q3,,
A,hybrid,HYBRID_SEM_ANCHORED_IBVS_BOOST,deployment_threshold,OOD,ood_test_injection,length_bin,len_q3,169,162,7,0.7811,0.4865,0.9495,0.3554,0.0741,0.0741,0.0741,0.1975,132.0,138.7101,0.6803,5.645,metrics_hybrid_bins_splitA__ood-ood_test_injection.csv,bin_eval=length_bin:len_q3; stage=OOD; eval_track=deployment_threshold; n_total=169; n_pos=162; n_neg=7; ood_name=ood_test_injection,OOD_BIN_LENGTH_BIN_LEN_Q3,,
A,hybrid,HYBRID_SEM_ANCHORED_IBVS_BOOST,deployment_threshold,OOD,ood_test_injection_standard,length_bin,len_q3,996,619,377,0.6486,0.5717,0.7411,0.6439,0.0226,0.168,0.2423,0.1373,126.0,127.3022,0.7054,5.1505,metrics_hybrid_bins_splitA__ood-ood_test_injection_standard.csv,bin_eval=length_bin:len_q3; stage=OOD; eval_track=deployment_threshold; n_total=996; n_pos=619; n_neg=377; ood_name=ood_test_injection_standard,OOD_BIN_LENGTH_BIN_LEN_Q3,,
A,hybrid,HYBRID_SEM_ANCHORED_IBVS_BOOST_V2,deployment_threshold,OOD,,length_bin,len_q3,192,113,79,0.6719,0.6717,0.859,0.7895,0.2478,0.3628,0.5575,0.4071,13.0,13.026,1.0,4.9167,metrics_hybrid_bins_splitA.csv,bin_eval=length_bin:len_q3; stage=OOD; eval_track=deployment_threshold; n_total=192; n_pos=113; n_neg=79,OOD_BIN_LENGTH_BIN_LEN_Q3,,
A,hybrid,HYBRID_SEM_ANCHORED_IBVS_BOOST_V2,deployment_threshold,OOD,ood_test_injection,length_bin,len_q3,169,162,7,0.7811,0.4865,0.9495,0.3554,0.0741,0.0741,0.0741,0.1975,132.0,138.7101,0.6803,5.645,metrics_hybrid_bins_splitA__ood-ood_test_injection.csv,bin_eval=length_bin:len_q3; stage=OOD; eval_track=deployment_threshold; n_total=169; n_pos=162; n_neg=7; ood_name=ood_test_injection,OOD_BIN_LENGTH_BIN_LEN_Q3,,
A,hybrid,HYBRID_SEM_ANCHORED_IBVS_BOOST_V2,deployment_threshold,OOD,ood_test_injection_standard,length_bin,len_q3,996,619,377,0.6486,0.5717,0.7411,0.6439,0.0226,0.168,0.2423,0.1373,126.0,127.3022,0.7054,5.1505,metrics_hybrid_bins_splitA__ood-ood_test_injection_standard.csv,bin_eval=length_bin:len_q3; stage=OOD; eval_track=deployment_threshold; n_total=996; n_pos=619; n_neg=377; ood_name=ood_test_injection_standard,OOD_BIN_LENGTH_BIN_LEN_Q3,,
A,hybrid,HYBRID_SEM_ANCHORED_IBVS_VETO,deployment_threshold,OOD,,length_bin,len_q3,192,113,79,0.6719,0.635,0.859,0.7895,0.2478,0.3628,0.5575,0.1593,13.0,13.026,1.0,4.9167,metrics_hybrid_bins_splitA.csv,bin_eval=length_bin:len_q3; stage=OOD; eval_track=deployment_threshold; n_total=192; n_pos=113; n_neg=79,OOD_BIN_LENGTH_BIN_LEN_Q3,,
A,hybrid,HYBRID_SEM_ANCHORED_IBVS_VETO,deployment_threshold,OOD,ood_test_injection,length_bin,len_q3,169,162,7,0.8166,0.4495,0.9495,0.3554,0.0741,0.0741,0.0741,0.1481,132.0,138.7101,0.6803,5.645,metrics_hybrid_bins_splitA__ood-ood_test_injection.csv,bin_eval=length_bin:len_q3; stage=OOD; eval_track=deployment_threshold; n_total=169; n_pos=162; n_neg=7; ood_name=ood_test_injection,OOD_BIN_LENGTH_BIN_LEN_Q3,,
A,hybrid,HYBRID_SEM_ANCHORED_IBVS_VETO,deployment_threshold,OOD,ood_test_injection_standard,length_bin,len_q3,996,619,377,0.6416,0.5214,0.7411,0.6439,0.0226,0.168,0.2423,0.0808,126.0,127.3022,0.7054,5.1505,metrics_hybrid_bins_splitA__ood-ood_test_injection_standard.csv,bin_eval=length_bin:len_q3; stage=OOD; eval_track=deployment_threshold; n_total=996; n_pos=619; n_neg=377; ood_name=ood_test_injection_standard,OOD_BIN_LENGTH_BIN_LEN_Q3,,
A,hybrid,HYBRID_SEM_EXPERT_GATE_M1_M3,deployment_threshold,OOD,,length_bin,len_q3,192,113,79,0.6823,0.6821,0.8034,0.7501,0.1327,0.1327,0.3982,0.3982,13.0,13.026,1.0,4.9167,metrics_hybrid_bins_splitA.csv,bin_eval=length_bin:len_q3; stage=OOD; eval_track=deployment_threshold; n_total=192; n_pos=113; n_neg=79,OOD_BIN_LENGTH_BIN_LEN_Q3,,
A,hybrid,HYBRID_SEM_EXPERT_GATE_M1_M3,deployment_threshold,OOD,ood_test_injection,length_bin,len_q3,169,162,7,0.716,0.4545,0.9625,0.5225,0.0,0.0,0.0,0.2654,132.0,138.7101,0.6803,5.645,metrics_hybrid_bins_splitA__ood-ood_test_injection.csv,bin_eval=length_bin:len_q3; stage=OOD; eval_track=deployment_threshold; n_total=169; n_pos=162; n_neg=7; ood_name=ood_test_injection,OOD_BIN_LENGTH_BIN_LEN_Q3,,
A,hybrid,HYBRID_SEM_EXPERT_GATE_M1_M3,deployment_threshold,OOD,ood_test_injection_standard,length_bin,len_q3,996,619,377,0.6486,0.5717,0.6761,0.5952,0.0,0.0,0.0,0.1373,126.0,127.3022,0.7054,5.1505,metrics_hybrid_bins_splitA__ood-ood_test_injection_standard.csv,bin_eval=length_bin:len_q3; stage=OOD; eval_track=deployment_threshold; n_total=996; n_pos=619; n_neg=377; ood_name=ood_test_injection_standard,OOD_BIN_LENGTH_BIN_LEN_Q3,,
A,hybrid,HYBRID_SEM_GATE_ELSE_M3_IBVS_V2,deployment_threshold,OOD,,length_bin,len_q3,192,113,79,0.6458,0.6455,0.6482,0.6027,0.0177,0.0531,0.0796,0.4248,13.0,13.026,1.0,4.9167,metrics_hybrid_bins_splitA.csv,bin_eval=length_bin:len_q3; stage=OOD; eval_track=deployment_threshold; n_total=192; n_pos=113; n_neg=79,OOD_BIN_LENGTH_BIN_LEN_Q3,,
A,hybrid,HYBRID_SEM_GATE_ELSE_M3_IBVS_V2,deployment_threshold,OOD,ood_test_injection,length_bin,len_q3,169,162,7,0.8521,0.5561,0.9665,0.5838,0.0679,0.0679,0.0679,0.1296,132.0,138.7101,0.6803,5.645,metrics_hybrid_bins_splitA__ood-ood_test_injection.csv,bin_eval=length_bin:len_q3; stage=OOD; eval_track=deployment_threshold; n_total=169; n_pos=162; n_neg=7; ood_name=ood_test_injection,OOD_BIN_LENGTH_BIN_LEN_Q3,,
A,hybrid,HYBRID_SEM_GATE_ELSE_M3_IBVS_V2,deployment_threshold,OOD,ood_test_injection_standard,length_bin,len_q3,996,619,377,0.6295,0.534,0.6004,0.4783,0.0048,0.0355,0.0905,0.1292,126.0,127.3022,0.7054,5.1505,metrics_hybrid_bins_splitA__ood-ood_test_injection_standard.csv,bin_eval=length_bin:len_q3; stage=OOD; eval_track=deployment_threshold; n_total=996; n_pos=619; n_neg=377; ood_name=ood_test_injection_standard,OOD_BIN_LENGTH_BIN_LEN_Q3,,
A,hybrid,HYBRID_SEM_LEARNED_META_FUSION,deployment_threshold,OOD,,length_bin,len_q3,192,113,79,0.6615,0.6546,0.8144,0.7347,0.1062,0.292,0.469,0.3186,13.0,13.026,1.0,4.9167,metrics_hybrid_bins_splitA.csv,bin_eval=length_bin:len_q3; stage=OOD; eval_track=deployment_threshold; n_total=192; n_pos=113; n_neg=79,OOD_BIN_LENGTH_BIN_LEN_Q3,,
A,hybrid,HYBRID_SEM_LEARNED_META_FUSION,deployment_threshold,OOD,ood_test_injection,length_bin,len_q3,169,162,7,0.8817,0.5138,0.9535,0.4696,0.0247,0.0247,0.0247,0.0864,132.0,138.7101,0.6803,5.645,metrics_hybrid_bins_splitA__ood-ood_test_injection.csv,bin_eval=length_bin:len_q3; stage=OOD; eval_track=deployment_threshold; n_total=169; n_pos=162; n_neg=7; ood_name=ood_test_injection,OOD_BIN_LENGTH_BIN_LEN_Q3,,
A,hybrid,HYBRID_SEM_LEARNED_META_FUSION,deployment_threshold,OOD,ood_test_injection_standard,length_bin,len_q3,996,619,377,0.6305,0.4684,0.7281,0.6457,0.0226,0.0404,0.2262,0.0485,126.0,127.3022,0.7054,5.1505,metrics_hybrid_bins_splitA__ood-ood_test_injection_standard.csv,bin_eval=length_bin:len_q3; stage=OOD; eval_track=deployment_threshold; n_total=996; n_pos=619; n_neg=377; ood_name=ood_test_injection_standard,OOD_BIN_LENGTH_BIN_LEN_Q3,,
A,semantic,SEM_LOGREG_BGE,deployment_threshold,OOD,ood_test,length_bin,len_q3,192,113,79,0.6719,0.635,0.859,0.7895,0.2478,0.3628,0.5575,0.1593,13.0,13.026,1.0,4.9167,metrics_semantic_bins_splitA.csv,bin_eval=length_bin:len_q3; stage=OOD; eval_track=deployment_threshold; n_total=192; n_pos=113; n_neg=79; ood_name=ood_test,OOD_BIN_LENGTH_BIN_LEN_Q3,,
A,semantic,SEM_LOGREG_BGE,deployment_threshold,OOD,ood_test_injection,length_bin,len_q3,169,162,7,0.8166,0.4495,0.9495,0.3554,0.0741,0.0741,0.0741,0.1481,132.0,138.7101,0.6803,5.645,metrics_semantic_bins_splitA__ood-ood_test_injection.csv,bin_eval=length_bin:len_q3; stage=OOD; eval_track=deployment_threshold; n_total=169; n_pos=162; n_neg=7; ood_name=ood_test_injection,OOD_BIN_LENGTH_BIN_LEN_Q3,,
A,semantic,SEM_LOGREG_BGE,deployment_threshold,OOD,ood_test_injection_standard,length_bin,len_q3,996,619,377,0.6416,0.5214,0.7411,0.6439,0.0226,0.168,0.2423,0.0808,126.0,127.3022,0.7054,5.1505,metrics_semantic_bins_splitA__ood-ood_test_injection_standard.csv,bin_eval=length_bin:len_q3; stage=OOD; eval_track=deployment_threshold; n_total=996; n_pos=619; n_neg=377; ood_name=ood_test_injection_standard,OOD_BIN_LENGTH_BIN_LEN_Q3,,
A,ablation,M1_TFIDF_ONLY,deployment_threshold,OOD,,length_bin,len_q4,192,159,33,0.349,0.3468,0.8863,0.6205,0.0755,0.1447,0.1572,0.7547,18.0,19.3958,0.9444,5.0,metrics_ablation_bins_splitA.csv,bin_eval=length_bin:len_q4; stage=OOD; eval_track=deployment_threshold; n_total=192; n_pos=159; n_neg=33,OOD_BIN_LENGTH_BIN_LEN_Q4,,
A,ablation,M1_TFIDF_ONLY,deployment_threshold,OOD,ood_test_injection_standard,length_bin,len_q4,997,734,263,0.7151,0.4844,0.7746,0.546,0.0272,0.0817,0.1294,0.0599,217.0,275.008,0.5932,5.0547,metrics_ablation_bins_splitA__ood-ood_test_injection_standard.csv,bin_eval=length_bin:len_q4; stage=OOD; eval_track=deployment_threshold; n_total=997; n_pos=734; n_neg=263; ood_name=ood_test_injection_standard,OOD_BIN_LENGTH_BIN_LEN_Q4,,
A,ablation,M1_TFIDF_ONLY,ranking,OOD,,length_bin,len_q4,192,159,33,0.7083,0.5313,0.8863,0.6205,0.0755,0.1447,0.1572,0.2013,18.0,19.3958,0.9444,5.0,metrics_ablation_bins_splitA.csv,bin_eval=length_bin:len_q4; stage=OOD; eval_track=ranking; n_total=192; n_pos=159; n_neg=33,OOD_BIN_LENGTH_BIN_LEN_Q4,,
A,ablation,M1_TFIDF_ONLY,ranking,OOD,ood_test_injection_standard,length_bin,len_q4,997,734,263,0.7352,0.4237,0.7746,0.546,0.0272,0.0817,0.1294,0.0014,217.0,275.008,0.5932,5.0547,metrics_ablation_bins_splitA__ood-ood_test_injection_standard.csv,bin_eval=length_bin:len_q4; stage=OOD; eval_track=ranking; n_total=997; n_pos=734; n_neg=263; ood_name=ood_test_injection_standard,OOD_BIN_LENGTH_BIN_LEN_Q4,,
A,ablation,M2_TFIDF_PLUS_FLAGS,deployment_threshold,OOD,,length_bin,len_q4,192,159,33,0.5625,0.5078,0.8843,0.6135,0.0629,0.0692,0.2516,0.4591,18.0,19.3958,0.9444,5.0,metrics_ablation_bins_splitA.csv,bin_eval=length_bin:len_q4; stage=OOD; eval_track=deployment_threshold; n_total=192; n_pos=159; n_neg=33,OOD_BIN_LENGTH_BIN_LEN_Q4,,
A,ablation,M2_TFIDF_PLUS_FLAGS,deployment_threshold,OOD,ood_test_injection_standard,length_bin,len_q4,997,734,263,0.6469,0.4917,0.7361,0.4876,0.0204,0.0477,0.0845,0.1853,217.0,275.008,0.5932,5.0547,metrics_ablation_bins_splitA__ood-ood_test_injection_standard.csv,bin_eval=length_bin:len_q4; stage=OOD; eval_track=deployment_threshold; n_total=997; n_pos=734; n_neg=263; ood_name=ood_test_injection_standard,OOD_BIN_LENGTH_BIN_LEN_Q4,,
A,ablation,M2_TFIDF_PLUS_FLAGS,ranking,OOD,,length_bin,len_q4,192,159,33,0.8125,0.4977,0.8843,0.6135,0.0629,0.0692,0.2516,0.0314,18.0,19.3958,0.9444,5.0,metrics_ablation_bins_splitA.csv,bin_eval=length_bin:len_q4; stage=OOD; eval_track=ranking; n_total=192; n_pos=159; n_neg=33,OOD_BIN_LENGTH_BIN_LEN_Q4,,
A,ablation,M2_TFIDF_PLUS_FLAGS,ranking,OOD,ood_test_injection_standard,length_bin,len_q4,997,734,263,0.7362,0.424,0.7361,0.4876,0.0204,0.0477,0.0845,0.0,217.0,275.008,0.5932,5.0547,metrics_ablation_bins_splitA__ood-ood_test_injection_standard.csv,bin_eval=length_bin:len_q4; stage=OOD; eval_track=ranking; n_total=997; n_pos=734; n_neg=263; ood_name=ood_test_injection_standard,OOD_BIN_LENGTH_BIN_LEN_Q4,,
A,ablation,M3_TFIDF_PLUS_FLAGS_PLUS_IBVS_V1_TOTAL,deployment_threshold,OOD,,length_bin,len_q4,192,159,33,0.5625,0.4954,0.8802,0.6055,0.0377,0.0692,0.2893,0.4403,18.0,19.3958,0.9444,5.0,metrics_ablation_bins_splitA.csv,bin_eval=length_bin:len_q4; stage=OOD; eval_track=deployment_threshold; n_total=192; n_pos=159; n_neg=33,OOD_BIN_LENGTH_BIN_LEN_Q4,,
A,ablation,M3_TFIDF_PLUS_FLAGS_PLUS_IBVS_V1_TOTAL,deployment_threshold,OOD,ood_test_injection_standard,length_bin,len_q4,997,734,263,0.6409,0.5089,0.7734,0.5455,0.0191,0.1022,0.1485,0.2125,217.0,275.008,0.5932,5.0547,metrics_ablation_bins_splitA__ood-ood_test_injection_standard.csv,bin_eval=length_bin:len_q4; stage=OOD; eval_track=deployment_threshold; n_total=997; n_pos=734; n_neg=263; ood_name=ood_test_injection_standard,OOD_BIN_LENGTH_BIN_LEN_Q4,,
A,ablation,M3_TFIDF_PLUS_FLAGS_PLUS_IBVS_V1_TOTAL,ranking,OOD,,length_bin,len_q4,192,159,33,0.8125,0.538,0.8802,0.6055,0.0377,0.0692,0.2893,0.044,18.0,19.3958,0.9444,5.0,metrics_ablation_bins_splitA.csv,bin_eval=length_bin:len_q4; stage=OOD; eval_track=ranking; n_total=192; n_pos=159; n_neg=33,OOD_BIN_LENGTH_BIN_LEN_Q4,,
A,ablation,M3_TFIDF_PLUS_FLAGS_PLUS_IBVS_V1_TOTAL,ranking,OOD,ood_test_injection_standard,length_bin,len_q4,997,734,263,0.7362,0.424,0.7734,0.5455,0.0191,0.1022,0.1485,0.0,217.0,275.008,0.5932,5.0547,metrics_ablation_bins_splitA__ood-ood_test_injection_standard.csv,bin_eval=length_bin:len_q4; stage=OOD; eval_track=ranking; n_total=997; n_pos=734; n_neg=263; ood_name=ood_test_injection_standard,OOD_BIN_LENGTH_BIN_LEN_Q4,,
A,ablation,M3_TFIDF_PLUS_FLAGS_PLUS_IBVS_V2_STRUCTURED,deployment_threshold,OOD,,length_bin,len_q4,192,159,33,0.599,0.5121,0.8783,0.6026,0.0252,0.0755,0.3019,0.3836,18.0,19.3958,0.9444,5.0,metrics_ablation_bins_splitA.csv,bin_eval=length_bin:len_q4; stage=OOD; eval_track=deployment_threshold; n_total=192; n_pos=159; n_neg=33,OOD_BIN_LENGTH_BIN_LEN_Q4,,
A,ablation,M3_TFIDF_PLUS_FLAGS_PLUS_IBVS_V2_STRUCTURED,deployment_threshold,OOD,ood_test_injection_standard,length_bin,len_q4,997,734,263,0.669,0.4952,0.7521,0.5156,0.0177,0.0599,0.1131,0.1471,217.0,275.008,0.5932,5.0547,metrics_ablation_bins_splitA__ood-ood_test_injection_standard.csv,bin_eval=length_bin:len_q4; stage=OOD; eval_track=deployment_threshold; n_total=997; n_pos=734; n_neg=263; ood_name=ood_test_injection_standard,OOD_BIN_LENGTH_BIN_LEN_Q4,,
A,ablation,M3_TFIDF_PLUS_FLAGS_PLUS_IBVS_V2_STRUCTURED,ranking,OOD,,length_bin,len_q4,192,159,33,0.8073,0.4948,0.8783,0.6026,0.0252,0.0755,0.3019,0.0377,18.0,19.3958,0.9444,5.0,metrics_ablation_bins_splitA.csv,bin_eval=length_bin:len_q4; stage=OOD; eval_track=ranking; n_total=192; n_pos=159; n_neg=33,OOD_BIN_LENGTH_BIN_LEN_Q4,,
A,ablation,M3_TFIDF_PLUS_FLAGS_PLUS_IBVS_V2_STRUCTURED,ranking,OOD,ood_test_injection_standard,length_bin,len_q4,997,734,263,0.7362,0.424,0.7521,0.5156,0.0177,0.0599,0.1131,0.0,217.0,275.008,0.5932,5.0547,metrics_ablation_bins_splitA__ood-ood_test_injection_standard.csv,bin_eval=length_bin:len_q4; stage=OOD; eval_track=ranking; n_total=997; n_pos=734; n_neg=263; ood_name=ood_test_injection_standard,OOD_BIN_LENGTH_BIN_LEN_Q4,,
A,ablation,M3_TFIDF_PLUS_FLAGS_PLUS_IBVS_V2_TAILCAL,deployment_threshold,OOD,,length_bin,len_q4,192,159,33,0.5938,0.5135,0.8841,0.6076,0.0566,0.0692,0.3082,0.3962,18.0,19.3958,0.9444,5.0,metrics_ablation_bins_splitA.csv,bin_eval=length_bin:len_q4; stage=OOD; eval_track=deployment_threshold; n_total=192; n_pos=159; n_neg=33,OOD_BIN_LENGTH_BIN_LEN_Q4,,
A,ablation,M3_TFIDF_PLUS_FLAGS_PLUS_IBVS_V2_TAILCAL,deployment_threshold,OOD,ood_test_injection_standard,length_bin,len_q4,997,734,263,0.678,0.4894,0.7542,0.5213,0.0163,0.0545,0.1403,0.1267,217.0,275.008,0.5932,5.0547,metrics_ablation_bins_splitA__ood-ood_test_injection_standard.csv,bin_eval=length_bin:len_q4; stage=OOD; eval_track=deployment_threshold; n_total=997; n_pos=734; n_neg=263; ood_name=ood_test_injection_standard,OOD_BIN_LENGTH_BIN_LEN_Q4,,
A,ablation,M3_TFIDF_PLUS_FLAGS_PLUS_IBVS_V2_TAILCAL,ranking,OOD,,length_bin,len_q4,192,159,33,0.8073,0.4948,0.8841,0.6076,0.0566,0.0692,0.3082,0.0377,18.0,19.3958,0.9444,5.0,metrics_ablation_bins_splitA.csv,bin_eval=length_bin:len_q4; stage=OOD; eval_track=ranking; n_total=192; n_pos=159; n_neg=33,OOD_BIN_LENGTH_BIN_LEN_Q4,,
A,ablation,M3_TFIDF_PLUS_FLAGS_PLUS_IBVS_V2_TAILCAL,ranking,OOD,ood_test_injection_standard,length_bin,len_q4,997,734,263,0.7362,0.424,0.7542,0.5213,0.0163,0.0545,0.1403,0.0,217.0,275.008,0.5932,5.0547,metrics_ablation_bins_splitA__ood-ood_test_injection_standard.csv,bin_eval=length_bin:len_q4; stage=OOD; eval_track=ranking; n_total=997; n_pos=734; n_neg=263; ood_name=ood_test_injection_standard,OOD_BIN_LENGTH_BIN_LEN_Q4,,
A,ablation,M3_TFIDF_PLUS_FLAGS_PLUS_IBVS_V2_TOTAL,deployment_threshold,OOD,,length_bin,len_q4,192,159,33,0.6042,0.5105,0.8792,0.6095,0.0252,0.0881,0.2516,0.3711,18.0,19.3958,0.9444,5.0,metrics_ablation_bins_splitA.csv,bin_eval=length_bin:len_q4; stage=OOD; eval_track=deployment_threshold; n_total=192; n_pos=159; n_neg=33,OOD_BIN_LENGTH_BIN_LEN_Q4,,
A,ablation,M3_TFIDF_PLUS_FLAGS_PLUS_IBVS_V2_TOTAL,deployment_threshold,OOD,ood_test_injection_standard,length_bin,len_q4,997,734,263,0.6841,0.5009,0.7465,0.5142,0.0123,0.0477,0.1213,0.124,217.0,275.008,0.5932,5.0547,metrics_ablation_bins_splitA__ood-ood_test_injection_standard.csv,bin_eval=length_bin:len_q4; stage=OOD; eval_track=deployment_threshold; n_total=997; n_pos=734; n_neg=263; ood_name=ood_test_injection_standard,OOD_BIN_LENGTH_BIN_LEN_Q4,,
A,ablation,M3_TFIDF_PLUS_FLAGS_PLUS_IBVS_V2_TOTAL,ranking,OOD,,length_bin,len_q4,192,159,33,0.8073,0.4948,0.8792,0.6095,0.0252,0.0881,0.2516,0.0377,18.0,19.3958,0.9444,5.0,metrics_ablation_bins_splitA.csv,bin_eval=length_bin:len_q4; stage=OOD; eval_track=ranking; n_total=192; n_pos=159; n_neg=33,OOD_BIN_LENGTH_BIN_LEN_Q4,,
A,ablation,M3_TFIDF_PLUS_FLAGS_PLUS_IBVS_V2_TOTAL,ranking,OOD,ood_test_injection_standard,length_bin,len_q4,997,734,263,0.7362,0.424,0.7465,0.5142,0.0123,0.0477,0.1213,0.0,217.0,275.008,0.5932,5.0547,metrics_ablation_bins_splitA__ood-ood_test_injection_standard.csv,bin_eval=length_bin:len_q4; stage=OOD; eval_track=ranking; n_total=997; n_pos=734; n_neg=263; ood_name=ood_test_injection_standard,OOD_BIN_LENGTH_BIN_LEN_Q4,,
A,ablation,M3_TFIDF_PLUS_FLAGS_PLUS_IBVS_V2_TRIPWIRE,deployment_threshold,OOD,,length_bin,len_q4,192,159,33,0.5729,0.5074,0.8801,0.6137,0.044,0.0629,0.2013,0.434,18.0,19.3958,0.9444,5.0,metrics_ablation_bins_splitA.csv,bin_eval=length_bin:len_q4; stage=OOD; eval_track=deployment_threshold; n_total=192; n_pos=159; n_neg=33,OOD_BIN_LENGTH_BIN_LEN_Q4,,
A,ablation,M3_TFIDF_PLUS_FLAGS_PLUS_IBVS_V2_TRIPWIRE,deployment_threshold,OOD,ood_test_injection_standard,length_bin,len_q4,997,734,263,0.675,0.5026,0.7565,0.5274,0.0163,0.0749,0.1172,0.1417,217.0,275.008,0.5932,5.0547,metrics_ablation_bins_splitA__ood-ood_test_injection_standard.csv,bin_eval=length_bin:len_q4; stage=OOD; eval_track=deployment_threshold; n_total=997; n_pos=734; n_neg=263; ood_name=ood_test_injection_standard,OOD_BIN_LENGTH_BIN_LEN_Q4,,
A,ablation,M3_TFIDF_PLUS_FLAGS_PLUS_IBVS_V2_TRIPWIRE,ranking,OOD,,length_bin,len_q4,192,159,33,0.7812,0.5,0.8801,0.6137,0.044,0.0629,0.2013,0.0755,18.0,19.3958,0.9444,5.0,metrics_ablation_bins_splitA.csv,bin_eval=length_bin:len_q4; stage=OOD; eval_track=ranking; n_total=192; n_pos=159; n_neg=33,OOD_BIN_LENGTH_BIN_LEN_Q4,,
A,ablation,M3_TFIDF_PLUS_FLAGS_PLUS_IBVS_V2_TRIPWIRE,ranking,OOD,ood_test_injection_standard,length_bin,len_q4,997,734,263,0.7362,0.424,0.7565,0.5274,0.0163,0.0749,0.1172,0.0,217.0,275.008,0.5932,5.0547,metrics_ablation_bins_splitA__ood-ood_test_injection_standard.csv,bin_eval=length_bin:len_q4; stage=OOD; eval_track=ranking; n_total=997; n_pos=734; n_neg=263; ood_name=ood_test_injection_standard,OOD_BIN_LENGTH_BIN_LEN_Q4,,
A,hybrid,HYBRID_SEM_ANCHORED_IBVS_BOOST,deployment_threshold,OOD,,length_bin,len_q4,192,159,33,0.7448,0.6524,0.9527,0.8197,0.1572,0.4465,0.5157,0.239,18.0,19.3958,0.9444,5.0,metrics_hybrid_bins_splitA.csv,bin_eval=length_bin:len_q4; stage=OOD; eval_track=deployment_threshold; n_total=192; n_pos=159; n_neg=33,OOD_BIN_LENGTH_BIN_LEN_Q4,,
A,hybrid,HYBRID_SEM_ANCHORED_IBVS_BOOST,deployment_threshold,OOD,ood_test_injection_standard,length_bin,len_q4,997,734,263,0.7513,0.6636,0.869,0.7441,0.0409,0.1662,0.3065,0.1431,217.0,275.008,0.5932,5.0547,metrics_hybrid_bins_splitA__ood-ood_test_injection_standard.csv,bin_eval=length_bin:len_q4; stage=OOD; eval_track=deployment_threshold; n_total=997; n_pos=734; n_neg=263; ood_name=ood_test_injection_standard,OOD_BIN_LENGTH_BIN_LEN_Q4,,
A,hybrid,HYBRID_SEM_ANCHORED_IBVS_BOOST_V2,deployment_threshold,OOD,,length_bin,len_q4,192,159,33,0.7448,0.6524,0.9527,0.8197,0.1572,0.4465,0.5157,0.239,18.0,19.3958,0.9444,5.0,metrics_hybrid_bins_splitA.csv,bin_eval=length_bin:len_q4; stage=OOD; eval_track=deployment_threshold; n_total=192; n_pos=159; n_neg=33,OOD_BIN_LENGTH_BIN_LEN_Q4,,
A,hybrid,HYBRID_SEM_ANCHORED_IBVS_BOOST_V2,deployment_threshold,OOD,ood_test_injection_standard,length_bin,len_q4,997,734,263,0.7513,0.6636,0.869,0.7441,0.0409,0.1662,0.3065,0.1431,217.0,275.008,0.5932,5.0547,metrics_hybrid_bins_splitA__ood-ood_test_injection_standard.csv,bin_eval=length_bin:len_q4; stage=OOD; eval_track=deployment_threshold; n_total=997; n_pos=734; n_neg=263; ood_name=ood_test_injection_standard,OOD_BIN_LENGTH_BIN_LEN_Q4,,
A,hybrid,HYBRID_SEM_ANCHORED_IBVS_VETO,deployment_threshold,OOD,,length_bin,len_q4,192,159,33,0.8281,0.6867,0.9527,0.8197,0.1572,0.4465,0.5157,0.0943,18.0,19.3958,0.9444,5.0,metrics_hybrid_bins_splitA.csv,bin_eval=length_bin:len_q4; stage=OOD; eval_track=deployment_threshold; n_total=192; n_pos=159; n_neg=33,OOD_BIN_LENGTH_BIN_LEN_Q4,,
A,hybrid,HYBRID_SEM_ANCHORED_IBVS_VETO,deployment_threshold,OOD,ood_test_injection_standard,length_bin,len_q4,997,734,263,0.7733,0.665,0.869,0.7441,0.0409,0.1662,0.3065,0.0886,217.0,275.008,0.5932,5.0547,metrics_hybrid_bins_splitA__ood-ood_test_injection_standard.csv,bin_eval=length_bin:len_q4; stage=OOD; eval_track=deployment_threshold; n_total=997; n_pos=734; n_neg=263; ood_name=ood_test_injection_standard,OOD_BIN_LENGTH_BIN_LEN_Q4,,
A,hybrid,HYBRID_SEM_EXPERT_GATE_M1_M3,deployment_threshold,OOD,,length_bin,len_q4,192,159,33,0.6979,0.6128,0.9009,0.7374,0.0,0.0,0.0,0.2956,18.0,19.3958,0.9444,5.0,metrics_hybrid_bins_splitA.csv,bin_eval=length_bin:len_q4; stage=OOD; eval_track=deployment_threshold; n_total=192; n_pos=159; n_neg=33,OOD_BIN_LENGTH_BIN_LEN_Q4,,
A,hybrid,HYBRID_SEM_EXPERT_GATE_M1_M3,deployment_threshold,OOD,ood_test_injection_standard,length_bin,len_q4,997,734,263,0.7603,0.6698,0.8172,0.6758,0.0,0.0,0.0,0.1281,217.0,275.008,0.5932,5.0547,metrics_hybrid_bins_splitA__ood-ood_test_injection_standard.csv,bin_eval=length_bin:len_q4; stage=OOD; eval_track=deployment_threshold; n_total=997; n_pos=734; n_neg=263; ood_name=ood_test_injection_standard,OOD_BIN_LENGTH_BIN_LEN_Q4,,
A,hybrid,HYBRID_SEM_GATE_ELSE_M3_IBVS_V2,deployment_threshold,OOD,,length_bin,len_q4,192,159,33,0.7083,0.6214,0.8648,0.612,0.0189,0.0377,0.1887,0.283,18.0,19.3958,0.9444,5.0,metrics_hybrid_bins_splitA.csv,bin_eval=length_bin:len_q4; stage=OOD; eval_track=deployment_threshold; n_total=192; n_pos=159; n_neg=33,OOD_BIN_LENGTH_BIN_LEN_Q4,,
A,hybrid,HYBRID_SEM_GATE_ELSE_M3_IBVS_V2,deployment_threshold,OOD,ood_test_injection_standard,length_bin,len_q4,997,734,263,0.7352,0.606,0.7396,0.5248,0.015,0.0504,0.0722,0.1117,217.0,275.008,0.5932,5.0547,metrics_hybrid_bins_splitA__ood-ood_test_injection_standard.csv,bin_eval=length_bin:len_q4; stage=OOD; eval_track=deployment_threshold; n_total=997; n_pos=734; n_neg=263; ood_name=ood_test_injection_standard,OOD_BIN_LENGTH_BIN_LEN_Q4,,
A,hybrid,HYBRID_SEM_LEARNED_META_FUSION,deployment_threshold,OOD,,length_bin,len_q4,192,159,33,0.7448,0.6095,0.9395,0.7779,0.044,0.239,0.5094,0.195,18.0,19.3958,0.9444,5.0,metrics_hybrid_bins_splitA.csv,bin_eval=length_bin:len_q4; stage=OOD; eval_track=deployment_threshold; n_total=192; n_pos=159; n_neg=33,OOD_BIN_LENGTH_BIN_LEN_Q4,,
A,hybrid,HYBRID_SEM_LEARNED_META_FUSION,deployment_threshold,OOD,ood_test_injection_standard,length_bin,len_q4,997,734,263,0.7111,0.6263,0.8496,0.7095,0.0354,0.0409,0.2166,0.1935,217.0,275.008,0.5932,5.0547,metrics_hybrid_bins_splitA__ood-ood_test_injection_standard.csv,bin_eval=length_bin:len_q4; stage=OOD; eval_track=deployment_threshold; n_total=997; n_pos=734; n_neg=263; ood_name=ood_test_injection_standard,OOD_BIN_LENGTH_BIN_LEN_Q4,,
A,semantic,SEM_LOGREG_BGE,deployment_threshold,OOD,ood_test,length_bin,len_q4,192,159,33,0.8281,0.6867,0.9527,0.8197,0.1572,0.4465,0.5157,0.0943,18.0,19.3958,0.9444,5.0,metrics_semantic_bins_splitA.csv,bin_eval=length_bin:len_q4; stage=OOD; eval_track=deployment_threshold; n_total=192; n_pos=159; n_neg=33; ood_name=ood_test,OOD_BIN_LENGTH_BIN_LEN_Q4,,
A,semantic,SEM_LOGREG_BGE,deployment_threshold,OOD,ood_test_injection_standard,length_bin,len_q4,997,734,263,0.7733,0.665,0.869,0.7441,0.0409,0.1662,0.3065,0.0886,217.0,275.008,0.5932,5.0547,metrics_semantic_bins_splitA__ood-ood_test_injection_standard.csv,bin_eval=length_bin:len_q4; stage=OOD; eval_track=deployment_threshold; n_total=997; n_pos=734; n_neg=263; ood_name=ood_test_injection_standard,OOD_BIN_LENGTH_BIN_LEN_Q4,,
A,ablation,M1_TFIDF_ONLY,deployment_threshold,TEST,,complexity_bin,complex_q1,38,32,6,0.6316,0.5908,0.9802,0.8906,0.75,0.75,0.75,0.4375,13.0,23.1316,0.9045,4.75,metrics_ablation_bins_splitA.csv,bin_eval=complexity_bin:complex_q1; stage=TEST; eval_track=deployment_threshold; n_total=38; n_pos=32; n_neg=6,TEST_BIN_COMPLEXITY_BIN_COMPLEX_Q1,,
A,ablation,M1_TFIDF_ONLY,ranking,TEST,,complexity_bin,complex_q1,38,32,6,0.8158,0.628,0.9802,0.8906,0.75,0.75,0.75,0.0938,13.0,23.1316,0.9045,4.75,metrics_ablation_bins_splitA.csv,bin_eval=complexity_bin:complex_q1; stage=TEST; eval_track=ranking; n_total=38; n_pos=32; n_neg=6,TEST_BIN_COMPLEXITY_BIN_COMPLEX_Q1,,
A,ablation,M2_TFIDF_PLUS_FLAGS,deployment_threshold,TEST,,complexity_bin,complex_q1,38,32,6,0.6842,0.6346,0.9898,0.9427,0.8438,0.8438,0.8438,0.375,13.0,23.1316,0.9045,4.75,metrics_ablation_bins_splitA.csv,bin_eval=complexity_bin:complex_q1; stage=TEST; eval_track=deployment_threshold; n_total=38; n_pos=32; n_neg=6,TEST_BIN_COMPLEXITY_BIN_COMPLEX_Q1,,
A,ablation,M2_TFIDF_PLUS_FLAGS,ranking,TEST,,complexity_bin,complex_q1,38,32,6,0.8684,0.6066,0.9898,0.9427,0.8438,0.8438,0.8438,0.0,13.0,23.1316,0.9045,4.75,metrics_ablation_bins_splitA.csv,bin_eval=complexity_bin:complex_q1; stage=TEST; eval_track=ranking; n_total=38; n_pos=32; n_neg=6,TEST_BIN_COMPLEXITY_BIN_COMPLEX_Q1,,
A,ablation,M3_TFIDF_PLUS_FLAGS_PLUS_IBVS_V1_TOTAL,deployment_threshold,TEST,,complexity_bin,complex_q1,38,32,6,0.8158,0.7544,0.9906,0.9479,0.8438,0.8438,0.8438,0.2188,13.0,23.1316,0.9045,4.75,metrics_ablation_bins_splitA.csv,bin_eval=complexity_bin:complex_q1; stage=TEST; eval_track=deployment_threshold; n_total=38; n_pos=32; n_neg=6,TEST_BIN_COMPLEXITY_BIN_COMPLEX_Q1,,
A,ablation,M3_TFIDF_PLUS_FLAGS_PLUS_IBVS_V1_TOTAL,ranking,TEST,,complexity_bin,complex_q1,38,32,6,0.8684,0.6849,0.9906,0.9479,0.8438,0.8438,0.8438,0.0312,13.0,23.1316,0.9045,4.75,metrics_ablation_bins_splitA.csv,bin_eval=complexity_bin:complex_q1; stage=TEST; eval_track=ranking; n_total=38; n_pos=32; n_neg=6,TEST_BIN_COMPLEXITY_BIN_COMPLEX_Q1,,
A,ablation,M3_TFIDF_PLUS_FLAGS_PLUS_IBVS_V2_STRUCTURED,deployment_threshold,TEST,,complexity_bin,complex_q1,38,32,6,0.7895,0.7088,0.986,0.9271,0.7188,0.7188,0.7188,0.2188,13.0,23.1316,0.9045,4.75,metrics_ablation_bins_splitA.csv,bin_eval=complexity_bin:complex_q1; stage=TEST; eval_track=deployment_threshold; n_total=38; n_pos=32; n_neg=6,TEST_BIN_COMPLEXITY_BIN_COMPLEX_Q1,,
A,ablation,M3_TFIDF_PLUS_FLAGS_PLUS_IBVS_V2_STRUCTURED,ranking,TEST,,complexity_bin,complex_q1,38,32,6,0.8684,0.6066,0.986,0.9271,0.7188,0.7188,0.7188,0.0,13.0,23.1316,0.9045,4.75,metrics_ablation_bins_splitA.csv,bin_eval=complexity_bin:complex_q1; stage=TEST; eval_track=ranking; n_total=38; n_pos=32; n_neg=6,TEST_BIN_COMPLEXITY_BIN_COMPLEX_Q1,,
A,ablation,M3_TFIDF_PLUS_FLAGS_PLUS_IBVS_V2_TAILCAL,deployment_threshold,TEST,,complexity_bin,complex_q1,38,32,6,0.8158,0.7544,0.9888,0.9375,0.8125,0.8125,0.8125,0.2188,13.0,23.1316,0.9045,4.75,metrics_ablation_bins_splitA.csv,bin_eval=complexity_bin:complex_q1; stage=TEST; eval_track=deployment_threshold; n_total=38; n_pos=32; n_neg=6,TEST_BIN_COMPLEXITY_BIN_COMPLEX_Q1,,
A,ablation,M3_TFIDF_PLUS_FLAGS_PLUS_IBVS_V2_TAILCAL,ranking,TEST,,complexity_bin,complex_q1,38,32,6,0.8684,0.6066,0.9888,0.9375,0.8125,0.8125,0.8125,0.0,13.0,23.1316,0.9045,4.75,metrics_ablation_bins_splitA.csv,bin_eval=complexity_bin:complex_q1; stage=TEST; eval_track=ranking; n_total=38; n_pos=32; n_neg=6,TEST_BIN_COMPLEXITY_BIN_COMPLEX_Q1,,
A,ablation,M3_TFIDF_PLUS_FLAGS_PLUS_IBVS_V2_TOTAL,deployment_threshold,TEST,,complexity_bin,complex_q1,38,32,6,0.7895,0.7286,0.9864,0.9271,0.75,0.75,0.75,0.25,13.0,23.1316,0.9045,4.75,metrics_ablation_bins_splitA.csv,bin_eval=complexity_bin:complex_q1; stage=TEST; eval_track=deployment_threshold; n_total=38; n_pos=32; n_neg=6,TEST_BIN_COMPLEXITY_BIN_COMPLEX_Q1,,
A,ablation,M3_TFIDF_PLUS_FLAGS_PLUS_IBVS_V2_TOTAL,ranking,TEST,,complexity_bin,complex_q1,38,32,6,0.8684,0.6066,0.9864,0.9271,0.75,0.75,0.75,0.0,13.0,23.1316,0.9045,4.75,metrics_ablation_bins_splitA.csv,bin_eval=complexity_bin:complex_q1; stage=TEST; eval_track=ranking; n_total=38; n_pos=32; n_neg=6,TEST_BIN_COMPLEXITY_BIN_COMPLEX_Q1,,
A,ablation,M3_TFIDF_PLUS_FLAGS_PLUS_IBVS_V2_TRIPWIRE,deployment_threshold,TEST,,complexity_bin,complex_q1,38,32,6,0.7632,0.7039,0.9864,0.9271,0.75,0.75,0.75,0.2812,13.0,23.1316,0.9045,4.75,metrics_ablation_bins_splitA.csv,bin_eval=complexity_bin:complex_q1; stage=TEST; eval_track=deployment_threshold; n_total=38; n_pos=32; n_neg=6,TEST_BIN_COMPLEXITY_BIN_COMPLEX_Q1,,
A,ablation,M3_TFIDF_PLUS_FLAGS_PLUS_IBVS_V2_TRIPWIRE,ranking,TEST,,complexity_bin,complex_q1,38,32,6,0.8947,0.7697,0.9864,0.9271,0.75,0.75,0.75,0.0312,13.0,23.1316,0.9045,4.75,metrics_ablation_bins_splitA.csv,bin_eval=complexity_bin:complex_q1; stage=TEST; eval_track=ranking; n_total=38; n_pos=32; n_neg=6,TEST_BIN_COMPLEXITY_BIN_COMPLEX_Q1,,
A,hybrid,HYBRID_SEM_ANCHORED_IBVS_BOOST,deployment_threshold,TEST,,complexity_bin,complex_q1,38,32,6,0.8421,0.7625,0.9772,0.875,0.7188,0.7188,0.7188,0.1562,13.0,23.1316,0.9045,4.75,metrics_hybrid_bins_splitA.csv,bin_eval=complexity_bin:complex_q1; stage=TEST; eval_track=deployment_threshold; n_total=38; n_pos=32; n_neg=6,TEST_BIN_COMPLEXITY_BIN_COMPLEX_Q1,,
A,hybrid,HYBRID_SEM_ANCHORED_IBVS_BOOST_V2,deployment_threshold,TEST,,complexity_bin,complex_q1,38,32,6,0.8421,0.7625,0.9772,0.875,0.7188,0.7188,0.7188,0.1562,13.0,23.1316,0.9045,4.75,metrics_hybrid_bins_splitA.csv,bin_eval=complexity_bin:complex_q1; stage=TEST; eval_track=deployment_threshold; n_total=38; n_pos=32; n_neg=6,TEST_BIN_COMPLEXITY_BIN_COMPLEX_Q1,,
A,hybrid,HYBRID_SEM_ANCHORED_IBVS_VETO,deployment_threshold,TEST,,complexity_bin,complex_q1,38,32,6,0.8158,0.7093,0.9772,0.875,0.7188,0.7188,0.7188,0.1562,13.0,23.1316,0.9045,4.75,metrics_hybrid_bins_splitA.csv,bin_eval=complexity_bin:complex_q1; stage=TEST; eval_track=deployment_threshold; n_total=38; n_pos=32; n_neg=6,TEST_BIN_COMPLEXITY_BIN_COMPLEX_Q1,,
A,hybrid,HYBRID_SEM_EXPERT_GATE_M1_M3,deployment_threshold,TEST,,complexity_bin,complex_q1,38,32,6,0.7895,0.7088,0.9745,0.8802,0.7812,0.7812,0.7812,0.2188,13.0,23.1316,0.9045,4.75,metrics_hybrid_bins_splitA.csv,bin_eval=complexity_bin:complex_q1; stage=TEST; eval_track=deployment_threshold; n_total=38; n_pos=32; n_neg=6,TEST_BIN_COMPLEXITY_BIN_COMPLEX_Q1,,
A,hybrid,HYBRID_SEM_GATE_ELSE_M3_IBVS_V2,deployment_threshold,TEST,,complexity_bin,complex_q1,38,32,6,0.8158,0.7348,0.9248,0.75,0.125,0.125,0.125,0.1875,13.0,23.1316,0.9045,4.75,metrics_hybrid_bins_splitA.csv,bin_eval=complexity_bin:complex_q1; stage=TEST; eval_track=deployment_threshold; n_total=38; n_pos=32; n_neg=6,TEST_BIN_COMPLEXITY_BIN_COMPLEX_Q1,,
A,hybrid,HYBRID_SEM_LEARNED_META_FUSION,deployment_threshold,TEST,,complexity_bin,complex_q1,38,32,6,0.8421,0.7625,0.9736,0.8828,0.5938,0.5938,0.5938,0.1562,13.0,23.1316,0.9045,4.75,metrics_hybrid_bins_splitA.csv,bin_eval=complexity_bin:complex_q1; stage=TEST; eval_track=deployment_threshold; n_total=38; n_pos=32; n_neg=6,TEST_BIN_COMPLEXITY_BIN_COMPLEX_Q1,,
A,semantic,SEM_LOGREG_BGE,deployment_threshold,TEST,id,complexity_bin,complex_q1,38,32,6,0.8158,0.7093,0.9772,0.875,0.7188,0.7188,0.7188,0.1562,13.0,23.1316,0.9045,4.75,metrics_semantic_bins_splitA.csv,bin_eval=complexity_bin:complex_q1; stage=TEST; eval_track=deployment_threshold; n_total=38; n_pos=32; n_neg=6; ood_name=id,TEST_BIN_COMPLEXITY_BIN_COMPLEX_Q1,,
A,ablation,M1_TFIDF_ONLY,deployment_threshold,TEST,,complexity_bin,complex_q2,37,32,5,0.5405,0.4638,0.9512,0.725,0.5312,0.5312,0.5312,0.4688,14.0,15.8378,0.95,5.0,metrics_ablation_bins_splitA.csv,bin_eval=complexity_bin:complex_q2; stage=TEST; eval_track=deployment_threshold; n_total=37; n_pos=32; n_neg=5,TEST_BIN_COMPLEXITY_BIN_COMPLEX_Q2,,
A,ablation,M1_TFIDF_ONLY,ranking,TEST,,complexity_bin,complex_q2,37,32,5,0.8378,0.4559,0.9512,0.725,0.5312,0.5312,0.5312,0.0312,14.0,15.8378,0.95,5.0,metrics_ablation_bins_splitA.csv,bin_eval=complexity_bin:complex_q2; stage=TEST; eval_track=ranking; n_total=37; n_pos=32; n_neg=5,TEST_BIN_COMPLEXITY_BIN_COMPLEX_Q2,,
A,ablation,M2_TFIDF_PLUS_FLAGS,deployment_threshold,TEST,,complexity_bin,complex_q2,37,32,5,0.6216,0.5204,0.9422,0.7,0.375,0.375,0.375,0.375,14.0,15.8378,0.95,5.0,metrics_ablation_bins_splitA.csv,bin_eval=complexity_bin:complex_q2; stage=TEST; eval_track=deployment_threshold; n_total=37; n_pos=32; n_neg=5,TEST_BIN_COMPLEXITY_BIN_COMPLEX_Q2,,
A,ablation,M2_TFIDF_PLUS_FLAGS,ranking,TEST,,complexity_bin,complex_q2,37,32,5,0.8649,0.4638,0.9422,0.7,0.375,0.375,0.375,0.0,14.0,15.8378,0.95,5.0,metrics_ablation_bins_splitA.csv,bin_eval=complexity_bin:complex_q2; stage=TEST; eval_track=ranking; n_total=37; n_pos=32; n_neg=5,TEST_BIN_COMPLEXITY_BIN_COMPLEX_Q2,,
A,ablation,M3_TFIDF_PLUS_FLAGS_PLUS_IBVS_V1_TOTAL,deployment_threshold,TEST,,complexity_bin,complex_q2,37,32,5,0.6757,0.5595,0.912,0.7,0.0625,0.0625,0.0625,0.3125,14.0,15.8378,0.95,5.0,metrics_ablation_bins_splitA.csv,bin_eval=complexity_bin:complex_q2; stage=TEST; eval_track=deployment_threshold; n_total=37; n_pos=32; n_neg=5,TEST_BIN_COMPLEXITY_BIN_COMPLEX_Q2,,
A,ablation,M3_TFIDF_PLUS_FLAGS_PLUS_IBVS_V1_TOTAL,ranking,TEST,,complexity_bin,complex_q2,37,32,5,0.8649,0.4638,0.912,0.7,0.0625,0.0625,0.0625,0.0,14.0,15.8378,0.95,5.0,metrics_ablation_bins_splitA.csv,bin_eval=complexity_bin:complex_q2; stage=TEST; eval_track=ranking; n_total=37; n_pos=32; n_neg=5,TEST_BIN_COMPLEXITY_BIN_COMPLEX_Q2,,
A,ablation,M3_TFIDF_PLUS_FLAGS_PLUS_IBVS_V2_STRUCTURED,deployment_threshold,TEST,,complexity_bin,complex_q2,37,32,5,0.7297,0.5595,0.9371,0.6625,0.4062,0.4062,0.4062,0.2188,14.0,15.8378,0.95,5.0,metrics_ablation_bins_splitA.csv,bin_eval=complexity_bin:complex_q2; stage=TEST; eval_track=deployment_threshold; n_total=37; n_pos=32; n_neg=5,TEST_BIN_COMPLEXITY_BIN_COMPLEX_Q2,,
A,ablation,M3_TFIDF_PLUS_FLAGS_PLUS_IBVS_V2_STRUCTURED,ranking,TEST,,complexity_bin,complex_q2,37,32,5,0.8649,0.4638,0.9371,0.6625,0.4062,0.4062,0.4062,0.0,14.0,15.8378,0.95,5.0,metrics_ablation_bins_splitA.csv,bin_eval=complexity_bin:complex_q2; stage=TEST; eval_track=ranking; n_total=37; n_pos=32; n_neg=5,TEST_BIN_COMPLEXITY_BIN_COMPLEX_Q2,,
A,ablation,M3_TFIDF_PLUS_FLAGS_PLUS_IBVS_V2_TAILCAL,deployment_threshold,TEST,,complexity_bin,complex_q2,37,32,5,0.7027,0.5401,0.938,0.6812,0.3438,0.3438,0.3438,0.25,14.0,15.8378,0.95,5.0,metrics_ablation_bins_splitA.csv,bin_eval=complexity_bin:complex_q2; stage=TEST; eval_track=deployment_threshold; n_total=37; n_pos=32; n_neg=5,TEST_BIN_COMPLEXITY_BIN_COMPLEX_Q2,,
A,ablation,M3_TFIDF_PLUS_FLAGS_PLUS_IBVS_V2_TAILCAL,ranking,TEST,,complexity_bin,complex_q2,37,32,5,0.8649,0.4638,0.938,0.6812,0.3438,0.3438,0.3438,0.0,14.0,15.8378,0.95,5.0,metrics_ablation_bins_splitA.csv,bin_eval=complexity_bin:complex_q2; stage=TEST; eval_track=ranking; n_total=37; n_pos=32; n_neg=5,TEST_BIN_COMPLEXITY_BIN_COMPLEX_Q2,,
A,ablation,M3_TFIDF_PLUS_FLAGS_PLUS_IBVS_V2_TOTAL,deployment_threshold,TEST,,complexity_bin,complex_q2,37,32,5,0.7297,0.5595,0.9401,0.6938,0.3438,0.3438,0.3438,0.2188,14.0,15.8378,0.95,5.0,metrics_ablation_bins_splitA.csv,bin_eval=complexity_bin:complex_q2; stage=TEST; eval_track=deployment_threshold; n_total=37; n_pos=32; n_neg=5,TEST_BIN_COMPLEXITY_BIN_COMPLEX_Q2,,
A,ablation,M3_TFIDF_PLUS_FLAGS_PLUS_IBVS_V2_TOTAL,ranking,TEST,,complexity_bin,complex_q2,37,32,5,0.8649,0.4638,0.9401,0.6938,0.3438,0.3438,0.3438,0.0,14.0,15.8378,0.95,5.0,metrics_ablation_bins_splitA.csv,bin_eval=complexity_bin:complex_q2; stage=TEST; eval_track=ranking; n_total=37; n_pos=32; n_neg=5,TEST_BIN_COMPLEXITY_BIN_COMPLEX_Q2,,
A,ablation,M3_TFIDF_PLUS_FLAGS_PLUS_IBVS_V2_TRIPWIRE,deployment_threshold,TEST,,complexity_bin,complex_q2,37,32,5,0.6486,0.5036,0.9356,0.6812,0.3125,0.3125,0.3125,0.3125,14.0,15.8378,0.95,5.0,metrics_ablation_bins_splitA.csv,bin_eval=complexity_bin:complex_q2; stage=TEST; eval_track=deployment_threshold; n_total=37; n_pos=32; n_neg=5,TEST_BIN_COMPLEXITY_BIN_COMPLEX_Q2,,
A,ablation,M3_TFIDF_PLUS_FLAGS_PLUS_IBVS_V2_TRIPWIRE,ranking,TEST,,complexity_bin,complex_q2,37,32,5,0.8649,0.4638,0.9356,0.6812,0.3125,0.3125,0.3125,0.0,14.0,15.8378,0.95,5.0,metrics_ablation_bins_splitA.csv,bin_eval=complexity_bin:complex_q2; stage=TEST; eval_track=ranking; n_total=37; n_pos=32; n_neg=5,TEST_BIN_COMPLEXITY_BIN_COMPLEX_Q2,,
A,hybrid,HYBRID_SEM_ANCHORED_IBVS_BOOST,deployment_threshold,TEST,,complexity_bin,complex_q2,37,32,5,0.8108,0.7073,0.9789,0.8812,0.5938,0.5938,0.5938,0.1875,14.0,15.8378,0.95,5.0,metrics_hybrid_bins_splitA.csv,bin_eval=complexity_bin:complex_q2; stage=TEST; eval_track=deployment_threshold; n_total=37; n_pos=32; n_neg=5,TEST_BIN_COMPLEXITY_BIN_COMPLEX_Q2,,
A,hybrid,HYBRID_SEM_ANCHORED_IBVS_BOOST_V2,deployment_threshold,TEST,,complexity_bin,complex_q2,37,32,5,0.8108,0.7073,0.9789,0.8812,0.5938,0.5938,0.5938,0.1875,14.0,15.8378,0.95,5.0,metrics_hybrid_bins_splitA.csv,bin_eval=complexity_bin:complex_q2; stage=TEST; eval_track=deployment_threshold; n_total=37; n_pos=32; n_neg=5,TEST_BIN_COMPLEXITY_BIN_COMPLEX_Q2,,
A,hybrid,HYBRID_SEM_ANCHORED_IBVS_VETO,deployment_threshold,TEST,,complexity_bin,complex_q2,37,32,5,0.8108,0.6734,0.9789,0.8812,0.5938,0.5938,0.5938,0.1562,14.0,15.8378,0.95,5.0,metrics_hybrid_bins_splitA.csv,bin_eval=complexity_bin:complex_q2; stage=TEST; eval_track=deployment_threshold; n_total=37; n_pos=32; n_neg=5,TEST_BIN_COMPLEXITY_BIN_COMPLEX_Q2,,
A,hybrid,HYBRID_SEM_EXPERT_GATE_M1_M3,deployment_threshold,TEST,,complexity_bin,complex_q2,37,32,5,0.8108,0.7073,0.9742,0.8719,0.5312,0.5312,0.5312,0.1875,14.0,15.8378,0.95,5.0,metrics_hybrid_bins_splitA.csv,bin_eval=complexity_bin:complex_q2; stage=TEST; eval_track=deployment_threshold; n_total=37; n_pos=32; n_neg=5,TEST_BIN_COMPLEXITY_BIN_COMPLEX_Q2,,
A,hybrid,HYBRID_SEM_GATE_ELSE_M3_IBVS_V2,deployment_threshold,TEST,,complexity_bin,complex_q2,37,32,5,0.8108,0.7073,0.9877,0.925,0.75,0.75,0.75,0.1875,14.0,15.8378,0.95,5.0,metrics_hybrid_bins_splitA.csv,bin_eval=complexity_bin:complex_q2; stage=TEST; eval_track=deployment_threshold; n_total=37; n_pos=32; n_neg=5,TEST_BIN_COMPLEXITY_BIN_COMPLEX_Q2,,
A,hybrid,HYBRID_SEM_LEARNED_META_FUSION,deployment_threshold,TEST,,complexity_bin,complex_q2,37,32,5,0.8919,0.8011,0.9825,0.925,0.5625,0.5625,0.5625,0.0938,14.0,15.8378,0.95,5.0,metrics_hybrid_bins_splitA.csv,bin_eval=complexity_bin:complex_q2; stage=TEST; eval_track=deployment_threshold; n_total=37; n_pos=32; n_neg=5,TEST_BIN_COMPLEXITY_BIN_COMPLEX_Q2,,
A,semantic,SEM_LOGREG_BGE,deployment_threshold,TEST,id,complexity_bin,complex_q2,37,32,5,0.8108,0.6734,0.9789,0.8812,0.5938,0.5938,0.5938,0.1562,14.0,15.8378,0.95,5.0,metrics_semantic_bins_splitA.csv,bin_eval=complexity_bin:complex_q2; stage=TEST; eval_track=deployment_threshold; n_total=37; n_pos=32; n_neg=5; ood_name=id,TEST_BIN_COMPLEXITY_BIN_COMPLEX_Q2,,
A,ablation,M1_TFIDF_ONLY,deployment_threshold,TEST,,complexity_bin,complex_q3,37,36,1,0.6757,0.4714,1.0,1.0,1.0,1.0,1.0,0.3333,11.0,11.2973,1.0,5.0,metrics_ablation_bins_splitA.csv,bin_eval=complexity_bin:complex_q3; stage=TEST; eval_track=deployment_threshold; n_total=37; n_pos=36; n_neg=1,TEST_BIN_COMPLEXITY_BIN_COMPLEX_Q3,,
A,ablation,M1_TFIDF_ONLY,ranking,TEST,,complexity_bin,complex_q3,37,36,1,1.0,1.0,1.0,1.0,1.0,1.0,1.0,0.0,11.0,11.2973,1.0,5.0,metrics_ablation_bins_splitA.csv,bin_eval=complexity_bin:complex_q3; stage=TEST; eval_track=ranking; n_total=37; n_pos=36; n_neg=1,TEST_BIN_COMPLEXITY_BIN_COMPLEX_Q3,,
A,ablation,M2_TFIDF_PLUS_FLAGS,deployment_threshold,TEST,,complexity_bin,complex_q3,37,36,1,0.7297,0.5027,1.0,1.0,1.0,1.0,1.0,0.2778,11.0,11.2973,1.0,5.0,metrics_ablation_bins_splitA.csv,bin_eval=complexity_bin:complex_q3; stage=TEST; eval_track=deployment_threshold; n_total=37; n_pos=36; n_neg=1,TEST_BIN_COMPLEXITY_BIN_COMPLEX_Q3,,
A,ablation,M2_TFIDF_PLUS_FLAGS,ranking,TEST,,complexity_bin,complex_q3,37,36,1,1.0,1.0,1.0,1.0,1.0,1.0,1.0,0.0,11.0,11.2973,1.0,5.0,metrics_ablation_bins_splitA.csv,bin_eval=complexity_bin:complex_q3; stage=TEST; eval_track=ranking; n_total=37; n_pos=36; n_neg=1,TEST_BIN_COMPLEXITY_BIN_COMPLEX_Q3,,
A,ablation,M3_TFIDF_PLUS_FLAGS_PLUS_IBVS_V1_TOTAL,deployment_threshold,TEST,,complexity_bin,complex_q3,37,36,1,0.8108,0.5573,1.0,1.0,1.0,1.0,1.0,0.1944,11.0,11.2973,1.0,5.0,metrics_ablation_bins_splitA.csv,bin_eval=complexity_bin:complex_q3; stage=TEST; eval_track=deployment_threshold; n_total=37; n_pos=36; n_neg=1,TEST_BIN_COMPLEXITY_BIN_COMPLEX_Q3,,
A,ablation,M3_TFIDF_PLUS_FLAGS_PLUS_IBVS_V1_TOTAL,ranking,TEST,,complexity_bin,complex_q3,37,36,1,1.0,1.0,1.0,1.0,1.0,1.0,1.0,0.0,11.0,11.2973,1.0,5.0,metrics_ablation_bins_splitA.csv,bin_eval=complexity_bin:complex_q3; stage=TEST; eval_track=ranking; n_total=37; n_pos=36; n_neg=1,TEST_BIN_COMPLEXITY_BIN_COMPLEX_Q3,,
A,ablation,M3_TFIDF_PLUS_FLAGS_PLUS_IBVS_V2_STRUCTURED,deployment_threshold,TEST,,complexity_bin,complex_q3,37,36,1,0.8649,0.6055,1.0,1.0,1.0,1.0,1.0,0.1389,11.0,11.2973,1.0,5.0,metrics_ablation_bins_splitA.csv,bin_eval=complexity_bin:complex_q3; stage=TEST; eval_track=deployment_threshold; n_total=37; n_pos=36; n_neg=1,TEST_BIN_COMPLEXITY_BIN_COMPLEX_Q3,,
A,ablation,M3_TFIDF_PLUS_FLAGS_PLUS_IBVS_V2_STRUCTURED,ranking,TEST,,complexity_bin,complex_q3,37,36,1,1.0,1.0,1.0,1.0,1.0,1.0,1.0,0.0,11.0,11.2973,1.0,5.0,metrics_ablation_bins_splitA.csv,bin_eval=complexity_bin:complex_q3; stage=TEST; eval_track=ranking; n_total=37; n_pos=36; n_neg=1,TEST_BIN_COMPLEXITY_BIN_COMPLEX_Q3,,
A,ablation,M3_TFIDF_PLUS_FLAGS_PLUS_IBVS_V2_TAILCAL,deployment_threshold,TEST,,complexity_bin,complex_q3,37,36,1,0.8649,0.6055,1.0,1.0,1.0,1.0,1.0,0.1389,11.0,11.2973,1.0,5.0,metrics_ablation_bins_splitA.csv,bin_eval=complexity_bin:complex_q3; stage=TEST; eval_track=deployment_threshold; n_total=37; n_pos=36; n_neg=1,TEST_BIN_COMPLEXITY_BIN_COMPLEX_Q3,,
A,ablation,M3_TFIDF_PLUS_FLAGS_PLUS_IBVS_V2_TAILCAL,ranking,TEST,,complexity_bin,complex_q3,37,36,1,1.0,1.0,1.0,1.0,1.0,1.0,1.0,0.0,11.0,11.2973,1.0,5.0,metrics_ablation_bins_splitA.csv,bin_eval=complexity_bin:complex_q3; stage=TEST; eval_track=ranking; n_total=37; n_pos=36; n_neg=1,TEST_BIN_COMPLEXITY_BIN_COMPLEX_Q3,,
A,ablation,M3_TFIDF_PLUS_FLAGS_PLUS_IBVS_V2_TOTAL,deployment_threshold,TEST,,complexity_bin,complex_q3,37,36,1,0.8108,0.5573,1.0,1.0,1.0,1.0,1.0,0.1944,11.0,11.2973,1.0,5.0,metrics_ablation_bins_splitA.csv,bin_eval=complexity_bin:complex_q3; stage=TEST; eval_track=deployment_threshold; n_total=37; n_pos=36; n_neg=1,TEST_BIN_COMPLEXITY_BIN_COMPLEX_Q3,,
A,ablation,M3_TFIDF_PLUS_FLAGS_PLUS_IBVS_V2_TOTAL,ranking,TEST,,complexity_bin,complex_q3,37,36,1,1.0,1.0,1.0,1.0,1.0,1.0,1.0,0.0,11.0,11.2973,1.0,5.0,metrics_ablation_bins_splitA.csv,bin_eval=complexity_bin:complex_q3; stage=TEST; eval_track=ranking; n_total=37; n_pos=36; n_neg=1,TEST_BIN_COMPLEXITY_BIN_COMPLEX_Q3,,
A,ablation,M3_TFIDF_PLUS_FLAGS_PLUS_IBVS_V2_TRIPWIRE,deployment_threshold,TEST,,complexity_bin,complex_q3,37,36,1,0.8108,0.5573,1.0,1.0,1.0,1.0,1.0,0.1944,11.0,11.2973,1.0,5.0,metrics_ablation_bins_splitA.csv,bin_eval=complexity_bin:complex_q3; stage=TEST; eval_track=deployment_threshold; n_total=37; n_pos=36; n_neg=1,TEST_BIN_COMPLEXITY_BIN_COMPLEX_Q3,,
A,ablation,M3_TFIDF_PLUS_FLAGS_PLUS_IBVS_V2_TRIPWIRE,ranking,TEST,,complexity_bin,complex_q3,37,36,1,1.0,1.0,1.0,1.0,1.0,1.0,1.0,0.0,11.0,11.2973,1.0,5.0,metrics_ablation_bins_splitA.csv,bin_eval=complexity_bin:complex_q3; stage=TEST; eval_track=ranking; n_total=37; n_pos=36; n_neg=1,TEST_BIN_COMPLEXITY_BIN_COMPLEX_Q3,,
A,hybrid,HYBRID_SEM_ANCHORED_IBVS_BOOST,deployment_threshold,TEST,,complexity_bin,complex_q3,37,36,1,1.0,1.0,1.0,1.0,1.0,1.0,1.0,0.0,11.0,11.2973,1.0,5.0,metrics_hybrid_bins_splitA.csv,bin_eval=complexity_bin:complex_q3; stage=TEST; eval_track=deployment_threshold; n_total=37; n_pos=36; n_neg=1,TEST_BIN_COMPLEXITY_BIN_COMPLEX_Q3,,
A,hybrid,HYBRID_SEM_ANCHORED_IBVS_BOOST_V2,deployment_threshold,TEST,,complexity_bin,complex_q3,37,36,1,1.0,1.0,1.0,1.0,1.0,1.0,1.0,0.0,11.0,11.2973,1.0,5.0,metrics_hybrid_bins_splitA.csv,bin_eval=complexity_bin:complex_q3; stage=TEST; eval_track=deployment_threshold; n_total=37; n_pos=36; n_neg=1,TEST_BIN_COMPLEXITY_BIN_COMPLEX_Q3,,
A,hybrid,HYBRID_SEM_ANCHORED_IBVS_VETO,deployment_threshold,TEST,,complexity_bin,complex_q3,37,36,1,1.0,1.0,1.0,1.0,1.0,1.0,1.0,0.0,11.0,11.2973,1.0,5.0,metrics_hybrid_bins_splitA.csv,bin_eval=complexity_bin:complex_q3; stage=TEST; eval_track=deployment_threshold; n_total=37; n_pos=36; n_neg=1,TEST_BIN_COMPLEXITY_BIN_COMPLEX_Q3,,
A,hybrid,HYBRID_SEM_EXPERT_GATE_M1_M3,deployment_threshold,TEST,,complexity_bin,complex_q3,37,36,1,1.0,1.0,1.0,1.0,1.0,1.0,1.0,0.0,11.0,11.2973,1.0,5.0,metrics_hybrid_bins_splitA.csv,bin_eval=complexity_bin:complex_q3; stage=TEST; eval_track=deployment_threshold; n_total=37; n_pos=36; n_neg=1,TEST_BIN_COMPLEXITY_BIN_COMPLEX_Q3,,
A,hybrid,HYBRID_SEM_GATE_ELSE_M3_IBVS_V2,deployment_threshold,TEST,,complexity_bin,complex_q3,37,36,1,0.973,0.8263,1.0,1.0,1.0,1.0,1.0,0.0278,11.0,11.2973,1.0,5.0,metrics_hybrid_bins_splitA.csv,bin_eval=complexity_bin:complex_q3; stage=TEST; eval_track=deployment_threshold; n_total=37; n_pos=36; n_neg=1,TEST_BIN_COMPLEXITY_BIN_COMPLEX_Q3,,
A,hybrid,HYBRID_SEM_LEARNED_META_FUSION,deployment_threshold,TEST,,complexity_bin,complex_q3,37,36,1,1.0,1.0,1.0,1.0,1.0,1.0,1.0,0.0,11.0,11.2973,1.0,5.0,metrics_hybrid_bins_splitA.csv,bin_eval=complexity_bin:complex_q3; stage=TEST; eval_track=deployment_threshold; n_total=37; n_pos=36; n_neg=1,TEST_BIN_COMPLEXITY_BIN_COMPLEX_Q3,,
A,semantic,SEM_LOGREG_BGE,deployment_threshold,TEST,id,complexity_bin,complex_q3,37,36,1,1.0,1.0,1.0,1.0,1.0,1.0,1.0,0.0,11.0,11.2973,1.0,5.0,metrics_semantic_bins_splitA.csv,bin_eval=complexity_bin:complex_q3; stage=TEST; eval_track=deployment_threshold; n_total=37; n_pos=36; n_neg=1; ood_name=id,TEST_BIN_COMPLEXITY_BIN_COMPLEX_Q3,,
A,ablation,M1_TFIDF_ONLY,deployment_threshold,TEST,,complexity_bin,complex_q4,37,8,29,0.7297,0.5027,0.3807,0.7414,0.0,0.125,0.125,0.875,9.0,9.8378,1.0,5.1333,metrics_ablation_bins_splitA.csv,bin_eval=complexity_bin:complex_q4; stage=TEST; eval_track=deployment_threshold; n_total=37; n_pos=8; n_neg=29,TEST_BIN_COMPLEXITY_BIN_COMPLEX_Q4,,
A,ablation,M1_TFIDF_ONLY,ranking,TEST,,complexity_bin,complex_q4,37,8,29,0.7027,0.6678,0.3807,0.7414,0.0,0.125,0.125,0.125,9.0,9.8378,1.0,5.1333,metrics_ablation_bins_splitA.csv,bin_eval=complexity_bin:complex_q4; stage=TEST; eval_track=ranking; n_total=37; n_pos=8; n_neg=29,TEST_BIN_COMPLEXITY_BIN_COMPLEX_Q4,,
A,ablation,M2_TFIDF_PLUS_FLAGS,deployment_threshold,TEST,,complexity_bin,complex_q4,37,8,29,0.7838,0.6022,0.5691,0.8147,0.125,0.25,0.375,0.75,9.0,9.8378,1.0,5.1333,metrics_ablation_bins_splitA.csv,bin_eval=complexity_bin:complex_q4; stage=TEST; eval_track=deployment_threshold; n_total=37; n_pos=8; n_neg=29,TEST_BIN_COMPLEXITY_BIN_COMPLEX_Q4,,
A,ablation,M2_TFIDF_PLUS_FLAGS,ranking,TEST,,complexity_bin,complex_q4,37,8,29,0.5946,0.5626,0.5691,0.8147,0.125,0.25,0.375,0.25,9.0,9.8378,1.0,5.1333,metrics_ablation_bins_splitA.csv,bin_eval=complexity_bin:complex_q4; stage=TEST; eval_track=ranking; n_total=37; n_pos=8; n_neg=29,TEST_BIN_COMPLEXITY_BIN_COMPLEX_Q4,,
A,ablation,M3_TFIDF_PLUS_FLAGS_PLUS_IBVS_V1_TOTAL,deployment_threshold,TEST,,complexity_bin,complex_q4,37,8,29,0.8108,0.6263,0.635,0.8319,0.125,0.5,0.625,0.75,9.0,9.8378,1.0,5.1333,metrics_ablation_bins_splitA.csv,bin_eval=complexity_bin:complex_q4; stage=TEST; eval_track=deployment_threshold; n_total=37; n_pos=8; n_neg=29,TEST_BIN_COMPLEXITY_BIN_COMPLEX_Q4,,
A,ablation,M3_TFIDF_PLUS_FLAGS_PLUS_IBVS_V1_TOTAL,ranking,TEST,,complexity_bin,complex_q4,37,8,29,0.6486,0.6073,0.635,0.8319,0.125,0.5,0.625,0.25,9.0,9.8378,1.0,5.1333,metrics_ablation_bins_splitA.csv,bin_eval=complexity_bin:complex_q4; stage=TEST; eval_track=ranking; n_total=37; n_pos=8; n_neg=29,TEST_BIN_COMPLEXITY_BIN_COMPLEX_Q4,,
A,ablation,M3_TFIDF_PLUS_FLAGS_PLUS_IBVS_V2_STRUCTURED,deployment_threshold,TEST,,complexity_bin,complex_q4,37,8,29,0.8108,0.6734,0.5987,0.8276,0.125,0.25,0.5,0.625,9.0,9.8378,1.0,5.1333,metrics_ablation_bins_splitA.csv,bin_eval=complexity_bin:complex_q4; stage=TEST; eval_track=deployment_threshold; n_total=37; n_pos=8; n_neg=29,TEST_BIN_COMPLEXITY_BIN_COMPLEX_Q4,,
A,ablation,M3_TFIDF_PLUS_FLAGS_PLUS_IBVS_V2_STRUCTURED,ranking,TEST,,complexity_bin,complex_q4,37,8,29,0.5946,0.5626,0.5987,0.8276,0.125,0.25,0.5,0.25,9.0,9.8378,1.0,5.1333,metrics_ablation_bins_splitA.csv,bin_eval=complexity_bin:complex_q4; stage=TEST; eval_track=ranking; n_total=37; n_pos=8; n_neg=29,TEST_BIN_COMPLEXITY_BIN_COMPLEX_Q4,,
A,ablation,M3_TFIDF_PLUS_FLAGS_PLUS_IBVS_V2_TAILCAL,deployment_threshold,TEST,,complexity_bin,complex_q4,37,8,29,0.8378,0.7357,0.6077,0.8276,0.125,0.25,0.625,0.5,9.0,9.8378,1.0,5.1333,metrics_ablation_bins_splitA.csv,bin_eval=complexity_bin:complex_q4; stage=TEST; eval_track=deployment_threshold; n_total=37; n_pos=8; n_neg=29,TEST_BIN_COMPLEXITY_BIN_COMPLEX_Q4,,
A,ablation,M3_TFIDF_PLUS_FLAGS_PLUS_IBVS_V2_TAILCAL,ranking,TEST,,complexity_bin,complex_q4,37,8,29,0.5946,0.5626,0.6077,0.8276,0.125,0.25,0.625,0.25,9.0,9.8378,1.0,5.1333,metrics_ablation_bins_splitA.csv,bin_eval=complexity_bin:complex_q4; stage=TEST; eval_track=ranking; n_total=37; n_pos=8; n_neg=29,TEST_BIN_COMPLEXITY_BIN_COMPLEX_Q4,,
A,ablation,M3_TFIDF_PLUS_FLAGS_PLUS_IBVS_V2_TOTAL,deployment_threshold,TEST,,complexity_bin,complex_q4,37,8,29,0.8108,0.6734,0.5868,0.8233,0.125,0.25,0.375,0.625,9.0,9.8378,1.0,5.1333,metrics_ablation_bins_splitA.csv,bin_eval=complexity_bin:complex_q4; stage=TEST; eval_track=deployment_threshold; n_total=37; n_pos=8; n_neg=29,TEST_BIN_COMPLEXITY_BIN_COMPLEX_Q4,,
A,ablation,M3_TFIDF_PLUS_FLAGS_PLUS_IBVS_V2_TOTAL,ranking,TEST,,complexity_bin,complex_q4,37,8,29,0.6216,0.5978,0.5868,0.8233,0.125,0.25,0.375,0.125,9.0,9.8378,1.0,5.1333,metrics_ablation_bins_splitA.csv,bin_eval=complexity_bin:complex_q4; stage=TEST; eval_track=ranking; n_total=37; n_pos=8; n_neg=29,TEST_BIN_COMPLEXITY_BIN_COMPLEX_Q4,,
A,ablation,M3_TFIDF_PLUS_FLAGS_PLUS_IBVS_V2_TRIPWIRE,deployment_threshold,TEST,,complexity_bin,complex_q4,37,8,29,0.7838,0.6476,0.5096,0.8103,0.0,0.25,0.25,0.625,9.0,9.8378,1.0,5.1333,metrics_ablation_bins_splitA.csv,bin_eval=complexity_bin:complex_q4; stage=TEST; eval_track=deployment_threshold; n_total=37; n_pos=8; n_neg=29,TEST_BIN_COMPLEXITY_BIN_COMPLEX_Q4,,
A,ablation,M3_TFIDF_PLUS_FLAGS_PLUS_IBVS_V2_TRIPWIRE,ranking,TEST,,complexity_bin,complex_q4,37,8,29,0.7027,0.653,0.5096,0.8103,0.0,0.25,0.25,0.25,9.0,9.8378,1.0,5.1333,metrics_ablation_bins_splitA.csv,bin_eval=complexity_bin:complex_q4; stage=TEST; eval_track=ranking; n_total=37; n_pos=8; n_neg=29,TEST_BIN_COMPLEXITY_BIN_COMPLEX_Q4,,
A,hybrid,HYBRID_SEM_ANCHORED_IBVS_BOOST,deployment_threshold,TEST,,complexity_bin,complex_q4,37,8,29,0.8108,0.7522,0.7871,0.8922,0.5,0.5,0.75,0.25,9.0,9.8378,1.0,5.1333,metrics_hybrid_bins_splitA.csv,bin_eval=complexity_bin:complex_q4; stage=TEST; eval_track=deployment_threshold; n_total=37; n_pos=8; n_neg=29,TEST_BIN_COMPLEXITY_BIN_COMPLEX_Q4,,
A,hybrid,HYBRID_SEM_ANCHORED_IBVS_BOOST_V2,deployment_threshold,TEST,,complexity_bin,complex_q4,37,8,29,0.8108,0.7522,0.7871,0.8922,0.5,0.5,0.75,0.25,9.0,9.8378,1.0,5.1333,metrics_hybrid_bins_splitA.csv,bin_eval=complexity_bin:complex_q4; stage=TEST; eval_track=deployment_threshold; n_total=37; n_pos=8; n_neg=29,TEST_BIN_COMPLEXITY_BIN_COMPLEX_Q4,,
A,hybrid,HYBRID_SEM_ANCHORED_IBVS_VETO,deployment_threshold,TEST,,complexity_bin,complex_q4,37,8,29,0.7027,0.653,0.7871,0.8922,0.5,0.5,0.75,0.25,9.0,9.8378,1.0,5.1333,metrics_hybrid_bins_splitA.csv,bin_eval=complexity_bin:complex_q4; stage=TEST; eval_track=deployment_threshold; n_total=37; n_pos=8; n_neg=29,TEST_BIN_COMPLEXITY_BIN_COMPLEX_Q4,,
A,hybrid,HYBRID_SEM_EXPERT_GATE_M1_M3,deployment_threshold,TEST,,complexity_bin,complex_q4,37,8,29,0.8378,0.7798,0.5844,0.8707,0.0,0.125,0.5,0.25,9.0,9.8378,1.0,5.1333,metrics_hybrid_bins_splitA.csv,bin_eval=complexity_bin:complex_q4; stage=TEST; eval_track=deployment_threshold; n_total=37; n_pos=8; n_neg=29,TEST_BIN_COMPLEXITY_BIN_COMPLEX_Q4,,
A,hybrid,HYBRID_SEM_GATE_ELSE_M3_IBVS_V2,deployment_threshold,TEST,,complexity_bin,complex_q4,37,8,29,0.8919,0.863,0.6536,0.9009,0.125,0.25,0.25,0.0,9.0,9.8378,1.0,5.1333,metrics_hybrid_bins_splitA.csv,bin_eval=complexity_bin:complex_q4; stage=TEST; eval_track=deployment_threshold; n_total=37; n_pos=8; n_neg=29,TEST_BIN_COMPLEXITY_BIN_COMPLEX_Q4,,
A,hybrid,HYBRID_SEM_LEARNED_META_FUSION,deployment_threshold,TEST,,complexity_bin,complex_q4,37,8,29,0.8649,0.8338,0.8006,0.9591,0.125,0.5,0.875,0.0,9.0,9.8378,1.0,5.1333,metrics_hybrid_bins_splitA.csv,bin_eval=complexity_bin:complex_q4; stage=TEST; eval_track=deployment_threshold; n_total=37; n_pos=8; n_neg=29,TEST_BIN_COMPLEXITY_BIN_COMPLEX_Q4,,
A,semantic,SEM_LOGREG_BGE,deployment_threshold,TEST,id,complexity_bin,complex_q4,37,8,29,0.7027,0.653,0.7871,0.8922,0.5,0.5,0.75,0.25,9.0,9.8378,1.0,5.1333,metrics_semantic_bins_splitA.csv,bin_eval=complexity_bin:complex_q4; stage=TEST; eval_track=deployment_threshold; n_total=37; n_pos=8; n_neg=29; ood_name=id,TEST_BIN_COMPLEXITY_BIN_COMPLEX_Q4,,
A,ablation,M1_TFIDF_ONLY,deployment_threshold,TEST,,length_bin,len_q1,38,19,19,0.7105,0.6841,0.9721,0.9723,0.6842,0.6842,0.8421,0.5789,8.0,7.5526,1.0,5.0,metrics_ablation_bins_splitA.csv,bin_eval=length_bin:len_q1; stage=TEST; eval_track=deployment_threshold; n_total=38; n_pos=19; n_neg=19,TEST_BIN_LENGTH_BIN_LEN_Q1,,
A,ablation,M1_TFIDF_ONLY,ranking,TEST,,length_bin,len_q1,38,19,19,0.9211,0.921,0.9721,0.9723,0.6842,0.6842,0.8421,0.0526,8.0,7.5526,1.0,5.0,metrics_ablation_bins_splitA.csv,bin_eval=length_bin:len_q1; stage=TEST; eval_track=ranking; n_total=38; n_pos=19; n_neg=19,TEST_BIN_LENGTH_BIN_LEN_Q1,,
A,ablation,M2_TFIDF_PLUS_FLAGS,deployment_threshold,TEST,,length_bin,len_q1,38,19,19,0.7105,0.6841,0.9827,0.9806,0.8421,0.8421,0.8947,0.5789,8.0,7.5526,1.0,5.0,metrics_ablation_bins_splitA.csv,bin_eval=length_bin:len_q1; stage=TEST; eval_track=deployment_threshold; n_total=38; n_pos=19; n_neg=19,TEST_BIN_LENGTH_BIN_LEN_Q1,,
A,ablation,M2_TFIDF_PLUS_FLAGS,ranking,TEST,,length_bin,len_q1,38,19,19,0.8684,0.8676,0.9827,0.9806,0.8421,0.8421,0.8947,0.0526,8.0,7.5526,1.0,5.0,metrics_ablation_bins_splitA.csv,bin_eval=length_bin:len_q1; stage=TEST; eval_track=ranking; n_total=38; n_pos=19; n_neg=19,TEST_BIN_LENGTH_BIN_LEN_Q1,,
A,ablation,M3_TFIDF_PLUS_FLAGS_PLUS_IBVS_V1_TOTAL,deployment_threshold,TEST,,length_bin,len_q1,38,19,19,0.7895,0.7797,0.9753,0.9723,0.7895,0.7895,0.8947,0.4211,8.0,7.5526,1.0,5.0,metrics_ablation_bins_splitA.csv,bin_eval=length_bin:len_q1; stage=TEST; eval_track=deployment_threshold; n_total=38; n_pos=19; n_neg=19,TEST_BIN_LENGTH_BIN_LEN_Q1,,
A,ablation,M3_TFIDF_PLUS_FLAGS_PLUS_IBVS_V1_TOTAL,ranking,TEST,,length_bin,len_q1,38,19,19,0.8421,0.8417,0.9753,0.9723,0.7895,0.7895,0.8947,0.1053,8.0,7.5526,1.0,5.0,metrics_ablation_bins_splitA.csv,bin_eval=length_bin:len_q1; stage=TEST; eval_track=ranking; n_total=38; n_pos=19; n_neg=19,TEST_BIN_LENGTH_BIN_LEN_Q1,,
A,ablation,M3_TFIDF_PLUS_FLAGS_PLUS_IBVS_V2_STRUCTURED,deployment_threshold,TEST,,length_bin,len_q1,38,19,19,0.8158,0.8093,0.9796,0.9778,0.7895,0.7895,0.8947,0.3684,8.0,7.5526,1.0,5.0,metrics_ablation_bins_splitA.csv,bin_eval=length_bin:len_q1; stage=TEST; eval_track=deployment_threshold; n_total=38; n_pos=19; n_neg=19,TEST_BIN_LENGTH_BIN_LEN_Q1,,
A,ablation,M3_TFIDF_PLUS_FLAGS_PLUS_IBVS_V2_STRUCTURED,ranking,TEST,,length_bin,len_q1,38,19,19,0.8684,0.8676,0.9796,0.9778,0.7895,0.7895,0.8947,0.0526,8.0,7.5526,1.0,5.0,metrics_ablation_bins_splitA.csv,bin_eval=length_bin:len_q1; stage=TEST; eval_track=ranking; n_total=38; n_pos=19; n_neg=19,TEST_BIN_LENGTH_BIN_LEN_Q1,,
A,ablation,M3_TFIDF_PLUS_FLAGS_PLUS_IBVS_V2_TAILCAL,deployment_threshold,TEST,,length_bin,len_q1,38,19,19,0.7895,0.7797,0.9796,0.9778,0.7895,0.7895,0.8947,0.4211,8.0,7.5526,1.0,5.0,metrics_ablation_bins_splitA.csv,bin_eval=length_bin:len_q1; stage=TEST; eval_track=deployment_threshold; n_total=38; n_pos=19; n_neg=19,TEST_BIN_LENGTH_BIN_LEN_Q1,,
A,ablation,M3_TFIDF_PLUS_FLAGS_PLUS_IBVS_V2_TAILCAL,ranking,TEST,,length_bin,len_q1,38,19,19,0.8684,0.8676,0.9796,0.9778,0.7895,0.7895,0.8947,0.0526,8.0,7.5526,1.0,5.0,metrics_ablation_bins_splitA.csv,bin_eval=length_bin:len_q1; stage=TEST; eval_track=ranking; n_total=38; n_pos=19; n_neg=19,TEST_BIN_LENGTH_BIN_LEN_Q1,,
A,ablation,M3_TFIDF_PLUS_FLAGS_PLUS_IBVS_V2_TOTAL,deployment_threshold,TEST,,length_bin,len_q1,38,19,19,0.7895,0.7797,0.9804,0.9778,0.8421,0.8421,0.8947,0.4211,8.0,7.5526,1.0,5.0,metrics_ablation_bins_splitA.csv,bin_eval=length_bin:len_q1; stage=TEST; eval_track=deployment_threshold; n_total=38; n_pos=19; n_neg=19,TEST_BIN_LENGTH_BIN_LEN_Q1,,
A,ablation,M3_TFIDF_PLUS_FLAGS_PLUS_IBVS_V2_TOTAL,ranking,TEST,,length_bin,len_q1,38,19,19,0.8947,0.8936,0.9804,0.9778,0.8421,0.8421,0.8947,0.0,8.0,7.5526,1.0,5.0,metrics_ablation_bins_splitA.csv,bin_eval=length_bin:len_q1; stage=TEST; eval_track=ranking; n_total=38; n_pos=19; n_neg=19,TEST_BIN_LENGTH_BIN_LEN_Q1,,
A,ablation,M3_TFIDF_PLUS_FLAGS_PLUS_IBVS_V2_TRIPWIRE,deployment_threshold,TEST,,length_bin,len_q1,38,19,19,0.7895,0.7797,0.9784,0.9751,0.8421,0.8421,0.8947,0.4211,8.0,7.5526,1.0,5.0,metrics_ablation_bins_splitA.csv,bin_eval=length_bin:len_q1; stage=TEST; eval_track=deployment_threshold; n_total=38; n_pos=19; n_neg=19,TEST_BIN_LENGTH_BIN_LEN_Q1,,
A,ablation,M3_TFIDF_PLUS_FLAGS_PLUS_IBVS_V2_TRIPWIRE,ranking,TEST,,length_bin,len_q1,38,19,19,0.8947,0.8947,0.9784,0.9751,0.8421,0.8421,0.8947,0.1053,8.0,7.5526,1.0,5.0,metrics_ablation_bins_splitA.csv,bin_eval=length_bin:len_q1; stage=TEST; eval_track=ranking; n_total=38; n_pos=19; n_neg=19,TEST_BIN_LENGTH_BIN_LEN_Q1,,
A,hybrid,HYBRID_SEM_ANCHORED_IBVS_BOOST,deployment_threshold,TEST,,length_bin,len_q1,38,19,19,0.9474,0.9474,0.974,0.9778,0.5789,0.5789,1.0,0.0526,8.0,7.5526,1.0,5.0,metrics_hybrid_bins_splitA.csv,bin_eval=length_bin:len_q1; stage=TEST; eval_track=deployment_threshold; n_total=38; n_pos=19; n_neg=19,TEST_BIN_LENGTH_BIN_LEN_Q1,,
A,hybrid,HYBRID_SEM_ANCHORED_IBVS_BOOST_V2,deployment_threshold,TEST,,length_bin,len_q1,38,19,19,0.9474,0.9474,0.974,0.9778,0.5789,0.5789,1.0,0.0526,8.0,7.5526,1.0,5.0,metrics_hybrid_bins_splitA.csv,bin_eval=length_bin:len_q1; stage=TEST; eval_track=deployment_threshold; n_total=38; n_pos=19; n_neg=19,TEST_BIN_LENGTH_BIN_LEN_Q1,,
A,hybrid,HYBRID_SEM_ANCHORED_IBVS_VETO,deployment_threshold,TEST,,length_bin,len_q1,38,19,19,0.9474,0.9474,0.974,0.9778,0.5789,0.5789,1.0,0.0526,8.0,7.5526,1.0,5.0,metrics_hybrid_bins_splitA.csv,bin_eval=length_bin:len_q1; stage=TEST; eval_track=deployment_threshold; n_total=38; n_pos=19; n_neg=19,TEST_BIN_LENGTH_BIN_LEN_Q1,,
A,hybrid,HYBRID_SEM_EXPERT_GATE_M1_M3,deployment_threshold,TEST,,length_bin,len_q1,38,19,19,0.9474,0.9474,0.9624,0.9765,0.4211,0.4211,0.9474,0.0526,8.0,7.5526,1.0,5.0,metrics_hybrid_bins_splitA.csv,bin_eval=length_bin:len_q1; stage=TEST; eval_track=deployment_threshold; n_total=38; n_pos=19; n_neg=19,TEST_BIN_LENGTH_BIN_LEN_Q1,,
A,hybrid,HYBRID_SEM_GATE_ELSE_M3_IBVS_V2,deployment_threshold,TEST,,length_bin,len_q1,38,19,19,0.8947,0.8944,0.9862,0.9861,0.7895,0.7895,0.9474,0.1579,8.0,7.5526,1.0,5.0,metrics_hybrid_bins_splitA.csv,bin_eval=length_bin:len_q1; stage=TEST; eval_track=deployment_threshold; n_total=38; n_pos=19; n_neg=19,TEST_BIN_LENGTH_BIN_LEN_Q1,,
A,hybrid,HYBRID_SEM_LEARNED_META_FUSION,deployment_threshold,TEST,,length_bin,len_q1,38,19,19,0.9474,0.9474,0.951,0.9709,0.2632,0.2632,1.0,0.0526,8.0,7.5526,1.0,5.0,metrics_hybrid_bins_splitA.csv,bin_eval=length_bin:len_q1; stage=TEST; eval_track=deployment_threshold; n_total=38; n_pos=19; n_neg=19,TEST_BIN_LENGTH_BIN_LEN_Q1,,
A,semantic,SEM_LOGREG_BGE,deployment_threshold,TEST,id,length_bin,len_q1,38,19,19,0.9474,0.9474,0.974,0.9778,0.5789,0.5789,1.0,0.0526,8.0,7.5526,1.0,5.0,metrics_semantic_bins_splitA.csv,bin_eval=length_bin:len_q1; stage=TEST; eval_track=deployment_threshold; n_total=38; n_pos=19; n_neg=19; ood_name=id,TEST_BIN_LENGTH_BIN_LEN_Q1,,
A,ablation,M1_TFIDF_ONLY,deployment_threshold,TEST,,length_bin,len_q2,37,32,5,0.7027,0.6343,1.0,1.0,1.0,1.0,1.0,0.3438,11.0,11.1081,1.0,5.1667,metrics_ablation_bins_splitA.csv,bin_eval=length_bin:len_q2; stage=TEST; eval_track=deployment_threshold; n_total=37; n_pos=32; n_neg=5,TEST_BIN_LENGTH_BIN_LEN_Q2,,
A,ablation,M1_TFIDF_ONLY,ranking,TEST,,length_bin,len_q2,37,32,5,0.9459,0.8598,1.0,1.0,1.0,1.0,1.0,0.0,11.0,11.1081,1.0,5.1667,metrics_ablation_bins_splitA.csv,bin_eval=length_bin:len_q2; stage=TEST; eval_track=ranking; n_total=37; n_pos=32; n_neg=5,TEST_BIN_LENGTH_BIN_LEN_Q2,,
A,ablation,M2_TFIDF_PLUS_FLAGS,deployment_threshold,TEST,,length_bin,len_q2,37,32,5,0.7027,0.6343,1.0,1.0,1.0,1.0,1.0,0.3438,11.0,11.1081,1.0,5.1667,metrics_ablation_bins_splitA.csv,bin_eval=length_bin:len_q2; stage=TEST; eval_track=deployment_threshold; n_total=37; n_pos=32; n_neg=5,TEST_BIN_LENGTH_BIN_LEN_Q2,,
A,ablation,M2_TFIDF_PLUS_FLAGS,ranking,TEST,,length_bin,len_q2,37,32,5,0.9189,0.7633,1.0,1.0,1.0,1.0,1.0,0.0,11.0,11.1081,1.0,5.1667,metrics_ablation_bins_splitA.csv,bin_eval=length_bin:len_q2; stage=TEST; eval_track=ranking; n_total=37; n_pos=32; n_neg=5,TEST_BIN_LENGTH_BIN_LEN_Q2,,
A,ablation,M3_TFIDF_PLUS_FLAGS_PLUS_IBVS_V1_TOTAL,deployment_threshold,TEST,,length_bin,len_q2,37,32,5,0.8108,0.7327,1.0,1.0,1.0,1.0,1.0,0.2188,11.0,11.1081,1.0,5.1667,metrics_ablation_bins_splitA.csv,bin_eval=length_bin:len_q2; stage=TEST; eval_track=deployment_threshold; n_total=37; n_pos=32; n_neg=5,TEST_BIN_LENGTH_BIN_LEN_Q2,,
A,ablation,M3_TFIDF_PLUS_FLAGS_PLUS_IBVS_V1_TOTAL,ranking,TEST,,length_bin,len_q2,37,32,5,0.973,0.9368,1.0,1.0,1.0,1.0,1.0,0.0,11.0,11.1081,1.0,5.1667,metrics_ablation_bins_splitA.csv,bin_eval=length_bin:len_q2; stage=TEST; eval_track=ranking; n_total=37; n_pos=32; n_neg=5,TEST_BIN_LENGTH_BIN_LEN_Q2,,
A,ablation,M3_TFIDF_PLUS_FLAGS_PLUS_IBVS_V2_STRUCTURED,deployment_threshold,TEST,,length_bin,len_q2,37,32,5,0.7838,0.7063,1.0,1.0,1.0,1.0,1.0,0.25,11.0,11.1081,1.0,5.1667,metrics_ablation_bins_splitA.csv,bin_eval=length_bin:len_q2; stage=TEST; eval_track=deployment_threshold; n_total=37; n_pos=32; n_neg=5,TEST_BIN_LENGTH_BIN_LEN_Q2,,
A,ablation,M3_TFIDF_PLUS_FLAGS_PLUS_IBVS_V2_STRUCTURED,ranking,TEST,,length_bin,len_q2,37,32,5,0.9189,0.7633,1.0,1.0,1.0,1.0,1.0,0.0,11.0,11.1081,1.0,5.1667,metrics_ablation_bins_splitA.csv,bin_eval=length_bin:len_q2; stage=TEST; eval_track=ranking; n_total=37; n_pos=32; n_neg=5,TEST_BIN_LENGTH_BIN_LEN_Q2,,
A,ablation,M3_TFIDF_PLUS_FLAGS_PLUS_IBVS_V2_TAILCAL,deployment_threshold,TEST,,length_bin,len_q2,37,32,5,0.8108,0.7327,1.0,1.0,1.0,1.0,1.0,0.2188,11.0,11.1081,1.0,5.1667,metrics_ablation_bins_splitA.csv,bin_eval=length_bin:len_q2; stage=TEST; eval_track=deployment_threshold; n_total=37; n_pos=32; n_neg=5,TEST_BIN_LENGTH_BIN_LEN_Q2,,
A,ablation,M3_TFIDF_PLUS_FLAGS_PLUS_IBVS_V2_TAILCAL,ranking,TEST,,length_bin,len_q2,37,32,5,0.9189,0.7633,1.0,1.0,1.0,1.0,1.0,0.0,11.0,11.1081,1.0,5.1667,metrics_ablation_bins_splitA.csv,bin_eval=length_bin:len_q2; stage=TEST; eval_track=ranking; n_total=37; n_pos=32; n_neg=5,TEST_BIN_LENGTH_BIN_LEN_Q2,,
A,ablation,M3_TFIDF_PLUS_FLAGS_PLUS_IBVS_V2_TOTAL,deployment_threshold,TEST,,length_bin,len_q2,37,32,5,0.7568,0.6813,1.0,1.0,1.0,1.0,1.0,0.2812,11.0,11.1081,1.0,5.1667,metrics_ablation_bins_splitA.csv,bin_eval=length_bin:len_q2; stage=TEST; eval_track=deployment_threshold; n_total=37; n_pos=32; n_neg=5,TEST_BIN_LENGTH_BIN_LEN_Q2,,
A,ablation,M3_TFIDF_PLUS_FLAGS_PLUS_IBVS_V2_TOTAL,ranking,TEST,,length_bin,len_q2,37,32,5,0.9189,0.7633,1.0,1.0,1.0,1.0,1.0,0.0,11.0,11.1081,1.0,5.1667,metrics_ablation_bins_splitA.csv,bin_eval=length_bin:len_q2; stage=TEST; eval_track=ranking; n_total=37; n_pos=32; n_neg=5,TEST_BIN_LENGTH_BIN_LEN_Q2,,
A,ablation,M3_TFIDF_PLUS_FLAGS_PLUS_IBVS_V2_TRIPWIRE,deployment_threshold,TEST,,length_bin,len_q2,37,32,5,0.7568,0.6813,1.0,1.0,1.0,1.0,1.0,0.2812,11.0,11.1081,1.0,5.1667,metrics_ablation_bins_splitA.csv,bin_eval=length_bin:len_q2; stage=TEST; eval_track=deployment_threshold; n_total=37; n_pos=32; n_neg=5,TEST_BIN_LENGTH_BIN_LEN_Q2,,
A,ablation,M3_TFIDF_PLUS_FLAGS_PLUS_IBVS_V2_TRIPWIRE,ranking,TEST,,length_bin,len_q2,37,32,5,0.973,0.9368,1.0,1.0,1.0,1.0,1.0,0.0,11.0,11.1081,1.0,5.1667,metrics_ablation_bins_splitA.csv,bin_eval=length_bin:len_q2; stage=TEST; eval_track=ranking; n_total=37; n_pos=32; n_neg=5,TEST_BIN_LENGTH_BIN_LEN_Q2,,
A,hybrid,HYBRID_SEM_ANCHORED_IBVS_BOOST,deployment_threshold,TEST,,length_bin,len_q2,37,32,5,0.973,0.9466,1.0,1.0,1.0,1.0,1.0,0.0312,11.0,11.1081,1.0,5.1667,metrics_hybrid_bins_splitA.csv,bin_eval=length_bin:len_q2; stage=TEST; eval_track=deployment_threshold; n_total=37; n_pos=32; n_neg=5,TEST_BIN_LENGTH_BIN_LEN_Q2,,
A,hybrid,HYBRID_SEM_ANCHORED_IBVS_BOOST_V2,deployment_threshold,TEST,,length_bin,len_q2,37,32,5,0.973,0.9466,1.0,1.0,1.0,1.0,1.0,0.0312,11.0,11.1081,1.0,5.1667,metrics_hybrid_bins_splitA.csv,bin_eval=length_bin:len_q2; stage=TEST; eval_track=deployment_threshold; n_total=37; n_pos=32; n_neg=5,TEST_BIN_LENGTH_BIN_LEN_Q2,,
A,hybrid,HYBRID_SEM_ANCHORED_IBVS_VETO,deployment_threshold,TEST,,length_bin,len_q2,37,32,5,0.9459,0.8598,1.0,1.0,1.0,1.0,1.0,0.0,11.0,11.1081,1.0,5.1667,metrics_hybrid_bins_splitA.csv,bin_eval=length_bin:len_q2; stage=TEST; eval_track=deployment_threshold; n_total=37; n_pos=32; n_neg=5,TEST_BIN_LENGTH_BIN_LEN_Q2,,
A,hybrid,HYBRID_SEM_EXPERT_GATE_M1_M3,deployment_threshold,TEST,,length_bin,len_q2,37,32,5,0.973,0.9466,0.9991,0.9938,0.9688,0.9688,0.9688,0.0312,11.0,11.1081,1.0,5.1667,metrics_hybrid_bins_splitA.csv,bin_eval=length_bin:len_q2; stage=TEST; eval_track=deployment_threshold; n_total=37; n_pos=32; n_neg=5,TEST_BIN_LENGTH_BIN_LEN_Q2,,
A,hybrid,HYBRID_SEM_GATE_ELSE_M3_IBVS_V2,deployment_threshold,TEST,,length_bin,len_q2,37,32,5,0.973,0.9466,1.0,1.0,1.0,1.0,1.0,0.0312,11.0,11.1081,1.0,5.1667,metrics_hybrid_bins_splitA.csv,bin_eval=length_bin:len_q2; stage=TEST; eval_track=deployment_threshold; n_total=37; n_pos=32; n_neg=5,TEST_BIN_LENGTH_BIN_LEN_Q2,,
A,hybrid,HYBRID_SEM_LEARNED_META_FUSION,deployment_threshold,TEST,,length_bin,len_q2,37,32,5,1.0,1.0,1.0,1.0,1.0,1.0,1.0,0.0,11.0,11.1081,1.0,5.1667,metrics_hybrid_bins_splitA.csv,bin_eval=length_bin:len_q2; stage=TEST; eval_track=deployment_threshold; n_total=37; n_pos=32; n_neg=5,TEST_BIN_LENGTH_BIN_LEN_Q2,,
A,semantic,SEM_LOGREG_BGE,deployment_threshold,TEST,id,length_bin,len_q2,37,32,5,0.9459,0.8598,1.0,1.0,1.0,1.0,1.0,0.0,11.0,11.1081,1.0,5.1667,metrics_semantic_bins_splitA.csv,bin_eval=length_bin:len_q2; stage=TEST; eval_track=deployment_threshold; n_total=37; n_pos=32; n_neg=5; ood_name=id,TEST_BIN_LENGTH_BIN_LEN_Q2,,
A,ablation,M1_TFIDF_ONLY,deployment_threshold,TEST,,length_bin,len_q3,37,32,5,0.6486,0.5899,0.9875,0.9125,0.875,0.875,0.875,0.4062,13.0,13.3243,1.0,5.0,metrics_ablation_bins_splitA.csv,bin_eval=length_bin:len_q3; stage=TEST; eval_track=deployment_threshold; n_total=37; n_pos=32; n_neg=5,TEST_BIN_LENGTH_BIN_LEN_Q3,,
A,ablation,M1_TFIDF_ONLY,ranking,TEST,,length_bin,len_q3,37,32,5,0.8108,0.4478,0.9875,0.9125,0.875,0.875,0.875,0.0625,13.0,13.3243,1.0,5.0,metrics_ablation_bins_splitA.csv,bin_eval=length_bin:len_q3; stage=TEST; eval_track=ranking; n_total=37; n_pos=32; n_neg=5,TEST_BIN_LENGTH_BIN_LEN_Q3,,
A,ablation,M2_TFIDF_PLUS_FLAGS,deployment_threshold,TEST,,length_bin,len_q3,37,32,5,0.7568,0.6813,0.9865,0.9062,0.875,0.875,0.875,0.2812,13.0,13.3243,1.0,5.0,metrics_ablation_bins_splitA.csv,bin_eval=length_bin:len_q3; stage=TEST; eval_track=deployment_threshold; n_total=37; n_pos=32; n_neg=5,TEST_BIN_LENGTH_BIN_LEN_Q3,,
A,ablation,M2_TFIDF_PLUS_FLAGS,ranking,TEST,,length_bin,len_q3,37,32,5,0.8378,0.4559,0.9865,0.9062,0.875,0.875,0.875,0.0312,13.0,13.3243,1.0,5.0,metrics_ablation_bins_splitA.csv,bin_eval=length_bin:len_q3; stage=TEST; eval_track=ranking; n_total=37; n_pos=32; n_neg=5,TEST_BIN_LENGTH_BIN_LEN_Q3,,
A,ablation,M3_TFIDF_PLUS_FLAGS_PLUS_IBVS_V1_TOTAL,deployment_threshold,TEST,,length_bin,len_q3,37,32,5,0.8108,0.7327,0.9902,0.9312,0.875,0.875,0.875,0.2188,13.0,13.3243,1.0,5.0,metrics_ablation_bins_splitA.csv,bin_eval=length_bin:len_q3; stage=TEST; eval_track=deployment_threshold; n_total=37; n_pos=32; n_neg=5,TEST_BIN_LENGTH_BIN_LEN_Q3,,
A,ablation,M3_TFIDF_PLUS_FLAGS_PLUS_IBVS_V1_TOTAL,ranking,TEST,,length_bin,len_q3,37,32,5,0.8378,0.4559,0.9902,0.9312,0.875,0.875,0.875,0.0312,13.0,13.3243,1.0,5.0,metrics_ablation_bins_splitA.csv,bin_eval=length_bin:len_q3; stage=TEST; eval_track=ranking; n_total=37; n_pos=32; n_neg=5,TEST_BIN_LENGTH_BIN_LEN_Q3,,
A,ablation,M3_TFIDF_PLUS_FLAGS_PLUS_IBVS_V2_STRUCTURED,deployment_threshold,TEST,,length_bin,len_q3,37,32,5,0.8649,0.7667,0.9854,0.9,0.8438,0.8438,0.8438,0.125,13.0,13.3243,1.0,5.0,metrics_ablation_bins_splitA.csv,bin_eval=length_bin:len_q3; stage=TEST; eval_track=deployment_threshold; n_total=37; n_pos=32; n_neg=5,TEST_BIN_LENGTH_BIN_LEN_Q3,,
A,ablation,M3_TFIDF_PLUS_FLAGS_PLUS_IBVS_V2_STRUCTURED,ranking,TEST,,length_bin,len_q3,37,32,5,0.8378,0.4559,0.9854,0.9,0.8438,0.8438,0.8438,0.0312,13.0,13.3243,1.0,5.0,metrics_ablation_bins_splitA.csv,bin_eval=length_bin:len_q3; stage=TEST; eval_track=ranking; n_total=37; n_pos=32; n_neg=5,TEST_BIN_LENGTH_BIN_LEN_Q3,,
A,ablation,M3_TFIDF_PLUS_FLAGS_PLUS_IBVS_V2_TAILCAL,deployment_threshold,TEST,,length_bin,len_q3,37,32,5,0.8919,0.8238,0.9865,0.9062,0.875,0.875,0.875,0.125,13.0,13.3243,1.0,5.0,metrics_ablation_bins_splitA.csv,bin_eval=length_bin:len_q3; stage=TEST; eval_track=deployment_threshold; n_total=37; n_pos=32; n_neg=5,TEST_BIN_LENGTH_BIN_LEN_Q3,,
A,ablation,M3_TFIDF_PLUS_FLAGS_PLUS_IBVS_V2_TAILCAL,ranking,TEST,,length_bin,len_q3,37,32,5,0.8378,0.4559,0.9865,0.9062,0.875,0.875,0.875,0.0312,13.0,13.3243,1.0,5.0,metrics_ablation_bins_splitA.csv,bin_eval=length_bin:len_q3; stage=TEST; eval_track=ranking; n_total=37; n_pos=32; n_neg=5,TEST_BIN_LENGTH_BIN_LEN_Q3,,
A,ablation,M3_TFIDF_PLUS_FLAGS_PLUS_IBVS_V2_TOTAL,deployment_threshold,TEST,,length_bin,len_q3,37,32,5,0.8649,0.791,0.9865,0.9062,0.875,0.875,0.875,0.1562,13.0,13.3243,1.0,5.0,metrics_ablation_bins_splitA.csv,bin_eval=length_bin:len_q3; stage=TEST; eval_track=deployment_threshold; n_total=37; n_pos=32; n_neg=5,TEST_BIN_LENGTH_BIN_LEN_Q3,,
A,ablation,M3_TFIDF_PLUS_FLAGS_PLUS_IBVS_V2_TOTAL,ranking,TEST,,length_bin,len_q3,37,32,5,0.8378,0.4559,0.9865,0.9062,0.875,0.875,0.875,0.0312,13.0,13.3243,1.0,5.0,metrics_ablation_bins_splitA.csv,bin_eval=length_bin:len_q3; stage=TEST; eval_track=ranking; n_total=37; n_pos=32; n_neg=5,TEST_BIN_LENGTH_BIN_LEN_Q3,,
A,ablation,M3_TFIDF_PLUS_FLAGS_PLUS_IBVS_V2_TRIPWIRE,deployment_threshold,TEST,,length_bin,len_q3,37,32,5,0.8378,0.7608,0.9854,0.9,0.8438,0.8438,0.8438,0.1875,13.0,13.3243,1.0,5.0,metrics_ablation_bins_splitA.csv,bin_eval=length_bin:len_q3; stage=TEST; eval_track=deployment_threshold; n_total=37; n_pos=32; n_neg=5,TEST_BIN_LENGTH_BIN_LEN_Q3,,
A,ablation,M3_TFIDF_PLUS_FLAGS_PLUS_IBVS_V2_TRIPWIRE,ranking,TEST,,length_bin,len_q3,37,32,5,0.8649,0.6055,0.9854,0.9,0.8438,0.8438,0.8438,0.0312,13.0,13.3243,1.0,5.0,metrics_ablation_bins_splitA.csv,bin_eval=length_bin:len_q3; stage=TEST; eval_track=ranking; n_total=37; n_pos=32; n_neg=5,TEST_BIN_LENGTH_BIN_LEN_Q3,,
A,hybrid,HYBRID_SEM_ANCHORED_IBVS_BOOST,deployment_threshold,TEST,,length_bin,len_q3,37,32,5,0.9189,0.8103,0.9883,0.9188,0.8438,0.8438,0.8438,0.0312,13.0,13.3243,1.0,5.0,metrics_hybrid_bins_splitA.csv,bin_eval=length_bin:len_q3; stage=TEST; eval_track=deployment_threshold; n_total=37; n_pos=32; n_neg=5,TEST_BIN_LENGTH_BIN_LEN_Q3,,
A,hybrid,HYBRID_SEM_ANCHORED_IBVS_BOOST_V2,deployment_threshold,TEST,,length_bin,len_q3,37,32,5,0.9189,0.8103,0.9883,0.9188,0.8438,0.8438,0.8438,0.0312,13.0,13.3243,1.0,5.0,metrics_hybrid_bins_splitA.csv,bin_eval=length_bin:len_q3; stage=TEST; eval_track=deployment_threshold; n_total=37; n_pos=32; n_neg=5,TEST_BIN_LENGTH_BIN_LEN_Q3,,
A,hybrid,HYBRID_SEM_ANCHORED_IBVS_VETO,deployment_threshold,TEST,,length_bin,len_q3,37,32,5,0.8378,0.4559,0.9883,0.9188,0.8438,0.8438,0.8438,0.0312,13.0,13.3243,1.0,5.0,metrics_hybrid_bins_splitA.csv,bin_eval=length_bin:len_q3; stage=TEST; eval_track=deployment_threshold; n_total=37; n_pos=32; n_neg=5,TEST_BIN_LENGTH_BIN_LEN_Q3,,
A,hybrid,HYBRID_SEM_EXPERT_GATE_M1_M3,deployment_threshold,TEST,,length_bin,len_q3,37,32,5,0.9459,0.8844,0.9958,0.9688,0.9688,0.9688,0.9688,0.0312,13.0,13.3243,1.0,5.0,metrics_hybrid_bins_splitA.csv,bin_eval=length_bin:len_q3; stage=TEST; eval_track=deployment_threshold; n_total=37; n_pos=32; n_neg=5,TEST_BIN_LENGTH_BIN_LEN_Q3,,
A,hybrid,HYBRID_SEM_GATE_ELSE_M3_IBVS_V2,deployment_threshold,TEST,,length_bin,len_q3,37,32,5,0.9459,0.8844,0.8948,0.5438,0.1562,0.1562,0.1562,0.0312,13.0,13.3243,1.0,5.0,metrics_hybrid_bins_splitA.csv,bin_eval=length_bin:len_q3; stage=TEST; eval_track=deployment_threshold; n_total=37; n_pos=32; n_neg=5,TEST_BIN_LENGTH_BIN_LEN_Q3,,
A,hybrid,HYBRID_SEM_LEARNED_META_FUSION,deployment_threshold,TEST,,length_bin,len_q3,37,32,5,0.9459,0.8598,0.9885,0.9531,0.6562,0.6562,0.6562,0.0,13.0,13.3243,1.0,5.0,metrics_hybrid_bins_splitA.csv,bin_eval=length_bin:len_q3; stage=TEST; eval_track=deployment_threshold; n_total=37; n_pos=32; n_neg=5,TEST_BIN_LENGTH_BIN_LEN_Q3,,
A,semantic,SEM_LOGREG_BGE,deployment_threshold,TEST,id,length_bin,len_q3,37,32,5,0.8378,0.4559,0.9883,0.9188,0.8438,0.8438,0.8438,0.0312,13.0,13.3243,1.0,5.0,metrics_semantic_bins_splitA.csv,bin_eval=length_bin:len_q3; stage=TEST; eval_track=deployment_threshold; n_total=37; n_pos=32; n_neg=5; ood_name=id,TEST_BIN_LENGTH_BIN_LEN_Q3,,
A,ablation,M1_TFIDF_ONLY,deployment_threshold,TEST,,length_bin,len_q4,37,25,12,0.5135,0.5045,0.8073,0.6467,0.12,0.12,0.4,0.52,17.0,28.5405,0.9375,4.75,metrics_ablation_bins_splitA.csv,bin_eval=length_bin:len_q4; stage=TEST; eval_track=deployment_threshold; n_total=37; n_pos=25; n_neg=12,TEST_BIN_LENGTH_BIN_LEN_Q4,,
A,ablation,M1_TFIDF_ONLY,ranking,TEST,,length_bin,len_q4,37,25,12,0.6757,0.5216,0.8073,0.6467,0.12,0.12,0.4,0.08,17.0,28.5405,0.9375,4.75,metrics_ablation_bins_splitA.csv,bin_eval=length_bin:len_q4; stage=TEST; eval_track=ranking; n_total=37; n_pos=25; n_neg=12,TEST_BIN_LENGTH_BIN_LEN_Q4,,
A,ablation,M2_TFIDF_PLUS_FLAGS,deployment_threshold,TEST,,length_bin,len_q4,37,25,12,0.6486,0.6314,0.8428,0.7533,0.08,0.08,0.48,0.36,17.0,28.5405,0.9375,4.75,metrics_ablation_bins_splitA.csv,bin_eval=length_bin:len_q4; stage=TEST; eval_track=deployment_threshold; n_total=37; n_pos=25; n_neg=12,TEST_BIN_LENGTH_BIN_LEN_Q4,,
A,ablation,M2_TFIDF_PLUS_FLAGS,ranking,TEST,,length_bin,len_q4,37,25,12,0.7027,0.4868,0.8428,0.7533,0.08,0.08,0.48,0.0,17.0,28.5405,0.9375,4.75,metrics_ablation_bins_splitA.csv,bin_eval=length_bin:len_q4; stage=TEST; eval_track=ranking; n_total=37; n_pos=25; n_neg=12,TEST_BIN_LENGTH_BIN_LEN_Q4,,
A,ablation,M3_TFIDF_PLUS_FLAGS_PLUS_IBVS_V1_TOTAL,deployment_threshold,TEST,,length_bin,len_q4,37,25,12,0.7027,0.6881,0.8136,0.77,0.04,0.04,0.08,0.32,17.0,28.5405,0.9375,4.75,metrics_ablation_bins_splitA.csv,bin_eval=length_bin:len_q4; stage=TEST; eval_track=deployment_threshold; n_total=37; n_pos=25; n_neg=12,TEST_BIN_LENGTH_BIN_LEN_Q4,,
A,ablation,M3_TFIDF_PLUS_FLAGS_PLUS_IBVS_V1_TOTAL,ranking,TEST,,length_bin,len_q4,37,25,12,0.7297,0.5595,0.8136,0.77,0.04,0.04,0.08,0.0,17.0,28.5405,0.9375,4.75,metrics_ablation_bins_splitA.csv,bin_eval=length_bin:len_q4; stage=TEST; eval_track=ranking; n_total=37; n_pos=25; n_neg=12,TEST_BIN_LENGTH_BIN_LEN_Q4,,
A,ablation,M3_TFIDF_PLUS_FLAGS_PLUS_IBVS_V2_STRUCTURED,deployment_threshold,TEST,,length_bin,len_q4,37,25,12,0.7297,0.6917,0.8559,0.7533,0.12,0.12,0.52,0.2,17.0,28.5405,0.9375,4.75,metrics_ablation_bins_splitA.csv,bin_eval=length_bin:len_q4; stage=TEST; eval_track=deployment_threshold; n_total=37; n_pos=25; n_neg=12,TEST_BIN_LENGTH_BIN_LEN_Q4,,
A,ablation,M3_TFIDF_PLUS_FLAGS_PLUS_IBVS_V2_STRUCTURED,ranking,TEST,,length_bin,len_q4,37,25,12,0.7027,0.4868,0.8559,0.7533,0.12,0.12,0.52,0.0,17.0,28.5405,0.9375,4.75,metrics_ablation_bins_splitA.csv,bin_eval=length_bin:len_q4; stage=TEST; eval_track=ranking; n_total=37; n_pos=25; n_neg=12,TEST_BIN_LENGTH_BIN_LEN_Q4,,
A,ablation,M3_TFIDF_PLUS_FLAGS_PLUS_IBVS_V2_TAILCAL,deployment_threshold,TEST,,length_bin,len_q4,37,25,12,0.7297,0.6917,0.8302,0.7533,0.04,0.04,0.4,0.2,17.0,28.5405,0.9375,4.75,metrics_ablation_bins_splitA.csv,bin_eval=length_bin:len_q4; stage=TEST; eval_track=deployment_threshold; n_total=37; n_pos=25; n_neg=12,TEST_BIN_LENGTH_BIN_LEN_Q4,,
A,ablation,M3_TFIDF_PLUS_FLAGS_PLUS_IBVS_V2_TAILCAL,ranking,TEST,,length_bin,len_q4,37,25,12,0.7027,0.4868,0.8302,0.7533,0.04,0.04,0.4,0.0,17.0,28.5405,0.9375,4.75,metrics_ablation_bins_splitA.csv,bin_eval=length_bin:len_q4; stage=TEST; eval_track=ranking; n_total=37; n_pos=25; n_neg=12,TEST_BIN_LENGTH_BIN_LEN_Q4,,
A,ablation,M3_TFIDF_PLUS_FLAGS_PLUS_IBVS_V2_TOTAL,deployment_threshold,TEST,,length_bin,len_q4,37,25,12,0.7297,0.6917,0.8359,0.74,0.08,0.08,0.4,0.2,17.0,28.5405,0.9375,4.75,metrics_ablation_bins_splitA.csv,bin_eval=length_bin:len_q4; stage=TEST; eval_track=deployment_threshold; n_total=37; n_pos=25; n_neg=12,TEST_BIN_LENGTH_BIN_LEN_Q4,,
A,ablation,M3_TFIDF_PLUS_FLAGS_PLUS_IBVS_V2_TOTAL,ranking,TEST,,length_bin,len_q4,37,25,12,0.7027,0.4868,0.8359,0.74,0.08,0.08,0.4,0.0,17.0,28.5405,0.9375,4.75,metrics_ablation_bins_splitA.csv,bin_eval=length_bin:len_q4; stage=TEST; eval_track=ranking; n_total=37; n_pos=25; n_neg=12,TEST_BIN_LENGTH_BIN_LEN_Q4,,
A,ablation,M3_TFIDF_PLUS_FLAGS_PLUS_IBVS_V2_TRIPWIRE,deployment_threshold,TEST,,length_bin,len_q4,37,25,12,0.6216,0.5849,0.7898,0.71,0.0,0.0,0.32,0.32,17.0,28.5405,0.9375,4.75,metrics_ablation_bins_splitA.csv,bin_eval=length_bin:len_q4; stage=TEST; eval_track=deployment_threshold; n_total=37; n_pos=25; n_neg=12,TEST_BIN_LENGTH_BIN_LEN_Q4,,
A,ablation,M3_TFIDF_PLUS_FLAGS_PLUS_IBVS_V2_TRIPWIRE,ranking,TEST,,length_bin,len_q4,37,25,12,0.7297,0.5595,0.7898,0.71,0.0,0.0,0.32,0.0,17.0,28.5405,0.9375,4.75,metrics_ablation_bins_splitA.csv,bin_eval=length_bin:len_q4; stage=TEST; eval_track=ranking; n_total=37; n_pos=25; n_neg=12,TEST_BIN_LENGTH_BIN_LEN_Q4,,
A,hybrid,HYBRID_SEM_ANCHORED_IBVS_BOOST,deployment_threshold,TEST,,length_bin,len_q4,37,25,12,0.6216,0.6076,0.8759,0.76,0.36,0.36,0.36,0.4,17.0,28.5405,0.9375,4.75,metrics_hybrid_bins_splitA.csv,bin_eval=length_bin:len_q4; stage=TEST; eval_track=deployment_threshold; n_total=37; n_pos=25; n_neg=12,TEST_BIN_LENGTH_BIN_LEN_Q4,,
A,hybrid,HYBRID_SEM_ANCHORED_IBVS_BOOST_V2,deployment_threshold,TEST,,length_bin,len_q4,37,25,12,0.6216,0.6076,0.8759,0.76,0.36,0.36,0.36,0.4,17.0,28.5405,0.9375,4.75,metrics_hybrid_bins_splitA.csv,bin_eval=length_bin:len_q4; stage=TEST; eval_track=deployment_threshold; n_total=37; n_pos=25; n_neg=12,TEST_BIN_LENGTH_BIN_LEN_Q4,,
A,hybrid,HYBRID_SEM_ANCHORED_IBVS_VETO,deployment_threshold,TEST,,length_bin,len_q4,37,25,12,0.5946,0.5747,0.8759,0.76,0.36,0.36,0.36,0.4,17.0,28.5405,0.9375,4.75,metrics_hybrid_bins_splitA.csv,bin_eval=length_bin:len_q4; stage=TEST; eval_track=deployment_threshold; n_total=37; n_pos=25; n_neg=12,TEST_BIN_LENGTH_BIN_LEN_Q4,,
A,hybrid,HYBRID_SEM_EXPERT_GATE_M1_M3,deployment_threshold,TEST,,length_bin,len_q4,37,25,12,0.5676,0.5595,0.8229,0.71,0.0,0.0,0.4,0.48,17.0,28.5405,0.9375,4.75,metrics_hybrid_bins_splitA.csv,bin_eval=length_bin:len_q4; stage=TEST; eval_track=deployment_threshold; n_total=37; n_pos=25; n_neg=12,TEST_BIN_LENGTH_BIN_LEN_Q4,,
A,hybrid,HYBRID_SEM_GATE_ELSE_M3_IBVS_V2,deployment_threshold,TEST,,length_bin,len_q4,37,25,12,0.6757,0.6553,0.8322,0.7733,0.04,0.04,0.24,0.32,17.0,28.5405,0.9375,4.75,metrics_hybrid_bins_splitA.csv,bin_eval=length_bin:len_q4; stage=TEST; eval_track=deployment_threshold; n_total=37; n_pos=25; n_neg=12,TEST_BIN_LENGTH_BIN_LEN_Q4,,
A,hybrid,HYBRID_SEM_LEARNED_META_FUSION,deployment_threshold,TEST,,length_bin,len_q4,37,25,12,0.7027,0.6793,0.882,0.7917,0.36,0.36,0.36,0.28,17.0,28.5405,0.9375,4.75,metrics_hybrid_bins_splitA.csv,bin_eval=length_bin:len_q4; stage=TEST; eval_track=deployment_threshold; n_total=37; n_pos=25; n_neg=12,TEST_BIN_LENGTH_BIN_LEN_Q4,,
A,semantic,SEM_LOGREG_BGE,deployment_threshold,TEST,id,length_bin,len_q4,37,25,12,0.5946,0.5747,0.8759,0.76,0.36,0.36,0.36,0.4,17.0,28.5405,0.9375,4.75,metrics_semantic_bins_splitA.csv,bin_eval=length_bin:len_q4; stage=TEST; eval_track=deployment_threshold; n_total=37; n_pos=25; n_neg=12; ood_name=id,TEST_BIN_LENGTH_BIN_LEN_Q4,,
B,ablation,M1_TFIDF_ONLY,deployment_threshold,OOD,,complexity_bin,complex_q1,192,79,113,0.6615,0.5688,0.6114,0.6647,0.0253,0.2532,0.3544,0.7595,11.5,13.8854,0.8824,4.7042,metrics_ablation_bins_splitB.csv,bin_eval=complexity_bin:complex_q1; stage=OOD; eval_track=deployment_threshold; n_total=192; n_pos=79; n_neg=113,OOD_BIN_COMPLEXITY_BIN_COMPLEX_Q1,,
B,ablation,M1_TFIDF_ONLY,deployment_threshold,OOD,ood_test_injection,complexity_bin,complex_q1,170,86,84,0.9,0.8992,1.0,1.0,1.0,1.0,1.0,0.1977,118.0,169.2,0.4788,5.0368,metrics_ablation_bins_splitB__ood-ood_test_injection.csv,bin_eval=complexity_bin:complex_q1; stage=OOD; eval_track=deployment_threshold; n_total=170; n_pos=86; n_neg=84; ood_name=ood_test_injection,OOD_BIN_COMPLEXITY_BIN_COMPLEX_Q1,,
B,ablation,M1_TFIDF_ONLY,deployment_threshold,OOD,ood_test_injection_standard,complexity_bin,complex_q1,997,722,275,0.6891,0.5523,0.8018,0.6306,0.0083,0.126,0.169,0.1427,214.0,263.4042,0.5877,4.9834,metrics_ablation_bins_splitB__ood-ood_test_injection_standard.csv,bin_eval=complexity_bin:complex_q1; stage=OOD; eval_track=deployment_threshold; n_total=997; n_pos=722; n_neg=275; ood_name=ood_test_injection_standard,OOD_BIN_COMPLEXITY_BIN_COMPLEX_Q1,,
B,ablation,M1_TFIDF_ONLY,ranking,OOD,,complexity_bin,complex_q1,192,79,113,0.651,0.6468,0.6114,0.6647,0.0253,0.2532,0.3544,0.3418,11.5,13.8854,0.8824,4.7042,metrics_ablation_bins_splitB.csv,bin_eval=complexity_bin:complex_q1; stage=OOD; eval_track=ranking; n_total=192; n_pos=79; n_neg=113,OOD_BIN_COMPLEXITY_BIN_COMPLEX_Q1,,
B,ablation,M1_TFIDF_ONLY,ranking,OOD,ood_test_injection,complexity_bin,complex_q1,170,86,84,1.0,1.0,1.0,1.0,1.0,1.0,1.0,0.0,118.0,169.2,0.4788,5.0368,metrics_ablation_bins_splitB__ood-ood_test_injection.csv,bin_eval=complexity_bin:complex_q1; stage=OOD; eval_track=ranking; n_total=170; n_pos=86; n_neg=84; ood_name=ood_test_injection,OOD_BIN_COMPLEXITY_BIN_COMPLEX_Q1,,
B,ablation,M1_TFIDF_ONLY,ranking,OOD,ood_test_injection_standard,complexity_bin,complex_q1,997,722,275,0.7352,0.4763,0.8018,0.6306,0.0083,0.126,0.169,0.0069,214.0,263.4042,0.5877,4.9834,metrics_ablation_bins_splitB__ood-ood_test_injection_standard.csv,bin_eval=complexity_bin:complex_q1; stage=OOD; eval_track=ranking; n_total=997; n_pos=722; n_neg=275; ood_name=ood_test_injection_standard,OOD_BIN_COMPLEXITY_BIN_COMPLEX_Q1,,
B,ablation,M2_TFIDF_PLUS_FLAGS,deployment_threshold,OOD,,complexity_bin,complex_q1,192,79,113,0.6458,0.5516,0.6275,0.6787,0.1392,0.1899,0.3797,0.7722,11.5,13.8854,0.8824,4.7042,metrics_ablation_bins_splitB.csv,bin_eval=complexity_bin:complex_q1; stage=OOD; eval_track=deployment_threshold; n_total=192; n_pos=79; n_neg=113,OOD_BIN_COMPLEXITY_BIN_COMPLEX_Q1,,
B,ablation,M2_TFIDF_PLUS_FLAGS,deployment_threshold,OOD,ood_test_injection,complexity_bin,complex_q1,170,86,84,0.5647,0.4696,0.999,0.999,0.9186,1.0,1.0,0.8605,118.0,169.2,0.4788,5.0368,metrics_ablation_bins_splitB__ood-ood_test_injection.csv,bin_eval=complexity_bin:complex_q1; stage=OOD; eval_track=deployment_threshold; n_total=170; n_pos=86; n_neg=84; ood_name=ood_test_injection,OOD_BIN_COMPLEXITY_BIN_COMPLEX_Q1,,
B,ablation,M2_TFIDF_PLUS_FLAGS,deployment_threshold,OOD,ood_test_injection_standard,complexity_bin,complex_q1,997,722,275,0.4664,0.4663,0.7943,0.6199,0.0097,0.0859,0.2105,0.669,214.0,263.4042,0.5877,4.9834,metrics_ablation_bins_splitB__ood-ood_test_injection_standard.csv,bin_eval=complexity_bin:complex_q1; stage=OOD; eval_track=deployment_threshold; n_total=997; n_pos=722; n_neg=275; ood_name=ood_test_injection_standard,OOD_BIN_COMPLEXITY_BIN_COMPLEX_Q1,,
B,ablation,M2_TFIDF_PLUS_FLAGS,ranking,OOD,,complexity_bin,complex_q1,192,79,113,0.6146,0.6135,0.6275,0.6787,0.1392,0.1899,0.3797,0.3165,11.5,13.8854,0.8824,4.7042,metrics_ablation_bins_splitB.csv,bin_eval=complexity_bin:complex_q1; stage=OOD; eval_track=ranking; n_total=192; n_pos=79; n_neg=113,OOD_BIN_COMPLEXITY_BIN_COMPLEX_Q1,,
B,ablation,M2_TFIDF_PLUS_FLAGS,ranking,OOD,ood_test_injection,complexity_bin,complex_q1,170,86,84,0.9941,0.9941,0.999,0.999,0.9186,1.0,1.0,0.0,118.0,169.2,0.4788,5.0368,metrics_ablation_bins_splitB__ood-ood_test_injection.csv,bin_eval=complexity_bin:complex_q1; stage=OOD; eval_track=ranking; n_total=170; n_pos=86; n_neg=84; ood_name=ood_test_injection,OOD_BIN_COMPLEXITY_BIN_COMPLEX_Q1,,
B,ablation,M2_TFIDF_PLUS_FLAGS,ranking,OOD,ood_test_injection_standard,complexity_bin,complex_q1,997,722,275,0.7252,0.4472,0.7943,0.6199,0.0097,0.0859,0.2105,0.0097,214.0,263.4042,0.5877,4.9834,metrics_ablation_bins_splitB__ood-ood_test_injection_standard.csv,bin_eval=complexity_bin:complex_q1; stage=OOD; eval_track=ranking; n_total=997; n_pos=722; n_neg=275; ood_name=ood_test_injection_standard,OOD_BIN_COMPLEXITY_BIN_COMPLEX_Q1,,
B,ablation,M3_TFIDF_PLUS_FLAGS_PLUS_IBVS_V1_TOTAL,deployment_threshold,OOD,,complexity_bin,complex_q1,192,79,113,0.6354,0.4921,0.669,0.6969,0.1266,0.3038,0.4177,0.8734,11.5,13.8854,0.8824,4.7042,metrics_ablation_bins_splitB.csv,bin_eval=complexity_bin:complex_q1; stage=OOD; eval_track=deployment_threshold; n_total=192; n_pos=79; n_neg=113,OOD_BIN_COMPLEXITY_BIN_COMPLEX_Q1,,
B,ablation,M3_TFIDF_PLUS_FLAGS_PLUS_IBVS_V1_TOTAL,deployment_threshold,OOD,ood_test_injection,complexity_bin,complex_q1,170,86,84,0.5118,0.3684,0.9993,0.9993,0.9419,1.0,1.0,0.9651,118.0,169.2,0.4788,5.0368,metrics_ablation_bins_splitB__ood-ood_test_injection.csv,bin_eval=complexity_bin:complex_q1; stage=OOD; eval_track=deployment_threshold; n_total=170; n_pos=86; n_neg=84; ood_name=ood_test_injection,OOD_BIN_COMPLEXITY_BIN_COMPLEX_Q1,,
B,ablation,M3_TFIDF_PLUS_FLAGS_PLUS_IBVS_V1_TOTAL,deployment_threshold,OOD,ood_test_injection_standard,complexity_bin,complex_q1,997,722,275,0.3501,0.3289,0.8037,0.6197,0.018,0.1274,0.2147,0.8809,214.0,263.4042,0.5877,4.9834,metrics_ablation_bins_splitB__ood-ood_test_injection_standard.csv,bin_eval=complexity_bin:complex_q1; stage=OOD; eval_track=deployment_threshold; n_total=997; n_pos=722; n_neg=275; ood_name=ood_test_injection_standard,OOD_BIN_COMPLEXITY_BIN_COMPLEX_Q1,,
B,ablation,M3_TFIDF_PLUS_FLAGS_PLUS_IBVS_V1_TOTAL,ranking,OOD,,complexity_bin,complex_q1,192,79,113,0.6406,0.6398,0.669,0.6969,0.1266,0.3038,0.4177,0.2785,11.5,13.8854,0.8824,4.7042,metrics_ablation_bins_splitB.csv,bin_eval=complexity_bin:complex_q1; stage=OOD; eval_track=ranking; n_total=192; n_pos=79; n_neg=113,OOD_BIN_COMPLEXITY_BIN_COMPLEX_Q1,,
B,ablation,M3_TFIDF_PLUS_FLAGS_PLUS_IBVS_V1_TOTAL,ranking,OOD,ood_test_injection,complexity_bin,complex_q1,170,86,84,0.9882,0.9882,0.9993,0.9993,0.9419,1.0,1.0,0.0116,118.0,169.2,0.4788,5.0368,metrics_ablation_bins_splitB__ood-ood_test_injection.csv,bin_eval=complexity_bin:complex_q1; stage=OOD; eval_track=ranking; n_total=170; n_pos=86; n_neg=84; ood_name=ood_test_injection,OOD_BIN_COMPLEXITY_BIN_COMPLEX_Q1,,
B,ablation,M3_TFIDF_PLUS_FLAGS_PLUS_IBVS_V1_TOTAL,ranking,OOD,ood_test_injection_standard,complexity_bin,complex_q1,997,722,275,0.7252,0.4472,0.8037,0.6197,0.018,0.1274,0.2147,0.0097,214.0,263.4042,0.5877,4.9834,metrics_ablation_bins_splitB__ood-ood_test_injection_standard.csv,bin_eval=complexity_bin:complex_q1; stage=OOD; eval_track=ranking; n_total=997; n_pos=722; n_neg=275; ood_name=ood_test_injection_standard,OOD_BIN_COMPLEXITY_BIN_COMPLEX_Q1,,
B,ablation,M3_TFIDF_PLUS_FLAGS_PLUS_IBVS_V2_STRUCTURED,deployment_threshold,OOD,,complexity_bin,complex_q1,192,79,113,0.651,0.5499,0.6416,0.6841,0.1139,0.2532,0.3924,0.7848,11.5,13.8854,0.8824,4.7042,metrics_ablation_bins_splitB.csv,bin_eval=complexity_bin:complex_q1; stage=OOD; eval_track=deployment_threshold; n_total=192; n_pos=79; n_neg=113,OOD_BIN_COMPLEXITY_BIN_COMPLEX_Q1,,
B,ablation,M3_TFIDF_PLUS_FLAGS_PLUS_IBVS_V2_STRUCTURED,deployment_threshold,OOD,ood_test_injection,complexity_bin,complex_q1,170,86,84,0.5706,0.4799,0.9989,0.9989,0.907,1.0,1.0,0.8488,118.0,169.2,0.4788,5.0368,metrics_ablation_bins_splitB__ood-ood_test_injection.csv,bin_eval=complexity_bin:complex_q1; stage=OOD; eval_track=deployment_threshold; n_total=170; n_pos=86; n_neg=84; ood_name=ood_test_injection,OOD_BIN_COMPLEXITY_BIN_COMPLEX_Q1,,
B,ablation,M3_TFIDF_PLUS_FLAGS_PLUS_IBVS_V2_STRUCTURED,deployment_threshold,OOD,ood_test_injection_standard,complexity_bin,complex_q1,997,722,275,0.5206,0.5139,0.8028,0.6325,0.0125,0.115,0.2382,0.5596,214.0,263.4042,0.5877,4.9834,metrics_ablation_bins_splitB__ood-ood_test_injection_standard.csv,bin_eval=complexity_bin:complex_q1; stage=OOD; eval_track=deployment_threshold; n_total=997; n_pos=722; n_neg=275; ood_name=ood_test_injection_standard,OOD_BIN_COMPLEXITY_BIN_COMPLEX_Q1,,
B,ablation,M3_TFIDF_PLUS_FLAGS_PLUS_IBVS_V2_STRUCTURED,ranking,OOD,,complexity_bin,complex_q1,192,79,113,0.6406,0.6363,0.6416,0.6841,0.1139,0.2532,0.3924,0.3544,11.5,13.8854,0.8824,4.7042,metrics_ablation_bins_splitB.csv,bin_eval=complexity_bin:complex_q1; stage=OOD; eval_track=ranking; n_total=192; n_pos=79; n_neg=113,OOD_BIN_COMPLEXITY_BIN_COMPLEX_Q1,,
B,ablation,M3_TFIDF_PLUS_FLAGS_PLUS_IBVS_V2_STRUCTURED,ranking,OOD,ood_test_injection,complexity_bin,complex_q1,170,86,84,0.9882,0.9882,0.9989,0.9989,0.907,1.0,1.0,0.0116,118.0,169.2,0.4788,5.0368,metrics_ablation_bins_splitB__ood-ood_test_injection.csv,bin_eval=complexity_bin:complex_q1; stage=OOD; eval_track=ranking; n_total=170; n_pos=86; n_neg=84; ood_name=ood_test_injection,OOD_BIN_COMPLEXITY_BIN_COMPLEX_Q1,,
B,ablation,M3_TFIDF_PLUS_FLAGS_PLUS_IBVS_V2_STRUCTURED,ranking,OOD,ood_test_injection_standard,complexity_bin,complex_q1,997,722,275,0.7242,0.456,0.8028,0.6325,0.0125,0.115,0.2382,0.0152,214.0,263.4042,0.5877,4.9834,metrics_ablation_bins_splitB__ood-ood_test_injection_standard.csv,bin_eval=complexity_bin:complex_q1; stage=OOD; eval_track=ranking; n_total=997; n_pos=722; n_neg=275; ood_name=ood_test_injection_standard,OOD_BIN_COMPLEXITY_BIN_COMPLEX_Q1,,
B,ablation,M3_TFIDF_PLUS_FLAGS_PLUS_IBVS_V2_TAILCAL,deployment_threshold,OOD,,complexity_bin,complex_q1,192,79,113,0.6562,0.5538,0.6339,0.6797,0.1139,0.2532,0.3671,0.7848,11.5,13.8854,0.8824,4.7042,metrics_ablation_bins_splitB.csv,bin_eval=complexity_bin:complex_q1; stage=OOD; eval_track=deployment_threshold; n_total=192; n_pos=79; n_neg=113,OOD_BIN_COMPLEXITY_BIN_COMPLEX_Q1,,
B,ablation,M3_TFIDF_PLUS_FLAGS_PLUS_IBVS_V2_TAILCAL,deployment_threshold,OOD,ood_test_injection,complexity_bin,complex_q1,170,86,84,0.6059,0.5384,0.9996,0.9996,0.9651,1.0,1.0,0.7791,118.0,169.2,0.4788,5.0368,metrics_ablation_bins_splitB__ood-ood_test_injection.csv,bin_eval=complexity_bin:complex_q1; stage=OOD; eval_track=deployment_threshold; n_total=170; n_pos=86; n_neg=84; ood_name=ood_test_injection,OOD_BIN_COMPLEXITY_BIN_COMPLEX_Q1,,
B,ablation,M3_TFIDF_PLUS_FLAGS_PLUS_IBVS_V2_TAILCAL,deployment_threshold,OOD,ood_test_injection_standard,complexity_bin,complex_q1,997,722,275,0.5025,0.5004,0.7945,0.6241,0.0083,0.097,0.1967,0.608,214.0,263.4042,0.5877,4.9834,metrics_ablation_bins_splitB__ood-ood_test_injection_standard.csv,bin_eval=complexity_bin:complex_q1; stage=OOD; eval_track=deployment_threshold; n_total=997; n_pos=722; n_neg=275; ood_name=ood_test_injection_standard,OOD_BIN_COMPLEXITY_BIN_COMPLEX_Q1,,
B,ablation,M3_TFIDF_PLUS_FLAGS_PLUS_IBVS_V2_TAILCAL,ranking,OOD,,complexity_bin,complex_q1,192,79,113,0.6302,0.6273,0.6339,0.6797,0.1139,0.2532,0.3671,0.3418,11.5,13.8854,0.8824,4.7042,metrics_ablation_bins_splitB.csv,bin_eval=complexity_bin:complex_q1; stage=OOD; eval_track=ranking; n_total=192; n_pos=79; n_neg=113,OOD_BIN_COMPLEXITY_BIN_COMPLEX_Q1,,
B,ablation,M3_TFIDF_PLUS_FLAGS_PLUS_IBVS_V2_TAILCAL,ranking,OOD,ood_test_injection,complexity_bin,complex_q1,170,86,84,0.9882,0.9882,0.9996,0.9996,0.9651,1.0,1.0,0.0116,118.0,169.2,0.4788,5.0368,metrics_ablation_bins_splitB__ood-ood_test_injection.csv,bin_eval=complexity_bin:complex_q1; stage=OOD; eval_track=ranking; n_total=170; n_pos=86; n_neg=84; ood_name=ood_test_injection,OOD_BIN_COMPLEXITY_BIN_COMPLEX_Q1,,
B,ablation,M3_TFIDF_PLUS_FLAGS_PLUS_IBVS_V2_TAILCAL,ranking,OOD,ood_test_injection_standard,complexity_bin,complex_q1,997,722,275,0.7232,0.4463,0.7945,0.6241,0.0083,0.097,0.1967,0.0125,214.0,263.4042,0.5877,4.9834,metrics_ablation_bins_splitB__ood-ood_test_injection_standard.csv,bin_eval=complexity_bin:complex_q1; stage=OOD; eval_track=ranking; n_total=997; n_pos=722; n_neg=275; ood_name=ood_test_injection_standard,OOD_BIN_COMPLEXITY_BIN_COMPLEX_Q1,,
B,ablation,M3_TFIDF_PLUS_FLAGS_PLUS_IBVS_V2_TOTAL,deployment_threshold,OOD,,complexity_bin,complex_q1,192,79,113,0.6354,0.5268,0.6303,0.684,0.1139,0.1772,0.3797,0.8101,11.5,13.8854,0.8824,4.7042,metrics_ablation_bins_splitB.csv,bin_eval=complexity_bin:complex_q1; stage=OOD; eval_track=deployment_threshold; n_total=192; n_pos=79; n_neg=113,OOD_BIN_COMPLEXITY_BIN_COMPLEX_Q1,,
B,ablation,M3_TFIDF_PLUS_FLAGS_PLUS_IBVS_V2_TOTAL,deployment_threshold,OOD,ood_test_injection,complexity_bin,complex_q1,170,86,84,0.6176,0.5568,0.9999,0.9999,0.9884,1.0,1.0,0.7558,118.0,169.2,0.4788,5.0368,metrics_ablation_bins_splitB__ood-ood_test_injection.csv,bin_eval=complexity_bin:complex_q1; stage=OOD; eval_track=deployment_threshold; n_total=170; n_pos=86; n_neg=84; ood_name=ood_test_injection,OOD_BIN_COMPLEXITY_BIN_COMPLEX_Q1,,
B,ablation,M3_TFIDF_PLUS_FLAGS_PLUS_IBVS_V2_TOTAL,deployment_threshold,OOD,ood_test_injection_standard,complexity_bin,complex_q1,997,722,275,0.5186,0.5118,0.7937,0.6124,0.0028,0.1011,0.223,0.5609,214.0,263.4042,0.5877,4.9834,metrics_ablation_bins_splitB__ood-ood_test_injection_standard.csv,bin_eval=complexity_bin:complex_q1; stage=OOD; eval_track=deployment_threshold; n_total=997; n_pos=722; n_neg=275; ood_name=ood_test_injection_standard,OOD_BIN_COMPLEXITY_BIN_COMPLEX_Q1,,
B,ablation,M3_TFIDF_PLUS_FLAGS_PLUS_IBVS_V2_TOTAL,ranking,OOD,,complexity_bin,complex_q1,192,79,113,0.625,0.6243,0.6303,0.684,0.1139,0.1772,0.3797,0.2911,11.5,13.8854,0.8824,4.7042,metrics_ablation_bins_splitB.csv,bin_eval=complexity_bin:complex_q1; stage=OOD; eval_track=ranking; n_total=192; n_pos=79; n_neg=113,OOD_BIN_COMPLEXITY_BIN_COMPLEX_Q1,,
B,ablation,M3_TFIDF_PLUS_FLAGS_PLUS_IBVS_V2_TOTAL,ranking,OOD,ood_test_injection,complexity_bin,complex_q1,170,86,84,0.9941,0.9941,0.9999,0.9999,0.9884,1.0,1.0,0.0,118.0,169.2,0.4788,5.0368,metrics_ablation_bins_splitB__ood-ood_test_injection.csv,bin_eval=complexity_bin:complex_q1; stage=OOD; eval_track=ranking; n_total=170; n_pos=86; n_neg=84; ood_name=ood_test_injection,OOD_BIN_COMPLEXITY_BIN_COMPLEX_Q1,,
B,ablation,M3_TFIDF_PLUS_FLAGS_PLUS_IBVS_V2_TOTAL,ranking,OOD,ood_test_injection_standard,complexity_bin,complex_q1,997,722,275,0.7242,0.4371,0.7937,0.6124,0.0028,0.1011,0.223,0.0069,214.0,263.4042,0.5877,4.9834,metrics_ablation_bins_splitB__ood-ood_test_injection_standard.csv,bin_eval=complexity_bin:complex_q1; stage=OOD; eval_track=ranking; n_total=997; n_pos=722; n_neg=275; ood_name=ood_test_injection_standard,OOD_BIN_COMPLEXITY_BIN_COMPLEX_Q1,,
B,ablation,M3_TFIDF_PLUS_FLAGS_PLUS_IBVS_V2_TRIPWIRE,deployment_threshold,OOD,,complexity_bin,complex_q1,192,79,113,0.6667,0.578,0.6581,0.6945,0.1139,0.2658,0.3797,0.7468,11.5,13.8854,0.8824,4.7042,metrics_ablation_bins_splitB.csv,bin_eval=complexity_bin:complex_q1; stage=OOD; eval_track=deployment_threshold; n_total=192; n_pos=79; n_neg=113,OOD_BIN_COMPLEXITY_BIN_COMPLEX_Q1,,
B,ablation,M3_TFIDF_PLUS_FLAGS_PLUS_IBVS_V2_TRIPWIRE,deployment_threshold,OOD,ood_test_injection,complexity_bin,complex_q1,170,86,84,0.5824,0.5,0.9989,0.9989,0.907,1.0,1.0,0.8256,118.0,169.2,0.4788,5.0368,metrics_ablation_bins_splitB__ood-ood_test_injection.csv,bin_eval=complexity_bin:complex_q1; stage=OOD; eval_track=deployment_threshold; n_total=170; n_pos=86; n_neg=84; ood_name=ood_test_injection,OOD_BIN_COMPLEXITY_BIN_COMPLEX_Q1,,
B,ablation,M3_TFIDF_PLUS_FLAGS_PLUS_IBVS_V2_TRIPWIRE,deployment_threshold,OOD,ood_test_injection_standard,complexity_bin,complex_q1,997,722,275,0.4935,0.4925,0.7972,0.6094,0.0194,0.133,0.2105,0.6288,214.0,263.4042,0.5877,4.9834,metrics_ablation_bins_splitB__ood-ood_test_injection_standard.csv,bin_eval=complexity_bin:complex_q1; stage=OOD; eval_track=deployment_threshold; n_total=997; n_pos=722; n_neg=275; ood_name=ood_test_injection_standard,OOD_BIN_COMPLEXITY_BIN_COMPLEX_Q1,,
B,ablation,M3_TFIDF_PLUS_FLAGS_PLUS_IBVS_V2_TRIPWIRE,ranking,OOD,,complexity_bin,complex_q1,192,79,113,0.6771,0.672,0.6581,0.6945,0.1139,0.2658,0.3797,0.3291,11.5,13.8854,0.8824,4.7042,metrics_ablation_bins_splitB.csv,bin_eval=complexity_bin:complex_q1; stage=OOD; eval_track=ranking; n_total=192; n_pos=79; n_neg=113,OOD_BIN_COMPLEXITY_BIN_COMPLEX_Q1,,
B,ablation,M3_TFIDF_PLUS_FLAGS_PLUS_IBVS_V2_TRIPWIRE,ranking,OOD,ood_test_injection,complexity_bin,complex_q1,170,86,84,0.9941,0.9941,0.9989,0.9989,0.907,1.0,1.0,0.0,118.0,169.2,0.4788,5.0368,metrics_ablation_bins_splitB__ood-ood_test_injection.csv,bin_eval=complexity_bin:complex_q1; stage=OOD; eval_track=ranking; n_total=170; n_pos=86; n_neg=84; ood_name=ood_test_injection,OOD_BIN_COMPLEXITY_BIN_COMPLEX_Q1,,
B,ablation,M3_TFIDF_PLUS_FLAGS_PLUS_IBVS_V2_TRIPWIRE,ranking,OOD,ood_test_injection_standard,complexity_bin,complex_q1,997,722,275,0.7252,0.4595,0.7972,0.6094,0.0194,0.133,0.2105,0.0152,214.0,263.4042,0.5877,4.9834,metrics_ablation_bins_splitB__ood-ood_test_injection_standard.csv,bin_eval=complexity_bin:complex_q1; stage=OOD; eval_track=ranking; n_total=997; n_pos=722; n_neg=275; ood_name=ood_test_injection_standard,OOD_BIN_COMPLEXITY_BIN_COMPLEX_Q1,,
B,hybrid,HYBRID_SEM_ANCHORED_IBVS_BOOST,deployment_threshold,OOD,,complexity_bin,complex_q1,192,79,113,0.7604,0.7364,0.7692,0.8297,0.1013,0.4177,0.5443,0.443,11.5,13.8854,0.8824,4.7042,metrics_hybrid_bins_splitB.csv,bin_eval=complexity_bin:complex_q1; stage=OOD; eval_track=deployment_threshold; n_total=192; n_pos=79; n_neg=113,OOD_BIN_COMPLEXITY_BIN_COMPLEX_Q1,,
B,hybrid,HYBRID_SEM_ANCHORED_IBVS_BOOST,deployment_threshold,OOD,ood_test_injection,complexity_bin,complex_q1,170,86,84,0.6882,0.6574,0.8686,0.8029,0.407,0.6628,0.686,0.6163,118.0,169.2,0.4788,5.0368,metrics_hybrid_bins_splitB__ood-ood_test_injection.csv,bin_eval=complexity_bin:complex_q1; stage=OOD; eval_track=deployment_threshold; n_total=170; n_pos=86; n_neg=84; ood_name=ood_test_injection,OOD_BIN_COMPLEXITY_BIN_COMPLEX_Q1,,
B,hybrid,HYBRID_SEM_ANCHORED_IBVS_BOOST,deployment_threshold,OOD,ood_test_injection_standard,complexity_bin,complex_q1,997,722,275,0.6861,0.6566,0.8647,0.7588,0.0443,0.1399,0.3227,0.3241,214.0,263.4042,0.5877,4.9834,metrics_hybrid_bins_splitB__ood-ood_test_injection_standard.csv,bin_eval=complexity_bin:complex_q1; stage=OOD; eval_track=deployment_threshold; n_total=997; n_pos=722; n_neg=275; ood_name=ood_test_injection_standard,OOD_BIN_COMPLEXITY_BIN_COMPLEX_Q1,,
B,hybrid,HYBRID_SEM_ANCHORED_IBVS_BOOST_V2,deployment_threshold,OOD,,complexity_bin,complex_q1,192,79,113,0.7604,0.7364,0.7692,0.8297,0.1013,0.4177,0.5443,0.443,11.5,13.8854,0.8824,4.7042,metrics_hybrid_bins_splitB.csv,bin_eval=complexity_bin:complex_q1; stage=OOD; eval_track=deployment_threshold; n_total=192; n_pos=79; n_neg=113,OOD_BIN_COMPLEXITY_BIN_COMPLEX_Q1,,
B,hybrid,HYBRID_SEM_ANCHORED_IBVS_BOOST_V2,deployment_threshold,OOD,ood_test_injection,complexity_bin,complex_q1,170,86,84,0.6882,0.6574,0.8695,0.8036,0.407,0.6744,0.686,0.6163,118.0,169.2,0.4788,5.0368,metrics_hybrid_bins_splitB__ood-ood_test_injection.csv,bin_eval=complexity_bin:complex_q1; stage=OOD; eval_track=deployment_threshold; n_total=170; n_pos=86; n_neg=84; ood_name=ood_test_injection,OOD_BIN_COMPLEXITY_BIN_COMPLEX_Q1,,
B,hybrid,HYBRID_SEM_ANCHORED_IBVS_BOOST_V2,deployment_threshold,OOD,ood_test_injection_standard,complexity_bin,complex_q1,997,722,275,0.6861,0.6566,0.8647,0.7588,0.0443,0.1399,0.3227,0.3241,214.0,263.4042,0.5877,4.9834,metrics_hybrid_bins_splitB__ood-ood_test_injection_standard.csv,bin_eval=complexity_bin:complex_q1; stage=OOD; eval_track=deployment_threshold; n_total=997; n_pos=722; n_neg=275; ood_name=ood_test_injection_standard,OOD_BIN_COMPLEXITY_BIN_COMPLEX_Q1,,
B,hybrid,HYBRID_SEM_ANCHORED_IBVS_VETO,deployment_threshold,OOD,,complexity_bin,complex_q1,192,79,113,0.7292,0.7277,0.7692,0.8297,0.1013,0.4177,0.5443,0.2025,11.5,13.8854,0.8824,4.7042,metrics_hybrid_bins_splitB.csv,bin_eval=complexity_bin:complex_q1; stage=OOD; eval_track=deployment_threshold; n_total=192; n_pos=79; n_neg=113,OOD_BIN_COMPLEXITY_BIN_COMPLEX_Q1,,
B,hybrid,HYBRID_SEM_ANCHORED_IBVS_VETO,deployment_threshold,OOD,ood_test_injection,complexity_bin,complex_q1,170,86,84,0.7941,0.7896,0.8686,0.8029,0.407,0.6628,0.686,0.3605,118.0,169.2,0.4788,5.0368,metrics_hybrid_bins_splitB__ood-ood_test_injection.csv,bin_eval=complexity_bin:complex_q1; stage=OOD; eval_track=deployment_threshold; n_total=170; n_pos=86; n_neg=84; ood_name=ood_test_injection,OOD_BIN_COMPLEXITY_BIN_COMPLEX_Q1,,
B,hybrid,HYBRID_SEM_ANCHORED_IBVS_VETO,deployment_threshold,OOD,ood_test_injection_standard,complexity_bin,complex_q1,997,722,275,0.7382,0.6837,0.8647,0.7588,0.0443,0.1399,0.3227,0.2036,214.0,263.4042,0.5877,4.9834,metrics_hybrid_bins_splitB__ood-ood_test_injection_standard.csv,bin_eval=complexity_bin:complex_q1; stage=OOD; eval_track=deployment_threshold; n_total=997; n_pos=722; n_neg=275; ood_name=ood_test_injection_standard,OOD_BIN_COMPLEXITY_BIN_COMPLEX_Q1,,
B,hybrid,HYBRID_SEM_EXPERT_GATE_M1_M3,deployment_threshold,OOD,,complexity_bin,complex_q1,192,79,113,0.7083,0.7037,0.7058,0.7696,0.0,0.0,0.4937,0.2911,11.5,13.8854,0.8824,4.7042,metrics_hybrid_bins_splitB.csv,bin_eval=complexity_bin:complex_q1; stage=OOD; eval_track=deployment_threshold; n_total=192; n_pos=79; n_neg=113,OOD_BIN_COMPLEXITY_BIN_COMPLEX_Q1,,
B,hybrid,HYBRID_SEM_EXPERT_GATE_M1_M3,deployment_threshold,OOD,ood_test_injection,complexity_bin,complex_q1,170,86,84,0.8176,0.8122,0.8578,0.8088,0.6744,0.6744,0.6744,0.3605,118.0,169.2,0.4788,5.0368,metrics_hybrid_bins_splitB__ood-ood_test_injection.csv,bin_eval=complexity_bin:complex_q1; stage=OOD; eval_track=deployment_threshold; n_total=170; n_pos=86; n_neg=84; ood_name=ood_test_injection,OOD_BIN_COMPLEXITY_BIN_COMPLEX_Q1,,
B,hybrid,HYBRID_SEM_EXPERT_GATE_M1_M3,deployment_threshold,OOD,ood_test_injection_standard,complexity_bin,complex_q1,997,722,275,0.7392,0.6786,0.8463,0.7302,0.0,0.0,0.0,0.1898,214.0,263.4042,0.5877,4.9834,metrics_hybrid_bins_splitB__ood-ood_test_injection_standard.csv,bin_eval=complexity_bin:complex_q1; stage=OOD; eval_track=deployment_threshold; n_total=997; n_pos=722; n_neg=275; ood_name=ood_test_injection_standard,OOD_BIN_COMPLEXITY_BIN_COMPLEX_Q1,,
B,hybrid,HYBRID_SEM_GATE_ELSE_M3_IBVS_V2,deployment_threshold,OOD,,complexity_bin,complex_q1,192,79,113,0.6927,0.6374,0.6108,0.6763,0.0886,0.1899,0.2785,0.6329,11.5,13.8854,0.8824,4.7042,metrics_hybrid_bins_splitB.csv,bin_eval=complexity_bin:complex_q1; stage=OOD; eval_track=deployment_threshold; n_total=192; n_pos=79; n_neg=113,OOD_BIN_COMPLEXITY_BIN_COMPLEX_Q1,,
B,hybrid,HYBRID_SEM_GATE_ELSE_M3_IBVS_V2,deployment_threshold,OOD,ood_test_injection,complexity_bin,complex_q1,170,86,84,0.6059,0.5384,0.9693,0.9625,0.814,0.8605,0.8721,0.7791,118.0,169.2,0.4788,5.0368,metrics_hybrid_bins_splitB__ood-ood_test_injection.csv,bin_eval=complexity_bin:complex_q1; stage=OOD; eval_track=deployment_threshold; n_total=170; n_pos=86; n_neg=84; ood_name=ood_test_injection,OOD_BIN_COMPLEXITY_BIN_COMPLEX_Q1,,
B,hybrid,HYBRID_SEM_GATE_ELSE_M3_IBVS_V2,deployment_threshold,OOD,ood_test_injection_standard,complexity_bin,complex_q1,997,722,275,0.5908,0.5752,0.8052,0.6541,0.0055,0.1108,0.223,0.4598,214.0,263.4042,0.5877,4.9834,metrics_hybrid_bins_splitB__ood-ood_test_injection_standard.csv,bin_eval=complexity_bin:complex_q1; stage=OOD; eval_track=deployment_threshold; n_total=997; n_pos=722; n_neg=275; ood_name=ood_test_injection_standard,OOD_BIN_COMPLEXITY_BIN_COMPLEX_Q1,,
B,hybrid,HYBRID_SEM_LEARNED_META_FUSION,deployment_threshold,OOD,,complexity_bin,complex_q1,192,79,113,0.7448,0.737,0.7569,0.8071,0.0,0.481,0.5949,0.3038,11.5,13.8854,0.8824,4.7042,metrics_hybrid_bins_splitB.csv,bin_eval=complexity_bin:complex_q1; stage=OOD; eval_track=deployment_threshold; n_total=192; n_pos=79; n_neg=113,OOD_BIN_COMPLEXITY_BIN_COMPLEX_Q1,,
B,hybrid,HYBRID_SEM_LEARNED_META_FUSION,deployment_threshold,OOD,ood_test_injection,complexity_bin,complex_q1,170,86,84,0.8176,0.8122,0.9082,0.8404,0.686,0.814,0.814,0.3605,118.0,169.2,0.4788,5.0368,metrics_hybrid_bins_splitB__ood-ood_test_injection.csv,bin_eval=complexity_bin:complex_q1; stage=OOD; eval_track=deployment_threshold; n_total=170; n_pos=86; n_neg=84; ood_name=ood_test_injection,OOD_BIN_COMPLEXITY_BIN_COMPLEX_Q1,,
B,hybrid,HYBRID_SEM_LEARNED_META_FUSION,deployment_threshold,OOD,ood_test_injection_standard,complexity_bin,complex_q1,997,722,275,0.7452,0.6906,0.8633,0.7576,0.0,0.0,0.0,0.1953,214.0,263.4042,0.5877,4.9834,metrics_hybrid_bins_splitB__ood-ood_test_injection_standard.csv,bin_eval=complexity_bin:complex_q1; stage=OOD; eval_track=deployment_threshold; n_total=997; n_pos=722; n_neg=275; ood_name=ood_test_injection_standard,OOD_BIN_COMPLEXITY_BIN_COMPLEX_Q1,,
B,semantic,SEM_LOGREG_BGE,deployment_threshold,OOD,ood_test,complexity_bin,complex_q1,192,79,113,0.7292,0.7277,0.7692,0.8297,0.1013,0.4177,0.5443,0.2025,11.5,13.8854,0.8824,4.7042,metrics_semantic_bins_splitB.csv,bin_eval=complexity_bin:complex_q1; stage=OOD; eval_track=deployment_threshold; n_total=192; n_pos=79; n_neg=113; ood_name=ood_test,OOD_BIN_COMPLEXITY_BIN_COMPLEX_Q1,,
B,semantic,SEM_LOGREG_BGE,deployment_threshold,OOD,ood_test_injection,complexity_bin,complex_q1,170,86,84,0.7941,0.7896,0.8686,0.8029,0.407,0.6628,0.686,0.3605,118.0,169.2,0.4788,5.0368,metrics_semantic_bins_splitB__ood-ood_test_injection.csv,bin_eval=complexity_bin:complex_q1; stage=OOD; eval_track=deployment_threshold; n_total=170; n_pos=86; n_neg=84; ood_name=ood_test_injection,OOD_BIN_COMPLEXITY_BIN_COMPLEX_Q1,,
B,semantic,SEM_LOGREG_BGE,deployment_threshold,OOD,ood_test_injection_standard,complexity_bin,complex_q1,997,722,275,0.7382,0.6837,0.8647,0.7588,0.0443,0.1399,0.3227,0.2036,214.0,263.4042,0.5877,4.9834,metrics_semantic_bins_splitB__ood-ood_test_injection_standard.csv,bin_eval=complexity_bin:complex_q1; stage=OOD; eval_track=deployment_threshold; n_total=997; n_pos=722; n_neg=275; ood_name=ood_test_injection_standard,OOD_BIN_COMPLEXITY_BIN_COMPLEX_Q1,,
B,ablation,M1_TFIDF_ONLY,deployment_threshold,OOD,,complexity_bin,complex_q2,192,93,99,0.6198,0.5423,0.7975,0.7588,0.2796,0.3548,0.5054,0.7849,14.0,14.2865,0.9474,5.0,metrics_ablation_bins_splitB.csv,bin_eval=complexity_bin:complex_q2; stage=OOD; eval_track=deployment_threshold; n_total=192; n_pos=93; n_neg=99,OOD_BIN_COMPLEXITY_BIN_COMPLEX_Q2,,
B,ablation,M1_TFIDF_ONLY,deployment_threshold,OOD,ood_test_injection_standard,complexity_bin,complex_q2,996,567,429,0.6275,0.6067,0.6615,0.634,0.0176,0.0917,0.1693,0.2469,126.0,127.8896,0.7008,5.1217,metrics_ablation_bins_splitB__ood-ood_test_injection_standard.csv,bin_eval=complexity_bin:complex_q2; stage=OOD; eval_track=deployment_threshold; n_total=996; n_pos=567; n_neg=429; ood_name=ood_test_injection_standard,OOD_BIN_COMPLEXITY_BIN_COMPLEX_Q2,,
B,ablation,M1_TFIDF_ONLY,ranking,OOD,,complexity_bin,complex_q2,192,93,99,0.6719,0.6693,0.7975,0.7588,0.2796,0.3548,0.5054,0.2151,14.0,14.2865,0.9474,5.0,metrics_ablation_bins_splitB.csv,bin_eval=complexity_bin:complex_q2; stage=OOD; eval_track=ranking; n_total=192; n_pos=93; n_neg=99,OOD_BIN_COMPLEXITY_BIN_COMPLEX_Q2,,
B,ablation,M1_TFIDF_ONLY,ranking,OOD,ood_test_injection_standard,complexity_bin,complex_q2,996,567,429,0.5994,0.4453,0.6615,0.634,0.0176,0.0917,0.1693,0.0106,126.0,127.8896,0.7008,5.1217,metrics_ablation_bins_splitB__ood-ood_test_injection_standard.csv,bin_eval=complexity_bin:complex_q2; stage=OOD; eval_track=ranking; n_total=996; n_pos=567; n_neg=429; ood_name=ood_test_injection_standard,OOD_BIN_COMPLEXITY_BIN_COMPLEX_Q2,,
B,ablation,M2_TFIDF_PLUS_FLAGS,deployment_threshold,OOD,,complexity_bin,complex_q2,192,93,99,0.6354,0.5795,0.7942,0.806,0.043,0.3118,0.4624,0.7204,14.0,14.2865,0.9474,5.0,metrics_ablation_bins_splitB.csv,bin_eval=complexity_bin:complex_q2; stage=OOD; eval_track=deployment_threshold; n_total=192; n_pos=93; n_neg=99,OOD_BIN_COMPLEXITY_BIN_COMPLEX_Q2,,
B,ablation,M2_TFIDF_PLUS_FLAGS,deployment_threshold,OOD,ood_test_injection_standard,complexity_bin,complex_q2,996,567,429,0.4869,0.4614,0.6288,0.5757,0.0194,0.0935,0.1464,0.7637,126.0,127.8896,0.7008,5.1217,metrics_ablation_bins_splitB__ood-ood_test_injection_standard.csv,bin_eval=complexity_bin:complex_q2; stage=OOD; eval_track=deployment_threshold; n_total=996; n_pos=567; n_neg=429; ood_name=ood_test_injection_standard,OOD_BIN_COMPLEXITY_BIN_COMPLEX_Q2,,
B,ablation,M2_TFIDF_PLUS_FLAGS,ranking,OOD,,complexity_bin,complex_q2,192,93,99,0.724,0.723,0.7942,0.806,0.043,0.3118,0.4624,0.1935,14.0,14.2865,0.9474,5.0,metrics_ablation_bins_splitB.csv,bin_eval=complexity_bin:complex_q2; stage=OOD; eval_track=ranking; n_total=192; n_pos=93; n_neg=99,OOD_BIN_COMPLEXITY_BIN_COMPLEX_Q2,,
B,ablation,M2_TFIDF_PLUS_FLAGS,ranking,OOD,ood_test_injection_standard,complexity_bin,complex_q2,996,567,429,0.5753,0.4013,0.6288,0.5757,0.0194,0.0935,0.1464,0.0212,126.0,127.8896,0.7008,5.1217,metrics_ablation_bins_splitB__ood-ood_test_injection_standard.csv,bin_eval=complexity_bin:complex_q2; stage=OOD; eval_track=ranking; n_total=996; n_pos=567; n_neg=429; ood_name=ood_test_injection_standard,OOD_BIN_COMPLEXITY_BIN_COMPLEX_Q2,,
B,ablation,M3_TFIDF_PLUS_FLAGS_PLUS_IBVS_V1_TOTAL,deployment_threshold,OOD,,complexity_bin,complex_q2,192,93,99,0.5677,0.4623,0.7797,0.8107,0.0108,0.3118,0.4839,0.871,14.0,14.2865,0.9474,5.0,metrics_ablation_bins_splitB.csv,bin_eval=complexity_bin:complex_q2; stage=OOD; eval_track=deployment_threshold; n_total=192; n_pos=93; n_neg=99,OOD_BIN_COMPLEXITY_BIN_COMPLEX_Q2,,
B,ablation,M3_TFIDF_PLUS_FLAGS_PLUS_IBVS_V1_TOTAL,deployment_threshold,OOD,ood_test_injection_standard,complexity_bin,complex_q2,996,567,429,0.4548,0.3692,0.6274,0.5737,0.0229,0.0847,0.1552,0.9242,126.0,127.8896,0.7008,5.1217,metrics_ablation_bins_splitB__ood-ood_test_injection_standard.csv,bin_eval=complexity_bin:complex_q2; stage=OOD; eval_track=deployment_threshold; n_total=996; n_pos=567; n_neg=429; ood_name=ood_test_injection_standard,OOD_BIN_COMPLEXITY_BIN_COMPLEX_Q2,,
B,ablation,M3_TFIDF_PLUS_FLAGS_PLUS_IBVS_V1_TOTAL,ranking,OOD,,complexity_bin,complex_q2,192,93,99,0.7031,0.7008,0.7797,0.8107,0.0108,0.3118,0.4839,0.1828,14.0,14.2865,0.9474,5.0,metrics_ablation_bins_splitB.csv,bin_eval=complexity_bin:complex_q2; stage=OOD; eval_track=ranking; n_total=192; n_pos=93; n_neg=99,OOD_BIN_COMPLEXITY_BIN_COMPLEX_Q2,,
B,ablation,M3_TFIDF_PLUS_FLAGS_PLUS_IBVS_V1_TOTAL,ranking,OOD,ood_test_injection_standard,complexity_bin,complex_q2,996,567,429,0.5813,0.4115,0.6274,0.5737,0.0229,0.0847,0.1552,0.0176,126.0,127.8896,0.7008,5.1217,metrics_ablation_bins_splitB__ood-ood_test_injection_standard.csv,bin_eval=complexity_bin:complex_q2; stage=OOD; eval_track=ranking; n_total=996; n_pos=567; n_neg=429; ood_name=ood_test_injection_standard,OOD_BIN_COMPLEXITY_BIN_COMPLEX_Q2,,
B,ablation,M3_TFIDF_PLUS_FLAGS_PLUS_IBVS_V2_STRUCTURED,deployment_threshold,OOD,,complexity_bin,complex_q2,192,93,99,0.651,0.5993,0.8132,0.8142,0.0753,0.3763,0.5269,0.6989,14.0,14.2865,0.9474,5.0,metrics_ablation_bins_splitB.csv,bin_eval=complexity_bin:complex_q2; stage=OOD; eval_track=deployment_threshold; n_total=192; n_pos=93; n_neg=99,OOD_BIN_COMPLEXITY_BIN_COMPLEX_Q2,,
B,ablation,M3_TFIDF_PLUS_FLAGS_PLUS_IBVS_V2_STRUCTURED,deployment_threshold,OOD,ood_test_injection_standard,complexity_bin,complex_q2,996,567,429,0.509,0.4975,0.6429,0.5885,0.0212,0.1005,0.1658,0.6861,126.0,127.8896,0.7008,5.1217,metrics_ablation_bins_splitB__ood-ood_test_injection_standard.csv,bin_eval=complexity_bin:complex_q2; stage=OOD; eval_track=deployment_threshold; n_total=996; n_pos=567; n_neg=429; ood_name=ood_test_injection_standard,OOD_BIN_COMPLEXITY_BIN_COMPLEX_Q2,,
B,ablation,M3_TFIDF_PLUS_FLAGS_PLUS_IBVS_V2_STRUCTURED,ranking,OOD,,complexity_bin,complex_q2,192,93,99,0.7396,0.7395,0.8132,0.8142,0.0753,0.3763,0.5269,0.2151,14.0,14.2865,0.9474,5.0,metrics_ablation_bins_splitB.csv,bin_eval=complexity_bin:complex_q2; stage=OOD; eval_track=ranking; n_total=192; n_pos=93; n_neg=99,OOD_BIN_COMPLEXITY_BIN_COMPLEX_Q2,,
B,ablation,M3_TFIDF_PLUS_FLAGS_PLUS_IBVS_V2_STRUCTURED,ranking,OOD,ood_test_injection_standard,complexity_bin,complex_q2,996,567,429,0.5813,0.4202,0.6429,0.5885,0.0212,0.1005,0.1658,0.0265,126.0,127.8896,0.7008,5.1217,metrics_ablation_bins_splitB__ood-ood_test_injection_standard.csv,bin_eval=complexity_bin:complex_q2; stage=OOD; eval_track=ranking; n_total=996; n_pos=567; n_neg=429; ood_name=ood_test_injection_standard,OOD_BIN_COMPLEXITY_BIN_COMPLEX_Q2,,
B,ablation,M3_TFIDF_PLUS_FLAGS_PLUS_IBVS_V2_TAILCAL,deployment_threshold,OOD,,complexity_bin,complex_q2,192,93,99,0.6406,0.5873,0.8037,0.8089,0.0645,0.3441,0.5269,0.7097,14.0,14.2865,0.9474,5.0,metrics_ablation_bins_splitB.csv,bin_eval=complexity_bin:complex_q2; stage=OOD; eval_track=deployment_threshold; n_total=192; n_pos=93; n_neg=99,OOD_BIN_COMPLEXITY_BIN_COMPLEX_Q2,,
B,ablation,M3_TFIDF_PLUS_FLAGS_PLUS_IBVS_V2_TAILCAL,deployment_threshold,OOD,ood_test_injection_standard,complexity_bin,complex_q2,996,567,429,0.5151,0.5,0.6341,0.5768,0.0159,0.0794,0.1517,0.7002,126.0,127.8896,0.7008,5.1217,metrics_ablation_bins_splitB__ood-ood_test_injection_standard.csv,bin_eval=complexity_bin:complex_q2; stage=OOD; eval_track=deployment_threshold; n_total=996; n_pos=567; n_neg=429; ood_name=ood_test_injection_standard,OOD_BIN_COMPLEXITY_BIN_COMPLEX_Q2,,
B,ablation,M3_TFIDF_PLUS_FLAGS_PLUS_IBVS_V2_TAILCAL,ranking,OOD,,complexity_bin,complex_q2,192,93,99,0.7448,0.7445,0.8037,0.8089,0.0645,0.3441,0.5269,0.1935,14.0,14.2865,0.9474,5.0,metrics_ablation_bins_splitB.csv,bin_eval=complexity_bin:complex_q2; stage=OOD; eval_track=ranking; n_total=192; n_pos=93; n_neg=99,OOD_BIN_COMPLEXITY_BIN_COMPLEX_Q2,,
B,ablation,M3_TFIDF_PLUS_FLAGS_PLUS_IBVS_V2_TAILCAL,ranking,OOD,ood_test_injection_standard,complexity_bin,complex_q2,996,567,429,0.5763,0.4124,0.6341,0.5768,0.0159,0.0794,0.1517,0.03,126.0,127.8896,0.7008,5.1217,metrics_ablation_bins_splitB__ood-ood_test_injection_standard.csv,bin_eval=complexity_bin:complex_q2; stage=OOD; eval_track=ranking; n_total=996; n_pos=567; n_neg=429; ood_name=ood_test_injection_standard,OOD_BIN_COMPLEXITY_BIN_COMPLEX_Q2,,
B,ablation,M3_TFIDF_PLUS_FLAGS_PLUS_IBVS_V2_TOTAL,deployment_threshold,OOD,,complexity_bin,complex_q2,192,93,99,0.6354,0.5758,0.8186,0.8151,0.1183,0.3548,0.5054,0.7312,14.0,14.2865,0.9474,5.0,metrics_ablation_bins_splitB.csv,bin_eval=complexity_bin:complex_q2; stage=OOD; eval_track=deployment_threshold; n_total=192; n_pos=93; n_neg=99,OOD_BIN_COMPLEXITY_BIN_COMPLEX_Q2,,
B,ablation,M3_TFIDF_PLUS_FLAGS_PLUS_IBVS_V2_TOTAL,deployment_threshold,OOD,ood_test_injection_standard,complexity_bin,complex_q2,996,567,429,0.5371,0.5304,0.6462,0.5914,0.0194,0.0917,0.1834,0.6332,126.0,127.8896,0.7008,5.1217,metrics_ablation_bins_splitB__ood-ood_test_injection_standard.csv,bin_eval=complexity_bin:complex_q2; stage=OOD; eval_track=deployment_threshold; n_total=996; n_pos=567; n_neg=429; ood_name=ood_test_injection_standard,OOD_BIN_COMPLEXITY_BIN_COMPLEX_Q2,,
B,ablation,M3_TFIDF_PLUS_FLAGS_PLUS_IBVS_V2_TOTAL,ranking,OOD,,complexity_bin,complex_q2,192,93,99,0.724,0.7227,0.8186,0.8151,0.1183,0.3548,0.5054,0.1828,14.0,14.2865,0.9474,5.0,metrics_ablation_bins_splitB.csv,bin_eval=complexity_bin:complex_q2; stage=OOD; eval_track=ranking; n_total=192; n_pos=93; n_neg=99,OOD_BIN_COMPLEXITY_BIN_COMPLEX_Q2,,
B,ablation,M3_TFIDF_PLUS_FLAGS_PLUS_IBVS_V2_TOTAL,ranking,OOD,ood_test_injection_standard,complexity_bin,complex_q2,996,567,429,0.5773,0.3985,0.6462,0.5914,0.0194,0.0917,0.1834,0.0141,126.0,127.8896,0.7008,5.1217,metrics_ablation_bins_splitB__ood-ood_test_injection_standard.csv,bin_eval=complexity_bin:complex_q2; stage=OOD; eval_track=ranking; n_total=996; n_pos=567; n_neg=429; ood_name=ood_test_injection_standard,OOD_BIN_COMPLEXITY_BIN_COMPLEX_Q2,,
B,ablation,M3_TFIDF_PLUS_FLAGS_PLUS_IBVS_V2_TRIPWIRE,deployment_threshold,OOD,,complexity_bin,complex_q2,192,93,99,0.651,0.6027,0.8121,0.8204,0.0645,0.3333,0.4624,0.6882,14.0,14.2865,0.9474,5.0,metrics_ablation_bins_splitB.csv,bin_eval=complexity_bin:complex_q2; stage=OOD; eval_track=deployment_threshold; n_total=192; n_pos=93; n_neg=99,OOD_BIN_COMPLEXITY_BIN_COMPLEX_Q2,,
B,ablation,M3_TFIDF_PLUS_FLAGS_PLUS_IBVS_V2_TRIPWIRE,deployment_threshold,OOD,ood_test_injection_standard,complexity_bin,complex_q2,996,567,429,0.51,0.4931,0.6306,0.5737,0.0141,0.0811,0.1534,0.7125,126.0,127.8896,0.7008,5.1217,metrics_ablation_bins_splitB__ood-ood_test_injection_standard.csv,bin_eval=complexity_bin:complex_q2; stage=OOD; eval_track=deployment_threshold; n_total=996; n_pos=567; n_neg=429; ood_name=ood_test_injection_standard,OOD_BIN_COMPLEXITY_BIN_COMPLEX_Q2,,
B,ablation,M3_TFIDF_PLUS_FLAGS_PLUS_IBVS_V2_TRIPWIRE,ranking,OOD,,complexity_bin,complex_q2,192,93,99,0.7604,0.7603,0.8121,0.8204,0.0645,0.3333,0.4624,0.1935,14.0,14.2865,0.9474,5.0,metrics_ablation_bins_splitB.csv,bin_eval=complexity_bin:complex_q2; stage=OOD; eval_track=ranking; n_total=192; n_pos=93; n_neg=99,OOD_BIN_COMPLEXITY_BIN_COMPLEX_Q2,,
B,ablation,M3_TFIDF_PLUS_FLAGS_PLUS_IBVS_V2_TRIPWIRE,ranking,OOD,ood_test_injection_standard,complexity_bin,complex_q2,996,567,429,0.5773,0.4112,0.6306,0.5737,0.0141,0.0811,0.1534,0.0265,126.0,127.8896,0.7008,5.1217,metrics_ablation_bins_splitB__ood-ood_test_injection_standard.csv,bin_eval=complexity_bin:complex_q2; stage=OOD; eval_track=ranking; n_total=996; n_pos=567; n_neg=429; ood_name=ood_test_injection_standard,OOD_BIN_COMPLEXITY_BIN_COMPLEX_Q2,,
B,hybrid,HYBRID_SEM_ANCHORED_IBVS_BOOST,deployment_threshold,OOD,,complexity_bin,complex_q2,192,93,99,0.7708,0.7666,0.8499,0.8522,0.1935,0.3548,0.5376,0.3441,14.0,14.2865,0.9474,5.0,metrics_hybrid_bins_splitB.csv,bin_eval=complexity_bin:complex_q2; stage=OOD; eval_track=deployment_threshold; n_total=192; n_pos=93; n_neg=99,OOD_BIN_COMPLEXITY_BIN_COMPLEX_Q2,,
B,hybrid,HYBRID_SEM_ANCHORED_IBVS_BOOST,deployment_threshold,OOD,ood_test_injection_standard,complexity_bin,complex_q2,996,567,429,0.6155,0.6126,0.7187,0.6737,0.0265,0.1958,0.2575,0.3845,126.0,127.8896,0.7008,5.1217,metrics_hybrid_bins_splitB__ood-ood_test_injection_standard.csv,bin_eval=complexity_bin:complex_q2; stage=OOD; eval_track=deployment_threshold; n_total=996; n_pos=567; n_neg=429; ood_name=ood_test_injection_standard,OOD_BIN_COMPLEXITY_BIN_COMPLEX_Q2,,
B,hybrid,HYBRID_SEM_ANCHORED_IBVS_BOOST_V2,deployment_threshold,OOD,,complexity_bin,complex_q2,192,93,99,0.7708,0.7666,0.8499,0.8522,0.1935,0.3548,0.5376,0.3441,14.0,14.2865,0.9474,5.0,metrics_hybrid_bins_splitB.csv,bin_eval=complexity_bin:complex_q2; stage=OOD; eval_track=deployment_threshold; n_total=192; n_pos=93; n_neg=99,OOD_BIN_COMPLEXITY_BIN_COMPLEX_Q2,,
B,hybrid,HYBRID_SEM_ANCHORED_IBVS_BOOST_V2,deployment_threshold,OOD,ood_test_injection_standard,complexity_bin,complex_q2,996,567,429,0.6155,0.6126,0.7187,0.6737,0.0265,0.1958,0.2575,0.3845,126.0,127.8896,0.7008,5.1217,metrics_hybrid_bins_splitB__ood-ood_test_injection_standard.csv,bin_eval=complexity_bin:complex_q2; stage=OOD; eval_track=deployment_threshold; n_total=996; n_pos=567; n_neg=429; ood_name=ood_test_injection_standard,OOD_BIN_COMPLEXITY_BIN_COMPLEX_Q2,,
B,hybrid,HYBRID_SEM_ANCHORED_IBVS_VETO,deployment_threshold,OOD,,complexity_bin,complex_q2,192,93,99,0.7708,0.7702,0.8499,0.8522,0.1935,0.3548,0.5376,0.1505,14.0,14.2865,0.9474,5.0,metrics_hybrid_bins_splitB.csv,bin_eval=complexity_bin:complex_q2; stage=OOD; eval_track=deployment_threshold; n_total=192; n_pos=93; n_neg=99,OOD_BIN_COMPLEXITY_BIN_COMPLEX_Q2,,
B,hybrid,HYBRID_SEM_ANCHORED_IBVS_VETO,deployment_threshold,OOD,ood_test_injection_standard,complexity_bin,complex_q2,996,567,429,0.6486,0.6216,0.7187,0.6737,0.0265,0.1958,0.2575,0.1958,126.0,127.8896,0.7008,5.1217,metrics_hybrid_bins_splitB__ood-ood_test_injection_standard.csv,bin_eval=complexity_bin:complex_q2; stage=OOD; eval_track=deployment_threshold; n_total=996; n_pos=567; n_neg=429; ood_name=ood_test_injection_standard,OOD_BIN_COMPLEXITY_BIN_COMPLEX_Q2,,
B,hybrid,HYBRID_SEM_EXPERT_GATE_M1_M3,deployment_threshold,OOD,,complexity_bin,complex_q2,192,93,99,0.776,0.776,0.7778,0.8223,0.0,0.0,0.0,0.1935,14.0,14.2865,0.9474,5.0,metrics_hybrid_bins_splitB.csv,bin_eval=complexity_bin:complex_q2; stage=OOD; eval_track=deployment_threshold; n_total=192; n_pos=93; n_neg=99,OOD_BIN_COMPLEXITY_BIN_COMPLEX_Q2,,
B,hybrid,HYBRID_SEM_EXPERT_GATE_M1_M3,deployment_threshold,OOD,ood_test_injection_standard,complexity_bin,complex_q2,996,567,429,0.6476,0.6199,0.6787,0.6615,0.0,0.0,0.0,0.194,126.0,127.8896,0.7008,5.1217,metrics_hybrid_bins_splitB__ood-ood_test_injection_standard.csv,bin_eval=complexity_bin:complex_q2; stage=OOD; eval_track=deployment_threshold; n_total=996; n_pos=567; n_neg=429; ood_name=ood_test_injection_standard,OOD_BIN_COMPLEXITY_BIN_COMPLEX_Q2,,
B,hybrid,HYBRID_SEM_GATE_ELSE_M3_IBVS_V2,deployment_threshold,OOD,,complexity_bin,complex_q2,192,93,99,0.724,0.7064,0.7321,0.7665,0.0753,0.1828,0.2258,0.5054,14.0,14.2865,0.9474,5.0,metrics_hybrid_bins_splitB.csv,bin_eval=complexity_bin:complex_q2; stage=OOD; eval_track=deployment_threshold; n_total=192; n_pos=93; n_neg=99,OOD_BIN_COMPLEXITY_BIN_COMPLEX_Q2,,
B,hybrid,HYBRID_SEM_GATE_ELSE_M3_IBVS_V2,deployment_threshold,OOD,ood_test_injection_standard,complexity_bin,complex_q2,996,567,429,0.5863,0.5861,0.6015,0.5328,0.0159,0.0847,0.1323,0.5062,126.0,127.8896,0.7008,5.1217,metrics_hybrid_bins_splitB__ood-ood_test_injection_standard.csv,bin_eval=complexity_bin:complex_q2; stage=OOD; eval_track=deployment_threshold; n_total=996; n_pos=567; n_neg=429; ood_name=ood_test_injection_standard,OOD_BIN_COMPLEXITY_BIN_COMPLEX_Q2,,
B,hybrid,HYBRID_SEM_LEARNED_META_FUSION,deployment_threshold,OOD,,complexity_bin,complex_q2,192,93,99,0.776,0.7757,0.8093,0.8407,0.0,0.0,0.6882,0.2366,14.0,14.2865,0.9474,5.0,metrics_hybrid_bins_splitB.csv,bin_eval=complexity_bin:complex_q2; stage=OOD; eval_track=deployment_threshold; n_total=192; n_pos=93; n_neg=99,OOD_BIN_COMPLEXITY_BIN_COMPLEX_Q2,,
B,hybrid,HYBRID_SEM_LEARNED_META_FUSION,deployment_threshold,OOD,ood_test_injection_standard,complexity_bin,complex_q2,996,567,429,0.6496,0.6229,0.6799,0.66,0.0,0.0,0.0,0.1958,126.0,127.8896,0.7008,5.1217,metrics_hybrid_bins_splitB__ood-ood_test_injection_standard.csv,bin_eval=complexity_bin:complex_q2; stage=OOD; eval_track=deployment_threshold; n_total=996; n_pos=567; n_neg=429; ood_name=ood_test_injection_standard,OOD_BIN_COMPLEXITY_BIN_COMPLEX_Q2,,
B,semantic,SEM_LOGREG_BGE,deployment_threshold,OOD,ood_test,complexity_bin,complex_q2,192,93,99,0.7708,0.7702,0.8499,0.8522,0.1935,0.3548,0.5376,0.1505,14.0,14.2865,0.9474,5.0,metrics_semantic_bins_splitB.csv,bin_eval=complexity_bin:complex_q2; stage=OOD; eval_track=deployment_threshold; n_total=192; n_pos=93; n_neg=99; ood_name=ood_test,OOD_BIN_COMPLEXITY_BIN_COMPLEX_Q2,,
B,semantic,SEM_LOGREG_BGE,deployment_threshold,OOD,ood_test_injection_standard,complexity_bin,complex_q2,996,567,429,0.6486,0.6216,0.7187,0.6737,0.0265,0.1958,0.2575,0.1958,126.0,127.8896,0.7008,5.1217,metrics_semantic_bins_splitB__ood-ood_test_injection_standard.csv,bin_eval=complexity_bin:complex_q2; stage=OOD; eval_track=deployment_threshold; n_total=996; n_pos=567; n_neg=429; ood_name=ood_test_injection_standard,OOD_BIN_COMPLEXITY_BIN_COMPLEX_Q2,,
B,ablation,M1_TFIDF_ONLY,deployment_threshold,OOD,,complexity_bin,complex_q3,192,20,172,0.9167,0.67,0.5353,0.868,0.25,0.45,0.65,0.75,9.0,9.2917,1.0,5.0,metrics_ablation_bins_splitB.csv,bin_eval=complexity_bin:complex_q3; stage=OOD; eval_track=deployment_threshold; n_total=192; n_pos=20; n_neg=172,OOD_BIN_COMPLEXITY_BIN_COMPLEX_Q3,,
B,ablation,M1_TFIDF_ONLY,deployment_threshold,OOD,ood_test_injection,complexity_bin,complex_q3,169,81,88,0.7337,0.7307,0.8479,0.8461,0.284,0.4568,0.5556,0.3457,28.0,62.9645,0.8462,5.401,metrics_ablation_bins_splitB__ood-ood_test_injection.csv,bin_eval=complexity_bin:complex_q3; stage=OOD; eval_track=deployment_threshold; n_total=169; n_pos=81; n_neg=88; ood_name=ood_test_injection,OOD_BIN_COMPLEXITY_BIN_COMPLEX_Q3,,
B,ablation,M1_TFIDF_ONLY,deployment_threshold,OOD,ood_test_injection_standard,complexity_bin,complex_q3,996,505,491,0.6175,0.6174,0.6451,0.6674,0.0198,0.1366,0.2257,0.4,85.0,81.0241,0.7857,5.047,metrics_ablation_bins_splitB__ood-ood_test_injection_standard.csv,bin_eval=complexity_bin:complex_q3; stage=OOD; eval_track=deployment_threshold; n_total=996; n_pos=505; n_neg=491; ood_name=ood_test_injection_standard,OOD_BIN_COMPLEXITY_BIN_COMPLEX_Q3,,
B,ablation,M1_TFIDF_ONLY,ranking,OOD,,complexity_bin,complex_q3,192,20,172,0.6562,0.5648,0.5353,0.868,0.25,0.45,0.65,0.05,9.0,9.2917,1.0,5.0,metrics_ablation_bins_splitB.csv,bin_eval=complexity_bin:complex_q3; stage=OOD; eval_track=ranking; n_total=192; n_pos=20; n_neg=172,OOD_BIN_COMPLEXITY_BIN_COMPLEX_Q3,,
B,ablation,M1_TFIDF_ONLY,ranking,OOD,ood_test_injection,complexity_bin,complex_q3,169,81,88,0.6272,0.5812,0.8479,0.8461,0.284,0.4568,0.5556,0.0,28.0,62.9645,0.8462,5.401,metrics_ablation_bins_splitB__ood-ood_test_injection.csv,bin_eval=complexity_bin:complex_q3; stage=OOD; eval_track=ranking; n_total=169; n_pos=81; n_neg=88; ood_name=ood_test_injection,OOD_BIN_COMPLEXITY_BIN_COMPLEX_Q3,,
B,ablation,M1_TFIDF_ONLY,ranking,OOD,ood_test_injection_standard,complexity_bin,complex_q3,996,505,491,0.5813,0.5003,0.6451,0.6674,0.0198,0.1366,0.2257,0.0297,85.0,81.0241,0.7857,5.047,metrics_ablation_bins_splitB__ood-ood_test_injection_standard.csv,bin_eval=complexity_bin:complex_q3; stage=OOD; eval_track=ranking; n_total=996; n_pos=505; n_neg=491; ood_name=ood_test_injection_standard,OOD_BIN_COMPLEXITY_BIN_COMPLEX_Q3,,
B,ablation,M2_TFIDF_PLUS_FLAGS,deployment_threshold,OOD,,complexity_bin,complex_q3,192,20,172,0.9115,0.683,0.4813,0.9093,0.0,0.45,0.7,0.7,9.0,9.2917,1.0,5.0,metrics_ablation_bins_splitB.csv,bin_eval=complexity_bin:complex_q3; stage=OOD; eval_track=deployment_threshold; n_total=192; n_pos=20; n_neg=172,OOD_BIN_COMPLEXITY_BIN_COMPLEX_Q3,,
B,ablation,M2_TFIDF_PLUS_FLAGS,deployment_threshold,OOD,ood_test_injection,complexity_bin,complex_q3,169,81,88,0.4615,0.4224,0.5049,0.5891,0.0247,0.0247,0.0247,0.7901,28.0,62.9645,0.8462,5.401,metrics_ablation_bins_splitB__ood-ood_test_injection.csv,bin_eval=complexity_bin:complex_q3; stage=OOD; eval_track=deployment_threshold; n_total=169; n_pos=81; n_neg=88; ood_name=ood_test_injection,OOD_BIN_COMPLEXITY_BIN_COMPLEX_Q3,,
B,ablation,M2_TFIDF_PLUS_FLAGS,deployment_threshold,OOD,ood_test_injection_standard,complexity_bin,complex_q3,996,505,491,0.5321,0.5033,0.5733,0.575,0.0257,0.0832,0.1604,0.7129,85.0,81.0241,0.7857,5.047,metrics_ablation_bins_splitB__ood-ood_test_injection_standard.csv,bin_eval=complexity_bin:complex_q3; stage=OOD; eval_track=deployment_threshold; n_total=996; n_pos=505; n_neg=491; ood_name=ood_test_injection_standard,OOD_BIN_COMPLEXITY_BIN_COMPLEX_Q3,,
B,ablation,M2_TFIDF_PLUS_FLAGS,ranking,OOD,,complexity_bin,complex_q3,192,20,172,0.7969,0.6631,0.4813,0.9093,0.0,0.45,0.7,0.2,9.0,9.2917,1.0,5.0,metrics_ablation_bins_splitB.csv,bin_eval=complexity_bin:complex_q3; stage=OOD; eval_track=ranking; n_total=192; n_pos=20; n_neg=172,OOD_BIN_COMPLEXITY_BIN_COMPLEX_Q3,,
B,ablation,M2_TFIDF_PLUS_FLAGS,ranking,OOD,ood_test_injection,complexity_bin,complex_q3,169,81,88,0.6213,0.5727,0.5049,0.5891,0.0247,0.0247,0.0247,0.0,28.0,62.9645,0.8462,5.401,metrics_ablation_bins_splitB__ood-ood_test_injection.csv,bin_eval=complexity_bin:complex_q3; stage=OOD; eval_track=ranking; n_total=169; n_pos=81; n_neg=88; ood_name=ood_test_injection,OOD_BIN_COMPLEXITY_BIN_COMPLEX_Q3,,
B,ablation,M2_TFIDF_PLUS_FLAGS,ranking,OOD,ood_test_injection_standard,complexity_bin,complex_q3,996,505,491,0.5402,0.4324,0.5733,0.575,0.0257,0.0832,0.1604,0.0376,85.0,81.0241,0.7857,5.047,metrics_ablation_bins_splitB__ood-ood_test_injection_standard.csv,bin_eval=complexity_bin:complex_q3; stage=OOD; eval_track=ranking; n_total=996; n_pos=505; n_neg=491; ood_name=ood_test_injection_standard,OOD_BIN_COMPLEXITY_BIN_COMPLEX_Q3,,
B,ablation,M3_TFIDF_PLUS_FLAGS_PLUS_IBVS_V1_TOTAL,deployment_threshold,OOD,,complexity_bin,complex_q3,192,20,172,0.8958,0.5178,0.543,0.907,0.25,0.55,0.65,0.95,9.0,9.2917,1.0,5.0,metrics_ablation_bins_splitB.csv,bin_eval=complexity_bin:complex_q3; stage=OOD; eval_track=deployment_threshold; n_total=192; n_pos=20; n_neg=172,OOD_BIN_COMPLEXITY_BIN_COMPLEX_Q3,,
B,ablation,M3_TFIDF_PLUS_FLAGS_PLUS_IBVS_V1_TOTAL,deployment_threshold,OOD,ood_test_injection,complexity_bin,complex_q3,169,81,88,0.4852,0.399,0.5086,0.6054,0.0,0.0247,0.037,0.8889,28.0,62.9645,0.8462,5.401,metrics_ablation_bins_splitB__ood-ood_test_injection.csv,bin_eval=complexity_bin:complex_q3; stage=OOD; eval_track=deployment_threshold; n_total=169; n_pos=81; n_neg=88; ood_name=ood_test_injection,OOD_BIN_COMPLEXITY_BIN_COMPLEX_Q3,,
B,ablation,M3_TFIDF_PLUS_FLAGS_PLUS_IBVS_V1_TOTAL,deployment_threshold,OOD,ood_test_injection_standard,complexity_bin,complex_q3,996,505,491,0.511,0.4083,0.5812,0.5894,0.0158,0.0812,0.1545,0.9069,85.0,81.0241,0.7857,5.047,metrics_ablation_bins_splitB__ood-ood_test_injection_standard.csv,bin_eval=complexity_bin:complex_q3; stage=OOD; eval_track=deployment_threshold; n_total=996; n_pos=505; n_neg=491; ood_name=ood_test_injection_standard,OOD_BIN_COMPLEXITY_BIN_COMPLEX_Q3,,
B,ablation,M3_TFIDF_PLUS_FLAGS_PLUS_IBVS_V1_TOTAL,ranking,OOD,,complexity_bin,complex_q3,192,20,172,0.7708,0.6526,0.543,0.907,0.25,0.55,0.65,0.1,9.0,9.2917,1.0,5.0,metrics_ablation_bins_splitB.csv,bin_eval=complexity_bin:complex_q3; stage=OOD; eval_track=ranking; n_total=192; n_pos=20; n_neg=172,OOD_BIN_COMPLEXITY_BIN_COMPLEX_Q3,,
B,ablation,M3_TFIDF_PLUS_FLAGS_PLUS_IBVS_V1_TOTAL,ranking,OOD,ood_test_injection,complexity_bin,complex_q3,169,81,88,0.6095,0.5553,0.5086,0.6054,0.0,0.0247,0.037,0.0,28.0,62.9645,0.8462,5.401,metrics_ablation_bins_splitB__ood-ood_test_injection.csv,bin_eval=complexity_bin:complex_q3; stage=OOD; eval_track=ranking; n_total=169; n_pos=81; n_neg=88; ood_name=ood_test_injection,OOD_BIN_COMPLEXITY_BIN_COMPLEX_Q3,,
B,ablation,M3_TFIDF_PLUS_FLAGS_PLUS_IBVS_V1_TOTAL,ranking,OOD,ood_test_injection_standard,complexity_bin,complex_q3,996,505,491,0.5382,0.4323,0.5812,0.5894,0.0158,0.0812,0.1545,0.0436,85.0,81.0241,0.7857,5.047,metrics_ablation_bins_splitB__ood-ood_test_injection_standard.csv,bin_eval=complexity_bin:complex_q3; stage=OOD; eval_track=ranking; n_total=996; n_pos=505; n_neg=491; ood_name=ood_test_injection_standard,OOD_BIN_COMPLEXITY_BIN_COMPLEX_Q3,,
B,ablation,M3_TFIDF_PLUS_FLAGS_PLUS_IBVS_V2_STRUCTURED,deployment_threshold,OOD,,complexity_bin,complex_q3,192,20,172,0.9115,0.7017,0.5075,0.9102,0.0,0.55,0.7,0.65,9.0,9.2917,1.0,5.0,metrics_ablation_bins_splitB.csv,bin_eval=complexity_bin:complex_q3; stage=OOD; eval_track=deployment_threshold; n_total=192; n_pos=20; n_neg=172,OOD_BIN_COMPLEXITY_BIN_COMPLEX_Q3,,
B,ablation,M3_TFIDF_PLUS_FLAGS_PLUS_IBVS_V2_STRUCTURED,deployment_threshold,OOD,ood_test_injection,complexity_bin,complex_q3,169,81,88,0.5089,0.4765,0.5232,0.6159,0.0247,0.0247,0.037,0.7284,28.0,62.9645,0.8462,5.401,metrics_ablation_bins_splitB__ood-ood_test_injection.csv,bin_eval=complexity_bin:complex_q3; stage=OOD; eval_track=deployment_threshold; n_total=169; n_pos=81; n_neg=88; ood_name=ood_test_injection,OOD_BIN_COMPLEXITY_BIN_COMPLEX_Q3,,
B,ablation,M3_TFIDF_PLUS_FLAGS_PLUS_IBVS_V2_STRUCTURED,deployment_threshold,OOD,ood_test_injection_standard,complexity_bin,complex_q3,996,505,491,0.5582,0.536,0.5983,0.5956,0.0317,0.099,0.1723,0.6653,85.0,81.0241,0.7857,5.047,metrics_ablation_bins_splitB__ood-ood_test_injection_standard.csv,bin_eval=complexity_bin:complex_q3; stage=OOD; eval_track=deployment_threshold; n_total=996; n_pos=505; n_neg=491; ood_name=ood_test_injection_standard,OOD_BIN_COMPLEXITY_BIN_COMPLEX_Q3,,
B,ablation,M3_TFIDF_PLUS_FLAGS_PLUS_IBVS_V2_STRUCTURED,ranking,OOD,,complexity_bin,complex_q3,192,20,172,0.8073,0.6732,0.5075,0.9102,0.0,0.55,0.7,0.2,9.0,9.2917,1.0,5.0,metrics_ablation_bins_splitB.csv,bin_eval=complexity_bin:complex_q3; stage=OOD; eval_track=ranking; n_total=192; n_pos=20; n_neg=172,OOD_BIN_COMPLEXITY_BIN_COMPLEX_Q3,,
B,ablation,M3_TFIDF_PLUS_FLAGS_PLUS_IBVS_V2_STRUCTURED,ranking,OOD,ood_test_injection,complexity_bin,complex_q3,169,81,88,0.6391,0.598,0.5232,0.6159,0.0247,0.0247,0.037,0.0,28.0,62.9645,0.8462,5.401,metrics_ablation_bins_splitB__ood-ood_test_injection.csv,bin_eval=complexity_bin:complex_q3; stage=OOD; eval_track=ranking; n_total=169; n_pos=81; n_neg=88; ood_name=ood_test_injection,OOD_BIN_COMPLEXITY_BIN_COMPLEX_Q3,,
B,ablation,M3_TFIDF_PLUS_FLAGS_PLUS_IBVS_V2_STRUCTURED,ranking,OOD,ood_test_injection_standard,complexity_bin,complex_q3,996,505,491,0.5432,0.4472,0.5983,0.5956,0.0317,0.099,0.1723,0.0535,85.0,81.0241,0.7857,5.047,metrics_ablation_bins_splitB__ood-ood_test_injection_standard.csv,bin_eval=complexity_bin:complex_q3; stage=OOD; eval_track=ranking; n_total=996; n_pos=505; n_neg=491; ood_name=ood_test_injection_standard,OOD_BIN_COMPLEXITY_BIN_COMPLEX_Q3,,
B,ablation,M3_TFIDF_PLUS_FLAGS_PLUS_IBVS_V2_TAILCAL,deployment_threshold,OOD,,complexity_bin,complex_q3,192,20,172,0.9062,0.6746,0.4808,0.9076,0.0,0.5,0.7,0.7,9.0,9.2917,1.0,5.0,metrics_ablation_bins_splitB.csv,bin_eval=complexity_bin:complex_q3; stage=OOD; eval_track=deployment_threshold; n_total=192; n_pos=20; n_neg=172,OOD_BIN_COMPLEXITY_BIN_COMPLEX_Q3,,
B,ablation,M3_TFIDF_PLUS_FLAGS_PLUS_IBVS_V2_TAILCAL,deployment_threshold,OOD,ood_test_injection,complexity_bin,complex_q3,169,81,88,0.4734,0.4312,0.5185,0.6162,0.0123,0.0247,0.037,0.7901,28.0,62.9645,0.8462,5.401,metrics_ablation_bins_splitB__ood-ood_test_injection.csv,bin_eval=complexity_bin:complex_q3; stage=OOD; eval_track=deployment_threshold; n_total=169; n_pos=81; n_neg=88; ood_name=ood_test_injection,OOD_BIN_COMPLEXITY_BIN_COMPLEX_Q3,,
B,ablation,M3_TFIDF_PLUS_FLAGS_PLUS_IBVS_V2_TAILCAL,deployment_threshold,OOD,ood_test_injection_standard,complexity_bin,complex_q3,996,505,491,0.5633,0.5398,0.6024,0.6039,0.0317,0.1129,0.1802,0.6673,85.0,81.0241,0.7857,5.047,metrics_ablation_bins_splitB__ood-ood_test_injection_standard.csv,bin_eval=complexity_bin:complex_q3; stage=OOD; eval_track=deployment_threshold; n_total=996; n_pos=505; n_neg=491; ood_name=ood_test_injection_standard,OOD_BIN_COMPLEXITY_BIN_COMPLEX_Q3,,
B,ablation,M3_TFIDF_PLUS_FLAGS_PLUS_IBVS_V2_TAILCAL,ranking,OOD,,complexity_bin,complex_q3,192,20,172,0.8021,0.6681,0.4808,0.9076,0.0,0.5,0.7,0.2,9.0,9.2917,1.0,5.0,metrics_ablation_bins_splitB.csv,bin_eval=complexity_bin:complex_q3; stage=OOD; eval_track=ranking; n_total=192; n_pos=20; n_neg=172,OOD_BIN_COMPLEXITY_BIN_COMPLEX_Q3,,
B,ablation,M3_TFIDF_PLUS_FLAGS_PLUS_IBVS_V2_TAILCAL,ranking,OOD,ood_test_injection,complexity_bin,complex_q3,169,81,88,0.6272,0.5848,0.5185,0.6162,0.0123,0.0247,0.037,0.0123,28.0,62.9645,0.8462,5.401,metrics_ablation_bins_splitB__ood-ood_test_injection.csv,bin_eval=complexity_bin:complex_q3; stage=OOD; eval_track=ranking; n_total=169; n_pos=81; n_neg=88; ood_name=ood_test_injection,OOD_BIN_COMPLEXITY_BIN_COMPLEX_Q3,,
B,ablation,M3_TFIDF_PLUS_FLAGS_PLUS_IBVS_V2_TAILCAL,ranking,OOD,ood_test_injection_standard,complexity_bin,complex_q3,996,505,491,0.5452,0.4428,0.6024,0.6039,0.0317,0.1129,0.1802,0.0396,85.0,81.0241,0.7857,5.047,metrics_ablation_bins_splitB__ood-ood_test_injection_standard.csv,bin_eval=complexity_bin:complex_q3; stage=OOD; eval_track=ranking; n_total=996; n_pos=505; n_neg=491; ood_name=ood_test_injection_standard,OOD_BIN_COMPLEXITY_BIN_COMPLEX_Q3,,
B,ablation,M3_TFIDF_PLUS_FLAGS_PLUS_IBVS_V2_TOTAL,deployment_threshold,OOD,,complexity_bin,complex_q3,192,20,172,0.9062,0.6746,0.4804,0.9105,0.0,0.55,0.7,0.7,9.0,9.2917,1.0,5.0,metrics_ablation_bins_splitB.csv,bin_eval=complexity_bin:complex_q3; stage=OOD; eval_track=deployment_threshold; n_total=192; n_pos=20; n_neg=172,OOD_BIN_COMPLEXITY_BIN_COMPLEX_Q3,,
B,ablation,M3_TFIDF_PLUS_FLAGS_PLUS_IBVS_V2_TOTAL,deployment_threshold,OOD,ood_test_injection,complexity_bin,complex_q3,169,81,88,0.5148,0.4844,0.5325,0.6451,0.0123,0.0247,0.0247,0.716,28.0,62.9645,0.8462,5.401,metrics_ablation_bins_splitB__ood-ood_test_injection.csv,bin_eval=complexity_bin:complex_q3; stage=OOD; eval_track=deployment_threshold; n_total=169; n_pos=81; n_neg=88; ood_name=ood_test_injection,OOD_BIN_COMPLEXITY_BIN_COMPLEX_Q3,,
B,ablation,M3_TFIDF_PLUS_FLAGS_PLUS_IBVS_V2_TOTAL,deployment_threshold,OOD,ood_test_injection_standard,complexity_bin,complex_q3,996,505,491,0.5532,0.5292,0.5925,0.5974,0.0277,0.099,0.1703,0.6772,85.0,81.0241,0.7857,5.047,metrics_ablation_bins_splitB__ood-ood_test_injection_standard.csv,bin_eval=complexity_bin:complex_q3; stage=OOD; eval_track=deployment_threshold; n_total=996; n_pos=505; n_neg=491; ood_name=ood_test_injection_standard,OOD_BIN_COMPLEXITY_BIN_COMPLEX_Q3,,
B,ablation,M3_TFIDF_PLUS_FLAGS_PLUS_IBVS_V2_TOTAL,ranking,OOD,,complexity_bin,complex_q3,192,20,172,0.8021,0.6752,0.4804,0.9105,0.0,0.55,0.7,0.15,9.0,9.2917,1.0,5.0,metrics_ablation_bins_splitB.csv,bin_eval=complexity_bin:complex_q3; stage=OOD; eval_track=ranking; n_total=192; n_pos=20; n_neg=172,OOD_BIN_COMPLEXITY_BIN_COMPLEX_Q3,,
B,ablation,M3_TFIDF_PLUS_FLAGS_PLUS_IBVS_V2_TOTAL,ranking,OOD,ood_test_injection,complexity_bin,complex_q3,169,81,88,0.6095,0.5553,0.5325,0.6451,0.0123,0.0247,0.0247,0.0,28.0,62.9645,0.8462,5.401,metrics_ablation_bins_splitB__ood-ood_test_injection.csv,bin_eval=complexity_bin:complex_q3; stage=OOD; eval_track=ranking; n_total=169; n_pos=81; n_neg=88; ood_name=ood_test_injection,OOD_BIN_COMPLEXITY_BIN_COMPLEX_Q3,,
B,ablation,M3_TFIDF_PLUS_FLAGS_PLUS_IBVS_V2_TOTAL,ranking,OOD,ood_test_injection_standard,complexity_bin,complex_q3,996,505,491,0.5331,0.4141,0.5925,0.5974,0.0277,0.099,0.1703,0.0297,85.0,81.0241,0.7857,5.047,metrics_ablation_bins_splitB__ood-ood_test_injection_standard.csv,bin_eval=complexity_bin:complex_q3; stage=OOD; eval_track=ranking; n_total=996; n_pos=505; n_neg=491; ood_name=ood_test_injection_standard,OOD_BIN_COMPLEXITY_BIN_COMPLEX_Q3,,
B,ablation,M3_TFIDF_PLUS_FLAGS_PLUS_IBVS_V2_TRIPWIRE,deployment_threshold,OOD,,complexity_bin,complex_q3,192,20,172,0.8958,0.6148,0.5184,0.9041,0.05,0.6,0.7,0.8,9.0,9.2917,1.0,5.0,metrics_ablation_bins_splitB.csv,bin_eval=complexity_bin:complex_q3; stage=OOD; eval_track=deployment_threshold; n_total=192; n_pos=20; n_neg=172,OOD_BIN_COMPLEXITY_BIN_COMPLEX_Q3,,
B,ablation,M3_TFIDF_PLUS_FLAGS_PLUS_IBVS_V2_TRIPWIRE,deployment_threshold,OOD,ood_test_injection,complexity_bin,complex_q3,169,81,88,0.4852,0.4578,0.5191,0.6197,0.0123,0.0247,0.0247,0.7284,28.0,62.9645,0.8462,5.401,metrics_ablation_bins_splitB__ood-ood_test_injection.csv,bin_eval=complexity_bin:complex_q3; stage=OOD; eval_track=deployment_threshold; n_total=169; n_pos=81; n_neg=88; ood_name=ood_test_injection,OOD_BIN_COMPLEXITY_BIN_COMPLEX_Q3,,
B,ablation,M3_TFIDF_PLUS_FLAGS_PLUS_IBVS_V2_TRIPWIRE,deployment_threshold,OOD,ood_test_injection_standard,complexity_bin,complex_q3,996,505,491,0.5412,0.5141,0.581,0.5856,0.0238,0.0752,0.1604,0.699,85.0,81.0241,0.7857,5.047,metrics_ablation_bins_splitB__ood-ood_test_injection_standard.csv,bin_eval=complexity_bin:complex_q3; stage=OOD; eval_track=deployment_threshold; n_total=996; n_pos=505; n_neg=491; ood_name=ood_test_injection_standard,OOD_BIN_COMPLEXITY_BIN_COMPLEX_Q3,,
B,ablation,M3_TFIDF_PLUS_FLAGS_PLUS_IBVS_V2_TRIPWIRE,ranking,OOD,,complexity_bin,complex_q3,192,20,172,0.8073,0.6732,0.5184,0.9041,0.05,0.6,0.7,0.2,9.0,9.2917,1.0,5.0,metrics_ablation_bins_splitB.csv,bin_eval=complexity_bin:complex_q3; stage=OOD; eval_track=ranking; n_total=192; n_pos=20; n_neg=172,OOD_BIN_COMPLEXITY_BIN_COMPLEX_Q3,,
B,ablation,M3_TFIDF_PLUS_FLAGS_PLUS_IBVS_V2_TRIPWIRE,ranking,OOD,ood_test_injection,complexity_bin,complex_q3,169,81,88,0.6391,0.6013,0.5191,0.6197,0.0123,0.0247,0.0247,0.0123,28.0,62.9645,0.8462,5.401,metrics_ablation_bins_splitB__ood-ood_test_injection.csv,bin_eval=complexity_bin:complex_q3; stage=OOD; eval_track=ranking; n_total=169; n_pos=81; n_neg=88; ood_name=ood_test_injection,OOD_BIN_COMPLEXITY_BIN_COMPLEX_Q3,,
B,ablation,M3_TFIDF_PLUS_FLAGS_PLUS_IBVS_V2_TRIPWIRE,ranking,OOD,ood_test_injection_standard,complexity_bin,complex_q3,996,505,491,0.5361,0.4404,0.581,0.5856,0.0238,0.0752,0.1604,0.0634,85.0,81.0241,0.7857,5.047,metrics_ablation_bins_splitB__ood-ood_test_injection_standard.csv,bin_eval=complexity_bin:complex_q3; stage=OOD; eval_track=ranking; n_total=996; n_pos=505; n_neg=491; ood_name=ood_test_injection_standard,OOD_BIN_COMPLEXITY_BIN_COMPLEX_Q3,,
B,hybrid,HYBRID_SEM_ANCHORED_IBVS_BOOST,deployment_threshold,OOD,,complexity_bin,complex_q3,192,20,172,0.8854,0.7381,0.6698,0.8698,0.45,0.55,0.75,0.35,9.0,9.2917,1.0,5.0,metrics_hybrid_bins_splitB.csv,bin_eval=complexity_bin:complex_q3; stage=OOD; eval_track=deployment_threshold; n_total=192; n_pos=20; n_neg=172,OOD_BIN_COMPLEXITY_BIN_COMPLEX_Q3,,
B,hybrid,HYBRID_SEM_ANCHORED_IBVS_BOOST,deployment_threshold,OOD,ood_test_injection,complexity_bin,complex_q3,169,81,88,0.6095,0.6088,0.6134,0.6525,0.0123,0.1235,0.2346,0.321,28.0,62.9645,0.8462,5.401,metrics_hybrid_bins_splitB__ood-ood_test_injection.csv,bin_eval=complexity_bin:complex_q3; stage=OOD; eval_track=deployment_threshold; n_total=169; n_pos=81; n_neg=88; ood_name=ood_test_injection,OOD_BIN_COMPLEXITY_BIN_COMPLEX_Q3,,
B,hybrid,HYBRID_SEM_ANCHORED_IBVS_BOOST,deployment_threshold,OOD,ood_test_injection_standard,complexity_bin,complex_q3,996,505,491,0.6817,0.6808,0.7066,0.743,0.0257,0.1386,0.2871,0.3822,85.0,81.0241,0.7857,5.047,metrics_hybrid_bins_splitB__ood-ood_test_injection_standard.csv,bin_eval=complexity_bin:complex_q3; stage=OOD; eval_track=deployment_threshold; n_total=996; n_pos=505; n_neg=491; ood_name=ood_test_injection_standard,OOD_BIN_COMPLEXITY_BIN_COMPLEX_Q3,,
B,hybrid,HYBRID_SEM_ANCHORED_IBVS_BOOST_V2,deployment_threshold,OOD,,complexity_bin,complex_q3,192,20,172,0.8854,0.7381,0.6698,0.8698,0.45,0.55,0.75,0.35,9.0,9.2917,1.0,5.0,metrics_hybrid_bins_splitB.csv,bin_eval=complexity_bin:complex_q3; stage=OOD; eval_track=deployment_threshold; n_total=192; n_pos=20; n_neg=172,OOD_BIN_COMPLEXITY_BIN_COMPLEX_Q3,,
B,hybrid,HYBRID_SEM_ANCHORED_IBVS_BOOST_V2,deployment_threshold,OOD,ood_test_injection,complexity_bin,complex_q3,169,81,88,0.6095,0.6088,0.6134,0.6525,0.0123,0.1235,0.2346,0.321,28.0,62.9645,0.8462,5.401,metrics_hybrid_bins_splitB__ood-ood_test_injection.csv,bin_eval=complexity_bin:complex_q3; stage=OOD; eval_track=deployment_threshold; n_total=169; n_pos=81; n_neg=88; ood_name=ood_test_injection,OOD_BIN_COMPLEXITY_BIN_COMPLEX_Q3,,
B,hybrid,HYBRID_SEM_ANCHORED_IBVS_BOOST_V2,deployment_threshold,OOD,ood_test_injection_standard,complexity_bin,complex_q3,996,505,491,0.6817,0.6808,0.7066,0.743,0.0257,0.1386,0.2871,0.3822,85.0,81.0241,0.7857,5.047,metrics_hybrid_bins_splitB__ood-ood_test_injection_standard.csv,bin_eval=complexity_bin:complex_q3; stage=OOD; eval_track=deployment_threshold; n_total=996; n_pos=505; n_neg=491; ood_name=ood_test_injection_standard,OOD_BIN_COMPLEXITY_BIN_COMPLEX_Q3,,
B,hybrid,HYBRID_SEM_ANCHORED_IBVS_VETO,deployment_threshold,OOD,,complexity_bin,complex_q3,192,20,172,0.724,0.6062,0.6698,0.8698,0.45,0.55,0.75,0.15,9.0,9.2917,1.0,5.0,metrics_hybrid_bins_splitB.csv,bin_eval=complexity_bin:complex_q3; stage=OOD; eval_track=deployment_threshold; n_total=192; n_pos=20; n_neg=172,OOD_BIN_COMPLEXITY_BIN_COMPLEX_Q3,,
B,hybrid,HYBRID_SEM_ANCHORED_IBVS_VETO,deployment_threshold,OOD,ood_test_injection,complexity_bin,complex_q3,169,81,88,0.574,0.5525,0.6134,0.6525,0.0123,0.1235,0.2346,0.1728,28.0,62.9645,0.8462,5.401,metrics_hybrid_bins_splitB__ood-ood_test_injection.csv,bin_eval=complexity_bin:complex_q3; stage=OOD; eval_track=deployment_threshold; n_total=169; n_pos=81; n_neg=88; ood_name=ood_test_injection,OOD_BIN_COMPLEXITY_BIN_COMPLEX_Q3,,
B,hybrid,HYBRID_SEM_ANCHORED_IBVS_VETO,deployment_threshold,OOD,ood_test_injection_standard,complexity_bin,complex_q3,996,505,491,0.6878,0.6824,0.7066,0.743,0.0257,0.1386,0.2871,0.1941,85.0,81.0241,0.7857,5.047,metrics_hybrid_bins_splitB__ood-ood_test_injection_standard.csv,bin_eval=complexity_bin:complex_q3; stage=OOD; eval_track=deployment_threshold; n_total=996; n_pos=505; n_neg=491; ood_name=ood_test_injection_standard,OOD_BIN_COMPLEXITY_BIN_COMPLEX_Q3,,
B,hybrid,HYBRID_SEM_EXPERT_GATE_M1_M3,deployment_threshold,OOD,,complexity_bin,complex_q3,192,20,172,0.8021,0.6752,0.4617,0.8634,0.0,0.0,0.7,0.15,9.0,9.2917,1.0,5.0,metrics_hybrid_bins_splitB.csv,bin_eval=complexity_bin:complex_q3; stage=OOD; eval_track=deployment_threshold; n_total=192; n_pos=20; n_neg=172,OOD_BIN_COMPLEXITY_BIN_COMPLEX_Q3,,
B,hybrid,HYBRID_SEM_EXPERT_GATE_M1_M3,deployment_threshold,OOD,ood_test_injection,complexity_bin,complex_q3,169,81,88,0.5858,0.5672,0.5737,0.6456,0.0,0.0,0.0,0.1728,28.0,62.9645,0.8462,5.401,metrics_hybrid_bins_splitB__ood-ood_test_injection.csv,bin_eval=complexity_bin:complex_q3; stage=OOD; eval_track=deployment_threshold; n_total=169; n_pos=81; n_neg=88; ood_name=ood_test_injection,OOD_BIN_COMPLEXITY_BIN_COMPLEX_Q3,,
B,hybrid,HYBRID_SEM_EXPERT_GATE_M1_M3,deployment_threshold,OOD,ood_test_injection_standard,complexity_bin,complex_q3,996,505,491,0.6857,0.6805,0.692,0.7402,0.0,0.0,0.0,0.198,85.0,81.0241,0.7857,5.047,metrics_hybrid_bins_splitB__ood-ood_test_injection_standard.csv,bin_eval=complexity_bin:complex_q3; stage=OOD; eval_track=deployment_threshold; n_total=996; n_pos=505; n_neg=491; ood_name=ood_test_injection_standard,OOD_BIN_COMPLEXITY_BIN_COMPLEX_Q3,,
B,hybrid,HYBRID_SEM_GATE_ELSE_M3_IBVS_V2,deployment_threshold,OOD,,complexity_bin,complex_q3,192,20,172,0.9115,0.7574,0.3396,0.8616,0.0,0.2,0.5,0.45,9.0,9.2917,1.0,5.0,metrics_hybrid_bins_splitB.csv,bin_eval=complexity_bin:complex_q3; stage=OOD; eval_track=deployment_threshold; n_total=192; n_pos=20; n_neg=172,OOD_BIN_COMPLEXITY_BIN_COMPLEX_Q3,,
B,hybrid,HYBRID_SEM_GATE_ELSE_M3_IBVS_V2,deployment_threshold,OOD,ood_test_injection,complexity_bin,complex_q3,169,81,88,0.5562,0.5522,0.5378,0.6446,0.0123,0.0123,0.0247,0.5185,28.0,62.9645,0.8462,5.401,metrics_hybrid_bins_splitB__ood-ood_test_injection.csv,bin_eval=complexity_bin:complex_q3; stage=OOD; eval_track=deployment_threshold; n_total=169; n_pos=81; n_neg=88; ood_name=ood_test_injection,OOD_BIN_COMPLEXITY_BIN_COMPLEX_Q3,,
B,hybrid,HYBRID_SEM_GATE_ELSE_M3_IBVS_V2,deployment_threshold,OOD,ood_test_injection_standard,complexity_bin,complex_q3,996,505,491,0.6205,0.6124,0.577,0.6028,0.0238,0.0693,0.1564,0.5307,85.0,81.0241,0.7857,5.047,metrics_hybrid_bins_splitB__ood-ood_test_injection_standard.csv,bin_eval=complexity_bin:complex_q3; stage=OOD; eval_track=deployment_threshold; n_total=996; n_pos=505; n_neg=491; ood_name=ood_test_injection_standard,OOD_BIN_COMPLEXITY_BIN_COMPLEX_Q3,,
B,hybrid,HYBRID_SEM_LEARNED_META_FUSION,deployment_threshold,OOD,,complexity_bin,complex_q3,192,20,172,0.8385,0.7057,0.5021,0.8667,0.0,0.7,0.75,0.2,9.0,9.2917,1.0,5.0,metrics_hybrid_bins_splitB.csv,bin_eval=complexity_bin:complex_q3; stage=OOD; eval_track=deployment_threshold; n_total=192; n_pos=20; n_neg=172,OOD_BIN_COMPLEXITY_BIN_COMPLEX_Q3,,
B,hybrid,HYBRID_SEM_LEARNED_META_FUSION,deployment_threshold,OOD,ood_test_injection,complexity_bin,complex_q3,169,81,88,0.6331,0.6167,0.5972,0.6785,0.0,0.0,0.0,0.1235,28.0,62.9645,0.8462,5.401,metrics_hybrid_bins_splitB__ood-ood_test_injection.csv,bin_eval=complexity_bin:complex_q3; stage=OOD; eval_track=deployment_threshold; n_total=169; n_pos=81; n_neg=88; ood_name=ood_test_injection,OOD_BIN_COMPLEXITY_BIN_COMPLEX_Q3,,
B,hybrid,HYBRID_SEM_LEARNED_META_FUSION,deployment_threshold,OOD,ood_test_injection_standard,complexity_bin,complex_q3,996,505,491,0.6948,0.6893,0.7065,0.7509,0.0,0.0,0.0,0.1842,85.0,81.0241,0.7857,5.047,metrics_hybrid_bins_splitB__ood-ood_test_injection_standard.csv,bin_eval=complexity_bin:complex_q3; stage=OOD; eval_track=deployment_threshold; n_total=996; n_pos=505; n_neg=491; ood_name=ood_test_injection_standard,OOD_BIN_COMPLEXITY_BIN_COMPLEX_Q3,,
B,semantic,SEM_LOGREG_BGE,deployment_threshold,OOD,ood_test,complexity_bin,complex_q3,192,20,172,0.724,0.6062,0.6698,0.8698,0.45,0.55,0.75,0.15,9.0,9.2917,1.0,5.0,metrics_semantic_bins_splitB.csv,bin_eval=complexity_bin:complex_q3; stage=OOD; eval_track=deployment_threshold; n_total=192; n_pos=20; n_neg=172; ood_name=ood_test,OOD_BIN_COMPLEXITY_BIN_COMPLEX_Q3,,
B,semantic,SEM_LOGREG_BGE,deployment_threshold,OOD,ood_test_injection,complexity_bin,complex_q3,169,81,88,0.574,0.5525,0.6134,0.6525,0.0123,0.1235,0.2346,0.1728,28.0,62.9645,0.8462,5.401,metrics_semantic_bins_splitB__ood-ood_test_injection.csv,bin_eval=complexity_bin:complex_q3; stage=OOD; eval_track=deployment_threshold; n_total=169; n_pos=81; n_neg=88; ood_name=ood_test_injection,OOD_BIN_COMPLEXITY_BIN_COMPLEX_Q3,,
B,semantic,SEM_LOGREG_BGE,deployment_threshold,OOD,ood_test_injection_standard,complexity_bin,complex_q3,996,505,491,0.6878,0.6824,0.7066,0.743,0.0257,0.1386,0.2871,0.1941,85.0,81.0241,0.7857,5.047,metrics_semantic_bins_splitB__ood-ood_test_injection_standard.csv,bin_eval=complexity_bin:complex_q3; stage=OOD; eval_track=deployment_threshold; n_total=996; n_pos=505; n_neg=491; ood_name=ood_test_injection_standard,OOD_BIN_COMPLEXITY_BIN_COMPLEX_Q3,,
B,ablation,M1_TFIDF_ONLY,deployment_threshold,OOD,ood_test_injection,complexity_bin,complex_q4,170,3,167,0.8647,0.5373,0.0761,0.7515,0.0,0.3333,0.3333,0.3333,16.0,15.9824,1.0,5.3717,metrics_ablation_bins_splitB__ood-ood_test_injection.csv,bin_eval=complexity_bin:complex_q4; stage=OOD; eval_track=deployment_threshold; n_total=170; n_pos=3; n_neg=167; ood_name=ood_test_injection,OOD_BIN_COMPLEXITY_BIN_COMPLEX_Q4,,
B,ablation,M1_TFIDF_ONLY,deployment_threshold,OOD,ood_test_injection_standard,complexity_bin,complex_q4,997,199,798,0.8164,0.655,0.4792,0.789,0.0603,0.3015,0.4121,0.6683,12.0,17.7252,1.0,4.5238,metrics_ablation_bins_splitB__ood-ood_test_injection_standard.csv,bin_eval=complexity_bin:complex_q4; stage=OOD; eval_track=deployment_threshold; n_total=997; n_pos=199; n_neg=798; ood_name=ood_test_injection_standard,OOD_BIN_COMPLEXITY_BIN_COMPLEX_Q4,,
B,ablation,M1_TFIDF_ONLY,ranking,OOD,ood_test_injection,complexity_bin,complex_q4,170,3,167,0.4824,0.3443,0.0761,0.7515,0.0,0.3333,0.3333,0.3333,16.0,15.9824,1.0,5.3717,metrics_ablation_bins_splitB__ood-ood_test_injection.csv,bin_eval=complexity_bin:complex_q4; stage=OOD; eval_track=ranking; n_total=170; n_pos=3; n_neg=167; ood_name=ood_test_injection,OOD_BIN_COMPLEXITY_BIN_COMPLEX_Q4,,
B,ablation,M1_TFIDF_ONLY,ranking,OOD,ood_test_injection_standard,complexity_bin,complex_q4,997,199,798,0.657,0.6145,0.4792,0.789,0.0603,0.3015,0.4121,0.1859,12.0,17.7252,1.0,4.5238,metrics_ablation_bins_splitB__ood-ood_test_injection_standard.csv,bin_eval=complexity_bin:complex_q4; stage=OOD; eval_track=ranking; n_total=997; n_pos=199; n_neg=798; ood_name=ood_test_injection_standard,OOD_BIN_COMPLEXITY_BIN_COMPLEX_Q4,,
B,ablation,M2_TFIDF_PLUS_FLAGS,deployment_threshold,OOD,ood_test_injection,complexity_bin,complex_q4,170,3,167,0.8294,0.5382,0.1323,0.9202,0.0,0.3333,0.6667,0.0,16.0,15.9824,1.0,5.3717,metrics_ablation_bins_splitB__ood-ood_test_injection.csv,bin_eval=complexity_bin:complex_q4; stage=OOD; eval_track=deployment_threshold; n_total=170; n_pos=3; n_neg=167; ood_name=ood_test_injection,OOD_BIN_COMPLEXITY_BIN_COMPLEX_Q4,,
B,ablation,M2_TFIDF_PLUS_FLAGS,deployment_threshold,OOD,ood_test_injection_standard,complexity_bin,complex_q4,997,199,798,0.7834,0.602,0.3939,0.7334,0.0452,0.1809,0.2915,0.7286,12.0,17.7252,1.0,4.5238,metrics_ablation_bins_splitB__ood-ood_test_injection_standard.csv,bin_eval=complexity_bin:complex_q4; stage=OOD; eval_track=deployment_threshold; n_total=997; n_pos=199; n_neg=798; ood_name=ood_test_injection_standard,OOD_BIN_COMPLEXITY_BIN_COMPLEX_Q4,,
B,ablation,M2_TFIDF_PLUS_FLAGS,ranking,OOD,ood_test_injection,complexity_bin,complex_q4,170,3,167,0.3294,0.2659,0.1323,0.9202,0.0,0.3333,0.6667,0.0,16.0,15.9824,1.0,5.3717,metrics_ablation_bins_splitB__ood-ood_test_injection.csv,bin_eval=complexity_bin:complex_q4; stage=OOD; eval_track=ranking; n_total=170; n_pos=3; n_neg=167; ood_name=ood_test_injection,OOD_BIN_COMPLEXITY_BIN_COMPLEX_Q4,,
B,ablation,M2_TFIDF_PLUS_FLAGS,ranking,OOD,ood_test_injection_standard,complexity_bin,complex_q4,997,199,798,0.6259,0.5817,0.3939,0.7334,0.0452,0.1809,0.2915,0.2462,12.0,17.7252,1.0,4.5238,metrics_ablation_bins_splitB__ood-ood_test_injection_standard.csv,bin_eval=complexity_bin:complex_q4; stage=OOD; eval_track=ranking; n_total=997; n_pos=199; n_neg=798; ood_name=ood_test_injection_standard,OOD_BIN_COMPLEXITY_BIN_COMPLEX_Q4,,
B,ablation,M3_TFIDF_PLUS_FLAGS_PLUS_IBVS_V1_TOTAL,deployment_threshold,OOD,ood_test_injection,complexity_bin,complex_q4,170,3,167,0.9235,0.5467,0.0952,0.8663,0.0,0.3333,0.3333,0.6667,16.0,15.9824,1.0,5.3717,metrics_ablation_bins_splitB__ood-ood_test_injection.csv,bin_eval=complexity_bin:complex_q4; stage=OOD; eval_track=deployment_threshold; n_total=170; n_pos=3; n_neg=167; ood_name=ood_test_injection,OOD_BIN_COMPLEXITY_BIN_COMPLEX_Q4,,
B,ablation,M3_TFIDF_PLUS_FLAGS_PLUS_IBVS_V1_TOTAL,deployment_threshold,OOD,ood_test_injection_standard,complexity_bin,complex_q4,997,199,798,0.8064,0.5478,0.4197,0.7465,0.0553,0.201,0.3467,0.8744,12.0,17.7252,1.0,4.5238,metrics_ablation_bins_splitB__ood-ood_test_injection_standard.csv,bin_eval=complexity_bin:complex_q4; stage=OOD; eval_track=deployment_threshold; n_total=997; n_pos=199; n_neg=798; ood_name=ood_test_injection_standard,OOD_BIN_COMPLEXITY_BIN_COMPLEX_Q4,,
B,ablation,M3_TFIDF_PLUS_FLAGS_PLUS_IBVS_V1_TOTAL,ranking,OOD,ood_test_injection,complexity_bin,complex_q4,170,3,167,0.3118,0.2548,0.0952,0.8663,0.0,0.3333,0.3333,0.0,16.0,15.9824,1.0,5.3717,metrics_ablation_bins_splitB__ood-ood_test_injection.csv,bin_eval=complexity_bin:complex_q4; stage=OOD; eval_track=ranking; n_total=170; n_pos=3; n_neg=167; ood_name=ood_test_injection,OOD_BIN_COMPLEXITY_BIN_COMPLEX_Q4,,
B,ablation,M3_TFIDF_PLUS_FLAGS_PLUS_IBVS_V1_TOTAL,ranking,OOD,ood_test_injection_standard,complexity_bin,complex_q4,997,199,798,0.6209,0.5776,0.4197,0.7465,0.0553,0.201,0.3467,0.2462,12.0,17.7252,1.0,4.5238,metrics_ablation_bins_splitB__ood-ood_test_injection_standard.csv,bin_eval=complexity_bin:complex_q4; stage=OOD; eval_track=ranking; n_total=997; n_pos=199; n_neg=798; ood_name=ood_test_injection_standard,OOD_BIN_COMPLEXITY_BIN_COMPLEX_Q4,,
B,ablation,M3_TFIDF_PLUS_FLAGS_PLUS_IBVS_V2_STRUCTURED,deployment_threshold,OOD,ood_test_injection,complexity_bin,complex_q4,170,3,167,0.8353,0.5425,0.101,0.8902,0.0,0.3333,0.3333,0.0,16.0,15.9824,1.0,5.3717,metrics_ablation_bins_splitB__ood-ood_test_injection.csv,bin_eval=complexity_bin:complex_q4; stage=OOD; eval_track=deployment_threshold; n_total=170; n_pos=3; n_neg=167; ood_name=ood_test_injection,OOD_BIN_COMPLEXITY_BIN_COMPLEX_Q4,,
B,ablation,M3_TFIDF_PLUS_FLAGS_PLUS_IBVS_V2_STRUCTURED,deployment_threshold,OOD,ood_test_injection_standard,complexity_bin,complex_q4,997,199,798,0.7904,0.6139,0.3981,0.7329,0.0503,0.1809,0.3116,0.7136,12.0,17.7252,1.0,4.5238,metrics_ablation_bins_splitB__ood-ood_test_injection_standard.csv,bin_eval=complexity_bin:complex_q4; stage=OOD; eval_track=deployment_threshold; n_total=997; n_pos=199; n_neg=798; ood_name=ood_test_injection_standard,OOD_BIN_COMPLEXITY_BIN_COMPLEX_Q4,,
B,ablation,M3_TFIDF_PLUS_FLAGS_PLUS_IBVS_V2_STRUCTURED,ranking,OOD,ood_test_injection,complexity_bin,complex_q4,170,3,167,0.3765,0.2943,0.101,0.8902,0.0,0.3333,0.3333,0.0,16.0,15.9824,1.0,5.3717,metrics_ablation_bins_splitB__ood-ood_test_injection.csv,bin_eval=complexity_bin:complex_q4; stage=OOD; eval_track=ranking; n_total=170; n_pos=3; n_neg=167; ood_name=ood_test_injection,OOD_BIN_COMPLEXITY_BIN_COMPLEX_Q4,,
B,ablation,M3_TFIDF_PLUS_FLAGS_PLUS_IBVS_V2_STRUCTURED,ranking,OOD,ood_test_injection_standard,complexity_bin,complex_q4,997,199,798,0.6369,0.5869,0.3981,0.7329,0.0503,0.1809,0.3116,0.2764,12.0,17.7252,1.0,4.5238,metrics_ablation_bins_splitB__ood-ood_test_injection_standard.csv,bin_eval=complexity_bin:complex_q4; stage=OOD; eval_track=ranking; n_total=997; n_pos=199; n_neg=798; ood_name=ood_test_injection_standard,OOD_BIN_COMPLEXITY_BIN_COMPLEX_Q4,,
B,ablation,M3_TFIDF_PLUS_FLAGS_PLUS_IBVS_V2_TAILCAL,deployment_threshold,OOD,ood_test_injection,complexity_bin,complex_q4,170,3,167,0.8294,0.5382,0.1073,0.9002,0.0,0.3333,0.3333,0.0,16.0,15.9824,1.0,5.3717,metrics_ablation_bins_splitB__ood-ood_test_injection.csv,bin_eval=complexity_bin:complex_q4; stage=OOD; eval_track=deployment_threshold; n_total=170; n_pos=3; n_neg=167; ood_name=ood_test_injection,OOD_BIN_COMPLEXITY_BIN_COMPLEX_Q4,,
B,ablation,M3_TFIDF_PLUS_FLAGS_PLUS_IBVS_V2_TAILCAL,deployment_threshold,OOD,ood_test_injection_standard,complexity_bin,complex_q4,997,199,798,0.7964,0.6231,0.4273,0.7449,0.0553,0.2312,0.3367,0.7035,12.0,17.7252,1.0,4.5238,metrics_ablation_bins_splitB__ood-ood_test_injection_standard.csv,bin_eval=complexity_bin:complex_q4; stage=OOD; eval_track=deployment_threshold; n_total=997; n_pos=199; n_neg=798; ood_name=ood_test_injection_standard,OOD_BIN_COMPLEXITY_BIN_COMPLEX_Q4,,
B,ablation,M3_TFIDF_PLUS_FLAGS_PLUS_IBVS_V2_TAILCAL,ranking,OOD,ood_test_injection,complexity_bin,complex_q4,170,3,167,0.3588,0.2839,0.1073,0.9002,0.0,0.3333,0.3333,0.0,16.0,15.9824,1.0,5.3717,metrics_ablation_bins_splitB__ood-ood_test_injection.csv,bin_eval=complexity_bin:complex_q4; stage=OOD; eval_track=ranking; n_total=170; n_pos=3; n_neg=167; ood_name=ood_test_injection,OOD_BIN_COMPLEXITY_BIN_COMPLEX_Q4,,
B,ablation,M3_TFIDF_PLUS_FLAGS_PLUS_IBVS_V2_TAILCAL,ranking,OOD,ood_test_injection_standard,complexity_bin,complex_q4,997,199,798,0.6279,0.5815,0.4273,0.7449,0.0553,0.2312,0.3367,0.2613,12.0,17.7252,1.0,4.5238,metrics_ablation_bins_splitB__ood-ood_test_injection_standard.csv,bin_eval=complexity_bin:complex_q4; stage=OOD; eval_track=ranking; n_total=997; n_pos=199; n_neg=798; ood_name=ood_test_injection_standard,OOD_BIN_COMPLEXITY_BIN_COMPLEX_Q4,,
B,ablation,M3_TFIDF_PLUS_FLAGS_PLUS_IBVS_V2_TOTAL,deployment_threshold,OOD,ood_test_injection,complexity_bin,complex_q4,170,3,167,0.8294,0.5382,0.1029,0.8782,0.0,0.3333,0.3333,0.0,16.0,15.9824,1.0,5.3717,metrics_ablation_bins_splitB__ood-ood_test_injection.csv,bin_eval=complexity_bin:complex_q4; stage=OOD; eval_track=deployment_threshold; n_total=170; n_pos=3; n_neg=167; ood_name=ood_test_injection,OOD_BIN_COMPLEXITY_BIN_COMPLEX_Q4,,
B,ablation,M3_TFIDF_PLUS_FLAGS_PLUS_IBVS_V2_TOTAL,deployment_threshold,OOD,ood_test_injection_standard,complexity_bin,complex_q4,997,199,798,0.7904,0.5977,0.3775,0.722,0.0402,0.1859,0.2513,0.7538,12.0,17.7252,1.0,4.5238,metrics_ablation_bins_splitB__ood-ood_test_injection_standard.csv,bin_eval=complexity_bin:complex_q4; stage=OOD; eval_track=deployment_threshold; n_total=997; n_pos=199; n_neg=798; ood_name=ood_test_injection_standard,OOD_BIN_COMPLEXITY_BIN_COMPLEX_Q4,,
B,ablation,M3_TFIDF_PLUS_FLAGS_PLUS_IBVS_V2_TOTAL,ranking,OOD,ood_test_injection,complexity_bin,complex_q4,170,3,167,0.3,0.2473,0.1029,0.8782,0.0,0.3333,0.3333,0.0,16.0,15.9824,1.0,5.3717,metrics_ablation_bins_splitB__ood-ood_test_injection.csv,bin_eval=complexity_bin:complex_q4; stage=OOD; eval_track=ranking; n_total=170; n_pos=3; n_neg=167; ood_name=ood_test_injection,OOD_BIN_COMPLEXITY_BIN_COMPLEX_Q4,,
B,ablation,M3_TFIDF_PLUS_FLAGS_PLUS_IBVS_V2_TOTAL,ranking,OOD,ood_test_injection_standard,complexity_bin,complex_q4,997,199,798,0.6098,0.5681,0.3775,0.722,0.0402,0.1859,0.2513,0.2513,12.0,17.7252,1.0,4.5238,metrics_ablation_bins_splitB__ood-ood_test_injection_standard.csv,bin_eval=complexity_bin:complex_q4; stage=OOD; eval_track=ranking; n_total=997; n_pos=199; n_neg=798; ood_name=ood_test_injection_standard,OOD_BIN_COMPLEXITY_BIN_COMPLEX_Q4,,
B,ablation,M3_TFIDF_PLUS_FLAGS_PLUS_IBVS_V2_TRIPWIRE,deployment_threshold,OOD,ood_test_injection,complexity_bin,complex_q4,170,3,167,0.8353,0.5425,0.1537,0.9082,0.0,0.3333,0.6667,0.0,16.0,15.9824,1.0,5.3717,metrics_ablation_bins_splitB__ood-ood_test_injection.csv,bin_eval=complexity_bin:complex_q4; stage=OOD; eval_track=deployment_threshold; n_total=170; n_pos=3; n_neg=167; ood_name=ood_test_injection,OOD_BIN_COMPLEXITY_BIN_COMPLEX_Q4,,
B,ablation,M3_TFIDF_PLUS_FLAGS_PLUS_IBVS_V2_TRIPWIRE,deployment_threshold,OOD,ood_test_injection_standard,complexity_bin,complex_q4,997,199,798,0.7914,0.6242,0.4143,0.7358,0.0553,0.206,0.3266,0.6884,12.0,17.7252,1.0,4.5238,metrics_ablation_bins_splitB__ood-ood_test_injection_standard.csv,bin_eval=complexity_bin:complex_q4; stage=OOD; eval_track=deployment_threshold; n_total=997; n_pos=199; n_neg=798; ood_name=ood_test_injection_standard,OOD_BIN_COMPLEXITY_BIN_COMPLEX_Q4,,
B,ablation,M3_TFIDF_PLUS_FLAGS_PLUS_IBVS_V2_TRIPWIRE,ranking,OOD,ood_test_injection,complexity_bin,complex_q4,170,3,167,0.3941,0.3046,0.1537,0.9082,0.0,0.3333,0.6667,0.0,16.0,15.9824,1.0,5.3717,metrics_ablation_bins_splitB__ood-ood_test_injection.csv,bin_eval=complexity_bin:complex_q4; stage=OOD; eval_track=ranking; n_total=170; n_pos=3; n_neg=167; ood_name=ood_test_injection,OOD_BIN_COMPLEXITY_BIN_COMPLEX_Q4,,
B,ablation,M3_TFIDF_PLUS_FLAGS_PLUS_IBVS_V2_TRIPWIRE,ranking,OOD,ood_test_injection_standard,complexity_bin,complex_q4,997,199,798,0.6369,0.5862,0.4143,0.7358,0.0553,0.206,0.3266,0.2814,12.0,17.7252,1.0,4.5238,metrics_ablation_bins_splitB__ood-ood_test_injection_standard.csv,bin_eval=complexity_bin:complex_q4; stage=OOD; eval_track=ranking; n_total=997; n_pos=199; n_neg=798; ood_name=ood_test_injection_standard,OOD_BIN_COMPLEXITY_BIN_COMPLEX_Q4,,
B,hybrid,HYBRID_SEM_ANCHORED_IBVS_BOOST,deployment_threshold,OOD,ood_test_injection,complexity_bin,complex_q4,170,3,167,0.5941,0.3982,0.1732,0.6747,0.0,0.3333,0.6667,0.3333,16.0,15.9824,1.0,5.3717,metrics_hybrid_bins_splitB__ood-ood_test_injection.csv,bin_eval=complexity_bin:complex_q4; stage=OOD; eval_track=deployment_threshold; n_total=170; n_pos=3; n_neg=167; ood_name=ood_test_injection,OOD_BIN_COMPLEXITY_BIN_COMPLEX_Q4,,
B,hybrid,HYBRID_SEM_ANCHORED_IBVS_BOOST,deployment_threshold,OOD,ood_test_injection_standard,complexity_bin,complex_q4,997,199,798,0.8997,0.8368,0.8163,0.9289,0.5226,0.6935,0.7889,0.3015,12.0,17.7252,1.0,4.5238,metrics_hybrid_bins_splitB__ood-ood_test_injection_standard.csv,bin_eval=complexity_bin:complex_q4; stage=OOD; eval_track=deployment_threshold; n_total=997; n_pos=199; n_neg=798; ood_name=ood_test_injection_standard,OOD_BIN_COMPLEXITY_BIN_COMPLEX_Q4,,
B,hybrid,HYBRID_SEM_ANCHORED_IBVS_BOOST_V2,deployment_threshold,OOD,ood_test_injection,complexity_bin,complex_q4,170,3,167,0.5941,0.3982,0.1732,0.6747,0.0,0.3333,0.6667,0.3333,16.0,15.9824,1.0,5.3717,metrics_hybrid_bins_splitB__ood-ood_test_injection.csv,bin_eval=complexity_bin:complex_q4; stage=OOD; eval_track=deployment_threshold; n_total=170; n_pos=3; n_neg=167; ood_name=ood_test_injection,OOD_BIN_COMPLEXITY_BIN_COMPLEX_Q4,,
B,hybrid,HYBRID_SEM_ANCHORED_IBVS_BOOST_V2,deployment_threshold,OOD,ood_test_injection_standard,complexity_bin,complex_q4,997,199,798,0.8997,0.8368,0.8163,0.9289,0.5226,0.6935,0.7889,0.3015,12.0,17.7252,1.0,4.5238,metrics_hybrid_bins_splitB__ood-ood_test_injection_standard.csv,bin_eval=complexity_bin:complex_q4; stage=OOD; eval_track=deployment_threshold; n_total=997; n_pos=199; n_neg=798; ood_name=ood_test_injection_standard,OOD_BIN_COMPLEXITY_BIN_COMPLEX_Q4,,
B,hybrid,HYBRID_SEM_ANCHORED_IBVS_VETO,deployment_threshold,OOD,ood_test_injection,complexity_bin,complex_q4,170,3,167,0.4118,0.3074,0.1732,0.6747,0.0,0.3333,0.6667,0.3333,16.0,15.9824,1.0,5.3717,metrics_hybrid_bins_splitB__ood-ood_test_injection.csv,bin_eval=complexity_bin:complex_q4; stage=OOD; eval_track=deployment_threshold; n_total=170; n_pos=3; n_neg=167; ood_name=ood_test_injection,OOD_BIN_COMPLEXITY_BIN_COMPLEX_Q4,,
B,hybrid,HYBRID_SEM_ANCHORED_IBVS_VETO,deployment_threshold,OOD,ood_test_injection_standard,complexity_bin,complex_q4,997,199,798,0.8556,0.8024,0.8163,0.9289,0.5226,0.6935,0.7889,0.1558,12.0,17.7252,1.0,4.5238,metrics_hybrid_bins_splitB__ood-ood_test_injection_standard.csv,bin_eval=complexity_bin:complex_q4; stage=OOD; eval_track=deployment_threshold; n_total=997; n_pos=199; n_neg=798; ood_name=ood_test_injection_standard,OOD_BIN_COMPLEXITY_BIN_COMPLEX_Q4,,
B,hybrid,HYBRID_SEM_EXPERT_GATE_M1_M3,deployment_threshold,OOD,ood_test_injection,complexity_bin,complex_q4,170,3,167,0.4294,0.3169,0.0301,0.5968,0.0,0.0,0.0,0.3333,16.0,15.9824,1.0,5.3717,metrics_hybrid_bins_splitB__ood-ood_test_injection.csv,bin_eval=complexity_bin:complex_q4; stage=OOD; eval_track=deployment_threshold; n_total=170; n_pos=3; n_neg=167; ood_name=ood_test_injection,OOD_BIN_COMPLEXITY_BIN_COMPLEX_Q4,,
B,hybrid,HYBRID_SEM_EXPERT_GATE_M1_M3,deployment_threshold,OOD,ood_test_injection_standard,complexity_bin,complex_q4,997,199,798,0.8776,0.8227,0.7447,0.9167,0.0,0.7085,0.7186,0.196,12.0,17.7252,1.0,4.5238,metrics_hybrid_bins_splitB__ood-ood_test_injection_standard.csv,bin_eval=complexity_bin:complex_q4; stage=OOD; eval_track=deployment_threshold; n_total=997; n_pos=199; n_neg=798; ood_name=ood_test_injection_standard,OOD_BIN_COMPLEXITY_BIN_COMPLEX_Q4,,
B,hybrid,HYBRID_SEM_GATE_ELSE_M3_IBVS_V2,deployment_threshold,OOD,ood_test_injection,complexity_bin,complex_q4,170,3,167,0.6765,0.436,0.0209,0.4471,0.0,0.0,0.0,0.3333,16.0,15.9824,1.0,5.3717,metrics_hybrid_bins_splitB__ood-ood_test_injection.csv,bin_eval=complexity_bin:complex_q4; stage=OOD; eval_track=deployment_threshold; n_total=170; n_pos=3; n_neg=167; ood_name=ood_test_injection,OOD_BIN_COMPLEXITY_BIN_COMPLEX_Q4,,
B,hybrid,HYBRID_SEM_GATE_ELSE_M3_IBVS_V2,deployment_threshold,OOD,ood_test_injection_standard,complexity_bin,complex_q4,997,199,798,0.8656,0.7668,0.4219,0.8056,0.0151,0.1508,0.2965,0.4623,12.0,17.7252,1.0,4.5238,metrics_hybrid_bins_splitB__ood-ood_test_injection_standard.csv,bin_eval=complexity_bin:complex_q4; stage=OOD; eval_track=deployment_threshold; n_total=997; n_pos=199; n_neg=798; ood_name=ood_test_injection_standard,OOD_BIN_COMPLEXITY_BIN_COMPLEX_Q4,,
B,hybrid,HYBRID_SEM_LEARNED_META_FUSION,deployment_threshold,OOD,ood_test_injection,complexity_bin,complex_q4,170,3,167,0.4588,0.3323,0.0349,0.6088,0.0,0.0,0.0,0.3333,16.0,15.9824,1.0,5.3717,metrics_hybrid_bins_splitB__ood-ood_test_injection.csv,bin_eval=complexity_bin:complex_q4; stage=OOD; eval_track=deployment_threshold; n_total=170; n_pos=3; n_neg=167; ood_name=ood_test_injection,OOD_BIN_COMPLEXITY_BIN_COMPLEX_Q4,,
B,hybrid,HYBRID_SEM_LEARNED_META_FUSION,deployment_threshold,OOD,ood_test_injection_standard,complexity_bin,complex_q4,997,199,798,0.8857,0.8316,0.8162,0.9246,0.6181,0.7387,0.809,0.201,12.0,17.7252,1.0,4.5238,metrics_hybrid_bins_splitB__ood-ood_test_injection_standard.csv,bin_eval=complexity_bin:complex_q4; stage=OOD; eval_track=deployment_threshold; n_total=997; n_pos=199; n_neg=798; ood_name=ood_test_injection_standard,OOD_BIN_COMPLEXITY_BIN_COMPLEX_Q4,,
B,semantic,SEM_LOGREG_BGE,deployment_threshold,OOD,ood_test_injection,complexity_bin,complex_q4,170,3,167,0.4118,0.3074,0.1732,0.6747,0.0,0.3333,0.6667,0.3333,16.0,15.9824,1.0,5.3717,metrics_semantic_bins_splitB__ood-ood_test_injection.csv,bin_eval=complexity_bin:complex_q4; stage=OOD; eval_track=deployment_threshold; n_total=170; n_pos=3; n_neg=167; ood_name=ood_test_injection,OOD_BIN_COMPLEXITY_BIN_COMPLEX_Q4,,
B,semantic,SEM_LOGREG_BGE,deployment_threshold,OOD,ood_test_injection_standard,complexity_bin,complex_q4,997,199,798,0.8556,0.8024,0.8163,0.9289,0.5226,0.6935,0.7889,0.1558,12.0,17.7252,1.0,4.5238,metrics_semantic_bins_splitB__ood-ood_test_injection_standard.csv,bin_eval=complexity_bin:complex_q4; stage=OOD; eval_track=deployment_threshold; n_total=997; n_pos=199; n_neg=798; ood_name=ood_test_injection_standard,OOD_BIN_COMPLEXITY_BIN_COMPLEX_Q4,,
B,ablation,M1_TFIDF_ONLY,deployment_threshold,OOD,,length_bin,len_q1,192,28,164,0.8646,0.5299,0.3583,0.4946,0.1429,0.2857,0.3214,0.9286,7.0,7.2083,1.0,5.125,metrics_ablation_bins_splitB.csv,bin_eval=length_bin:len_q1; stage=OOD; eval_track=deployment_threshold; n_total=192; n_pos=28; n_neg=164,OOD_BIN_LENGTH_BIN_LEN_Q1,,
B,ablation,M1_TFIDF_ONLY,deployment_threshold,OOD,ood_test_injection,length_bin,len_q1,170,1,169,0.9471,0.4864,0.0075,0.4615,0.0,0.0,0.0,1.0,6.5,6.3529,0.8167,2.9286,metrics_ablation_bins_splitB__ood-ood_test_injection.csv,bin_eval=length_bin:len_q1; stage=OOD; eval_track=deployment_threshold; n_total=170; n_pos=1; n_neg=169; ood_name=ood_test_injection,OOD_BIN_LENGTH_BIN_LEN_Q1,,
B,ablation,M1_TFIDF_ONLY,deployment_threshold,OOD,ood_test_injection_standard,length_bin,len_q1,997,116,881,0.8495,0.5374,0.2284,0.6954,0.0431,0.1034,0.2155,0.8793,12.0,13.9458,1.0,4.375,metrics_ablation_bins_splitB__ood-ood_test_injection_standard.csv,bin_eval=length_bin:len_q1; stage=OOD; eval_track=deployment_threshold; n_total=997; n_pos=116; n_neg=881; ood_name=ood_test_injection_standard,OOD_BIN_LENGTH_BIN_LEN_Q1,,
B,ablation,M1_TFIDF_ONLY,ranking,OOD,,length_bin,len_q1,192,28,164,0.6094,0.4827,0.3583,0.4946,0.1429,0.2857,0.3214,0.6071,7.0,7.2083,1.0,5.125,metrics_ablation_bins_splitB.csv,bin_eval=length_bin:len_q1; stage=OOD; eval_track=ranking; n_total=192; n_pos=28; n_neg=164,OOD_BIN_LENGTH_BIN_LEN_Q1,,
B,ablation,M1_TFIDF_ONLY,ranking,OOD,ood_test_injection,length_bin,len_q1,170,1,169,0.7176,0.4178,0.0075,0.4615,0.0,0.0,0.0,1.0,6.5,6.3529,0.8167,2.9286,metrics_ablation_bins_splitB__ood-ood_test_injection.csv,bin_eval=length_bin:len_q1; stage=OOD; eval_track=ranking; n_total=170; n_pos=1; n_neg=169; ood_name=ood_test_injection,OOD_BIN_LENGTH_BIN_LEN_Q1,,
B,ablation,M1_TFIDF_ONLY,ranking,OOD,ood_test_injection_standard,length_bin,len_q1,997,116,881,0.6219,0.5173,0.2284,0.6954,0.0431,0.1034,0.2155,0.3276,12.0,13.9458,1.0,4.375,metrics_ablation_bins_splitB__ood-ood_test_injection_standard.csv,bin_eval=length_bin:len_q1; stage=OOD; eval_track=ranking; n_total=997; n_pos=116; n_neg=881; ood_name=ood_test_injection_standard,OOD_BIN_LENGTH_BIN_LEN_Q1,,
B,ablation,M2_TFIDF_PLUS_FLAGS,deployment_threshold,OOD,,length_bin,len_q1,192,28,164,0.849,0.4592,0.2745,0.542,0.0714,0.25,0.3571,1.0,7.0,7.2083,1.0,5.125,metrics_ablation_bins_splitB.csv,bin_eval=length_bin:len_q1; stage=OOD; eval_track=deployment_threshold; n_total=192; n_pos=28; n_neg=164,OOD_BIN_LENGTH_BIN_LEN_Q1,,
B,ablation,M2_TFIDF_PLUS_FLAGS,deployment_threshold,OOD,ood_test_injection,length_bin,len_q1,170,1,169,0.9471,0.5772,0.125,0.9586,0.0,1.0,1.0,0.0,6.5,6.3529,0.8167,2.9286,metrics_ablation_bins_splitB__ood-ood_test_injection.csv,bin_eval=length_bin:len_q1; stage=OOD; eval_track=deployment_threshold; n_total=170; n_pos=1; n_neg=169; ood_name=ood_test_injection,OOD_BIN_LENGTH_BIN_LEN_Q1,,
B,ablation,M2_TFIDF_PLUS_FLAGS,deployment_threshold,OOD,ood_test_injection_standard,length_bin,len_q1,997,116,881,0.8305,0.5831,0.2304,0.6436,0.069,0.1466,0.2672,0.7414,12.0,13.9458,1.0,4.375,metrics_ablation_bins_splitB__ood-ood_test_injection_standard.csv,bin_eval=length_bin:len_q1; stage=OOD; eval_track=deployment_threshold; n_total=997; n_pos=116; n_neg=881; ood_name=ood_test_injection_standard,OOD_BIN_LENGTH_BIN_LEN_Q1,,
B,ablation,M2_TFIDF_PLUS_FLAGS,ranking,OOD,,length_bin,len_q1,192,28,164,0.7969,0.62,0.2745,0.542,0.0714,0.25,0.3571,0.6071,7.0,7.2083,1.0,5.125,metrics_ablation_bins_splitB.csv,bin_eval=length_bin:len_q1; stage=OOD; eval_track=ranking; n_total=192; n_pos=28; n_neg=164,OOD_BIN_LENGTH_BIN_LEN_Q1,,
B,ablation,M2_TFIDF_PLUS_FLAGS,ranking,OOD,ood_test_injection,length_bin,len_q1,170,1,169,0.7,0.43,0.125,0.9586,0.0,1.0,1.0,0.0,6.5,6.3529,0.8167,2.9286,metrics_ablation_bins_splitB__ood-ood_test_injection.csv,bin_eval=length_bin:len_q1; stage=OOD; eval_track=ranking; n_total=170; n_pos=1; n_neg=169; ood_name=ood_test_injection,OOD_BIN_LENGTH_BIN_LEN_Q1,,
B,ablation,M2_TFIDF_PLUS_FLAGS,ranking,OOD,ood_test_injection_standard,length_bin,len_q1,997,116,881,0.5747,0.4759,0.2304,0.6436,0.069,0.1466,0.2672,0.3966,12.0,13.9458,1.0,4.375,metrics_ablation_bins_splitB__ood-ood_test_injection_standard.csv,bin_eval=length_bin:len_q1; stage=OOD; eval_track=ranking; n_total=997; n_pos=116; n_neg=881; ood_name=ood_test_injection_standard,OOD_BIN_LENGTH_BIN_LEN_Q1,,
B,ablation,M3_TFIDF_PLUS_FLAGS_PLUS_IBVS_V1_TOTAL,deployment_threshold,OOD,,length_bin,len_q1,192,28,164,0.8542,0.4607,0.2699,0.5494,0.0714,0.1429,0.25,1.0,7.0,7.2083,1.0,5.125,metrics_ablation_bins_splitB.csv,bin_eval=length_bin:len_q1; stage=OOD; eval_track=deployment_threshold; n_total=192; n_pos=28; n_neg=164,OOD_BIN_LENGTH_BIN_LEN_Q1,,
B,ablation,M3_TFIDF_PLUS_FLAGS_PLUS_IBVS_V1_TOTAL,deployment_threshold,OOD,ood_test_injection,length_bin,len_q1,170,1,169,0.9824,0.4955,0.0833,0.9349,0.0,0.0,1.0,1.0,6.5,6.3529,0.8167,2.9286,metrics_ablation_bins_splitB__ood-ood_test_injection.csv,bin_eval=length_bin:len_q1; stage=OOD; eval_track=deployment_threshold; n_total=170; n_pos=1; n_neg=169; ood_name=ood_test_injection,OOD_BIN_LENGTH_BIN_LEN_Q1,,
B,ablation,M3_TFIDF_PLUS_FLAGS_PLUS_IBVS_V1_TOTAL,deployment_threshold,OOD,ood_test_injection_standard,length_bin,len_q1,997,116,881,0.8796,0.5727,0.2498,0.6644,0.0603,0.1897,0.2845,0.8621,12.0,13.9458,1.0,4.375,metrics_ablation_bins_splitB__ood-ood_test_injection_standard.csv,bin_eval=length_bin:len_q1; stage=OOD; eval_track=deployment_threshold; n_total=997; n_pos=116; n_neg=881; ood_name=ood_test_injection_standard,OOD_BIN_LENGTH_BIN_LEN_Q1,,
B,ablation,M3_TFIDF_PLUS_FLAGS_PLUS_IBVS_V1_TOTAL,ranking,OOD,,length_bin,len_q1,192,28,164,0.7344,0.5775,0.2699,0.5494,0.0714,0.1429,0.25,0.5714,7.0,7.2083,1.0,5.125,metrics_ablation_bins_splitB.csv,bin_eval=length_bin:len_q1; stage=OOD; eval_track=ranking; n_total=192; n_pos=28; n_neg=164,OOD_BIN_LENGTH_BIN_LEN_Q1,,
B,ablation,M3_TFIDF_PLUS_FLAGS_PLUS_IBVS_V1_TOTAL,ranking,OOD,ood_test_injection,length_bin,len_q1,170,1,169,0.6824,0.4228,0.0833,0.9349,0.0,0.0,1.0,0.0,6.5,6.3529,0.8167,2.9286,metrics_ablation_bins_splitB__ood-ood_test_injection.csv,bin_eval=length_bin:len_q1; stage=OOD; eval_track=ranking; n_total=170; n_pos=1; n_neg=169; ood_name=ood_test_injection,OOD_BIN_LENGTH_BIN_LEN_Q1,,
B,ablation,M3_TFIDF_PLUS_FLAGS_PLUS_IBVS_V1_TOTAL,ranking,OOD,ood_test_injection_standard,length_bin,len_q1,997,116,881,0.5717,0.4761,0.2498,0.6644,0.0603,0.1897,0.2845,0.3793,12.0,13.9458,1.0,4.375,metrics_ablation_bins_splitB__ood-ood_test_injection_standard.csv,bin_eval=length_bin:len_q1; stage=OOD; eval_track=ranking; n_total=997; n_pos=116; n_neg=881; ood_name=ood_test_injection_standard,OOD_BIN_LENGTH_BIN_LEN_Q1,,
B,ablation,M3_TFIDF_PLUS_FLAGS_PLUS_IBVS_V2_STRUCTURED,deployment_threshold,OOD,,length_bin,len_q1,192,28,164,0.8594,0.5263,0.2989,0.5375,0.0714,0.2143,0.3214,0.9286,7.0,7.2083,1.0,5.125,metrics_ablation_bins_splitB.csv,bin_eval=length_bin:len_q1; stage=OOD; eval_track=deployment_threshold; n_total=192; n_pos=28; n_neg=164,OOD_BIN_LENGTH_BIN_LEN_Q1,,
B,ablation,M3_TFIDF_PLUS_FLAGS_PLUS_IBVS_V2_STRUCTURED,deployment_threshold,OOD,ood_test_injection,length_bin,len_q1,170,1,169,0.9471,0.5772,0.1,0.9467,0.0,0.0,1.0,0.0,6.5,6.3529,0.8167,2.9286,metrics_ablation_bins_splitB__ood-ood_test_injection.csv,bin_eval=length_bin:len_q1; stage=OOD; eval_track=deployment_threshold; n_total=170; n_pos=1; n_neg=169; ood_name=ood_test_injection,OOD_BIN_LENGTH_BIN_LEN_Q1,,
B,ablation,M3_TFIDF_PLUS_FLAGS_PLUS_IBVS_V2_STRUCTURED,deployment_threshold,OOD,ood_test_injection_standard,length_bin,len_q1,997,116,881,0.8335,0.5921,0.2435,0.6515,0.0603,0.1897,0.2845,0.7241,12.0,13.9458,1.0,4.375,metrics_ablation_bins_splitB__ood-ood_test_injection_standard.csv,bin_eval=length_bin:len_q1; stage=OOD; eval_track=deployment_threshold; n_total=997; n_pos=116; n_neg=881; ood_name=ood_test_injection_standard,OOD_BIN_LENGTH_BIN_LEN_Q1,,
B,ablation,M3_TFIDF_PLUS_FLAGS_PLUS_IBVS_V2_STRUCTURED,ranking,OOD,,length_bin,len_q1,192,28,164,0.7969,0.6095,0.2989,0.5375,0.0714,0.2143,0.3214,0.6429,7.0,7.2083,1.0,5.125,metrics_ablation_bins_splitB.csv,bin_eval=length_bin:len_q1; stage=OOD; eval_track=ranking; n_total=192; n_pos=28; n_neg=164,OOD_BIN_LENGTH_BIN_LEN_Q1,,
B,ablation,M3_TFIDF_PLUS_FLAGS_PLUS_IBVS_V2_STRUCTURED,ranking,OOD,ood_test_injection,length_bin,len_q1,170,1,169,0.7294,0.4421,0.1,0.9467,0.0,0.0,1.0,0.0,6.5,6.3529,0.8167,2.9286,metrics_ablation_bins_splitB__ood-ood_test_injection.csv,bin_eval=length_bin:len_q1; stage=OOD; eval_track=ranking; n_total=170; n_pos=1; n_neg=169; ood_name=ood_test_injection,OOD_BIN_LENGTH_BIN_LEN_Q1,,
B,ablation,M3_TFIDF_PLUS_FLAGS_PLUS_IBVS_V2_STRUCTURED,ranking,OOD,ood_test_injection_standard,length_bin,len_q1,997,116,881,0.5898,0.4825,0.2435,0.6515,0.0603,0.1897,0.2845,0.4224,12.0,13.9458,1.0,4.375,metrics_ablation_bins_splitB__ood-ood_test_injection_standard.csv,bin_eval=length_bin:len_q1; stage=OOD; eval_track=ranking; n_total=997; n_pos=116; n_neg=881; ood_name=ood_test_injection_standard,OOD_BIN_LENGTH_BIN_LEN_Q1,,
B,ablation,M3_TFIDF_PLUS_FLAGS_PLUS_IBVS_V2_TAILCAL,deployment_threshold,OOD,,length_bin,len_q1,192,28,164,0.8542,0.4938,0.2926,0.5378,0.0714,0.2143,0.3214,0.9643,7.0,7.2083,1.0,5.125,metrics_ablation_bins_splitB.csv,bin_eval=length_bin:len_q1; stage=OOD; eval_track=deployment_threshold; n_total=192; n_pos=28; n_neg=164,OOD_BIN_LENGTH_BIN_LEN_Q1,,
B,ablation,M3_TFIDF_PLUS_FLAGS_PLUS_IBVS_V2_TAILCAL,deployment_threshold,OOD,ood_test_injection,length_bin,len_q1,170,1,169,0.9471,0.5772,0.1429,0.9645,0.0,1.0,1.0,0.0,6.5,6.3529,0.8167,2.9286,metrics_ablation_bins_splitB__ood-ood_test_injection.csv,bin_eval=length_bin:len_q1; stage=OOD; eval_track=deployment_threshold; n_total=170; n_pos=1; n_neg=169; ood_name=ood_test_injection,OOD_BIN_LENGTH_BIN_LEN_Q1,,
B,ablation,M3_TFIDF_PLUS_FLAGS_PLUS_IBVS_V2_TAILCAL,deployment_threshold,OOD,ood_test_injection_standard,length_bin,len_q1,997,116,881,0.8395,0.5913,0.2559,0.6582,0.069,0.2069,0.2672,0.7414,12.0,13.9458,1.0,4.375,metrics_ablation_bins_splitB__ood-ood_test_injection_standard.csv,bin_eval=length_bin:len_q1; stage=OOD; eval_track=deployment_threshold; n_total=997; n_pos=116; n_neg=881; ood_name=ood_test_injection_standard,OOD_BIN_LENGTH_BIN_LEN_Q1,,
B,ablation,M3_TFIDF_PLUS_FLAGS_PLUS_IBVS_V2_TAILCAL,ranking,OOD,,length_bin,len_q1,192,28,164,0.8021,0.6247,0.2926,0.5378,0.0714,0.2143,0.3214,0.6071,7.0,7.2083,1.0,5.125,metrics_ablation_bins_splitB.csv,bin_eval=length_bin:len_q1; stage=OOD; eval_track=ranking; n_total=192; n_pos=28; n_neg=164,OOD_BIN_LENGTH_BIN_LEN_Q1,,
B,ablation,M3_TFIDF_PLUS_FLAGS_PLUS_IBVS_V2_TAILCAL,ranking,OOD,ood_test_injection,length_bin,len_q1,170,1,169,0.7118,0.4348,0.1429,0.9645,0.0,1.0,1.0,0.0,6.5,6.3529,0.8167,2.9286,metrics_ablation_bins_splitB__ood-ood_test_injection.csv,bin_eval=length_bin:len_q1; stage=OOD; eval_track=ranking; n_total=170; n_pos=1; n_neg=169; ood_name=ood_test_injection,OOD_BIN_LENGTH_BIN_LEN_Q1,,
B,ablation,M3_TFIDF_PLUS_FLAGS_PLUS_IBVS_V2_TAILCAL,ranking,OOD,ood_test_injection_standard,length_bin,len_q1,997,116,881,0.5797,0.4769,0.2559,0.6582,0.069,0.2069,0.2672,0.4138,12.0,13.9458,1.0,4.375,metrics_ablation_bins_splitB__ood-ood_test_injection_standard.csv,bin_eval=length_bin:len_q1; stage=OOD; eval_track=ranking; n_total=997; n_pos=116; n_neg=881; ood_name=ood_test_injection_standard,OOD_BIN_LENGTH_BIN_LEN_Q1,,
B,ablation,M3_TFIDF_PLUS_FLAGS_PLUS_IBVS_V2_TOTAL,deployment_threshold,OOD,,length_bin,len_q1,192,28,164,0.8542,0.4938,0.2899,0.5449,0.0714,0.2143,0.3214,0.9643,7.0,7.2083,1.0,5.125,metrics_ablation_bins_splitB.csv,bin_eval=length_bin:len_q1; stage=OOD; eval_track=deployment_threshold; n_total=192; n_pos=28; n_neg=164,OOD_BIN_LENGTH_BIN_LEN_Q1,,
B,ablation,M3_TFIDF_PLUS_FLAGS_PLUS_IBVS_V2_TOTAL,deployment_threshold,OOD,ood_test_injection,length_bin,len_q1,170,1,169,0.9471,0.5772,0.1111,0.9527,0.0,1.0,1.0,0.0,6.5,6.3529,0.8167,2.9286,metrics_ablation_bins_splitB__ood-ood_test_injection.csv,bin_eval=length_bin:len_q1; stage=OOD; eval_track=deployment_threshold; n_total=170; n_pos=1; n_neg=169; ood_name=ood_test_injection,OOD_BIN_LENGTH_BIN_LEN_Q1,,
B,ablation,M3_TFIDF_PLUS_FLAGS_PLUS_IBVS_V2_TOTAL,deployment_threshold,OOD,ood_test_injection_standard,length_bin,len_q1,997,116,881,0.8415,0.5931,0.2361,0.6472,0.0776,0.1897,0.2586,0.7414,12.0,13.9458,1.0,4.375,metrics_ablation_bins_splitB__ood-ood_test_injection_standard.csv,bin_eval=length_bin:len_q1; stage=OOD; eval_track=deployment_threshold; n_total=997; n_pos=116; n_neg=881; ood_name=ood_test_injection_standard,OOD_BIN_LENGTH_BIN_LEN_Q1,,
B,ablation,M3_TFIDF_PLUS_FLAGS_PLUS_IBVS_V2_TOTAL,ranking,OOD,,length_bin,len_q1,192,28,164,0.7917,0.6153,0.2899,0.5449,0.0714,0.2143,0.3214,0.6071,7.0,7.2083,1.0,5.125,metrics_ablation_bins_splitB.csv,bin_eval=length_bin:len_q1; stage=OOD; eval_track=ranking; n_total=192; n_pos=28; n_neg=164,OOD_BIN_LENGTH_BIN_LEN_Q1,,
B,ablation,M3_TFIDF_PLUS_FLAGS_PLUS_IBVS_V2_TOTAL,ranking,OOD,ood_test_injection,length_bin,len_q1,170,1,169,0.6824,0.4228,0.1111,0.9527,0.0,1.0,1.0,0.0,6.5,6.3529,0.8167,2.9286,metrics_ablation_bins_splitB__ood-ood_test_injection.csv,bin_eval=length_bin:len_q1; stage=OOD; eval_track=ranking; n_total=170; n_pos=1; n_neg=169; ood_name=ood_test_injection,OOD_BIN_LENGTH_BIN_LEN_Q1,,
B,ablation,M3_TFIDF_PLUS_FLAGS_PLUS_IBVS_V2_TOTAL,ranking,OOD,ood_test_injection_standard,length_bin,len_q1,997,116,881,0.5587,0.4651,0.2361,0.6472,0.0776,0.1897,0.2586,0.3966,12.0,13.9458,1.0,4.375,metrics_ablation_bins_splitB__ood-ood_test_injection_standard.csv,bin_eval=length_bin:len_q1; stage=OOD; eval_track=ranking; n_total=997; n_pos=116; n_neg=881; ood_name=ood_test_injection_standard,OOD_BIN_LENGTH_BIN_LEN_Q1,,
B,ablation,M3_TFIDF_PLUS_FLAGS_PLUS_IBVS_V2_TRIPWIRE,deployment_threshold,OOD,,length_bin,len_q1,192,28,164,0.8542,0.4938,0.271,0.5446,0.0714,0.2143,0.3214,0.9643,7.0,7.2083,1.0,5.125,metrics_ablation_bins_splitB.csv,bin_eval=length_bin:len_q1; stage=OOD; eval_track=deployment_threshold; n_total=192; n_pos=28; n_neg=164,OOD_BIN_LENGTH_BIN_LEN_Q1,,
B,ablation,M3_TFIDF_PLUS_FLAGS_PLUS_IBVS_V2_TRIPWIRE,deployment_threshold,OOD,ood_test_injection,length_bin,len_q1,170,1,169,0.9471,0.5772,0.1,0.9467,0.0,0.0,1.0,0.0,6.5,6.3529,0.8167,2.9286,metrics_ablation_bins_splitB__ood-ood_test_injection.csv,bin_eval=length_bin:len_q1; stage=OOD; eval_track=deployment_threshold; n_total=170; n_pos=1; n_neg=169; ood_name=ood_test_injection,OOD_BIN_LENGTH_BIN_LEN_Q1,,
B,ablation,M3_TFIDF_PLUS_FLAGS_PLUS_IBVS_V2_TRIPWIRE,deployment_threshold,OOD,ood_test_injection_standard,length_bin,len_q1,997,116,881,0.8345,0.5991,0.2508,0.6485,0.0776,0.1897,0.3017,0.7069,12.0,13.9458,1.0,4.375,metrics_ablation_bins_splitB__ood-ood_test_injection_standard.csv,bin_eval=length_bin:len_q1; stage=OOD; eval_track=deployment_threshold; n_total=997; n_pos=116; n_neg=881; ood_name=ood_test_injection_standard,OOD_BIN_LENGTH_BIN_LEN_Q1,,
B,ablation,M3_TFIDF_PLUS_FLAGS_PLUS_IBVS_V2_TRIPWIRE,ranking,OOD,,length_bin,len_q1,192,28,164,0.8125,0.6121,0.271,0.5446,0.0714,0.2143,0.3214,0.6786,7.0,7.2083,1.0,5.125,metrics_ablation_bins_splitB.csv,bin_eval=length_bin:len_q1; stage=OOD; eval_track=ranking; n_total=192; n_pos=28; n_neg=164,OOD_BIN_LENGTH_BIN_LEN_Q1,,
B,ablation,M3_TFIDF_PLUS_FLAGS_PLUS_IBVS_V2_TRIPWIRE,ranking,OOD,ood_test_injection,length_bin,len_q1,170,1,169,0.7412,0.4469,0.1,0.9467,0.0,0.0,1.0,0.0,6.5,6.3529,0.8167,2.9286,metrics_ablation_bins_splitB__ood-ood_test_injection.csv,bin_eval=length_bin:len_q1; stage=OOD; eval_track=ranking; n_total=170; n_pos=1; n_neg=169; ood_name=ood_test_injection,OOD_BIN_LENGTH_BIN_LEN_Q1,,
B,ablation,M3_TFIDF_PLUS_FLAGS_PLUS_IBVS_V2_TRIPWIRE,ranking,OOD,ood_test_injection_standard,length_bin,len_q1,997,116,881,0.5938,0.4851,0.2508,0.6485,0.0776,0.1897,0.3017,0.4224,12.0,13.9458,1.0,4.375,metrics_ablation_bins_splitB__ood-ood_test_injection_standard.csv,bin_eval=length_bin:len_q1; stage=OOD; eval_track=ranking; n_total=997; n_pos=116; n_neg=881; ood_name=ood_test_injection_standard,OOD_BIN_LENGTH_BIN_LEN_Q1,,
B,hybrid,HYBRID_SEM_ANCHORED_IBVS_BOOST,deployment_threshold,OOD,,length_bin,len_q1,192,28,164,0.8385,0.6607,0.5077,0.8336,0.1786,0.3214,0.4286,0.6071,7.0,7.2083,1.0,5.125,metrics_hybrid_bins_splitB.csv,bin_eval=length_bin:len_q1; stage=OOD; eval_track=deployment_threshold; n_total=192; n_pos=28; n_neg=164,OOD_BIN_LENGTH_BIN_LEN_Q1,,
B,hybrid,HYBRID_SEM_ANCHORED_IBVS_BOOST,deployment_threshold,OOD,ood_test_injection,length_bin,len_q1,170,1,169,0.7882,0.4408,0.0068,0.142,0.0,0.0,0.0,1.0,6.5,6.3529,0.8167,2.9286,metrics_hybrid_bins_splitB__ood-ood_test_injection.csv,bin_eval=length_bin:len_q1; stage=OOD; eval_track=deployment_threshold; n_total=170; n_pos=1; n_neg=169; ood_name=ood_test_injection,OOD_BIN_LENGTH_BIN_LEN_Q1,,
B,hybrid,HYBRID_SEM_ANCHORED_IBVS_BOOST,deployment_threshold,OOD,ood_test_injection_standard,length_bin,len_q1,997,116,881,0.9268,0.8336,0.8107,0.9511,0.6293,0.8017,0.8534,0.2328,12.0,13.9458,1.0,4.375,metrics_hybrid_bins_splitB__ood-ood_test_injection_standard.csv,bin_eval=length_bin:len_q1; stage=OOD; eval_track=deployment_threshold; n_total=997; n_pos=116; n_neg=881; ood_name=ood_test_injection_standard,OOD_BIN_LENGTH_BIN_LEN_Q1,,
B,hybrid,HYBRID_SEM_ANCHORED_IBVS_BOOST_V2,deployment_threshold,OOD,,length_bin,len_q1,192,28,164,0.8385,0.6607,0.5077,0.8336,0.1786,0.3214,0.4286,0.6071,7.0,7.2083,1.0,5.125,metrics_hybrid_bins_splitB.csv,bin_eval=length_bin:len_q1; stage=OOD; eval_track=deployment_threshold; n_total=192; n_pos=28; n_neg=164,OOD_BIN_LENGTH_BIN_LEN_Q1,,
B,hybrid,HYBRID_SEM_ANCHORED_IBVS_BOOST_V2,deployment_threshold,OOD,ood_test_injection,length_bin,len_q1,170,1,169,0.7882,0.4408,0.0068,0.142,0.0,0.0,0.0,1.0,6.5,6.3529,0.8167,2.9286,metrics_hybrid_bins_splitB__ood-ood_test_injection.csv,bin_eval=length_bin:len_q1; stage=OOD; eval_track=deployment_threshold; n_total=170; n_pos=1; n_neg=169; ood_name=ood_test_injection,OOD_BIN_LENGTH_BIN_LEN_Q1,,
B,hybrid,HYBRID_SEM_ANCHORED_IBVS_BOOST_V2,deployment_threshold,OOD,ood_test_injection_standard,length_bin,len_q1,997,116,881,0.9268,0.8336,0.8107,0.9511,0.6293,0.8017,0.8534,0.2328,12.0,13.9458,1.0,4.375,metrics_hybrid_bins_splitB__ood-ood_test_injection_standard.csv,bin_eval=length_bin:len_q1; stage=OOD; eval_track=deployment_threshold; n_total=997; n_pos=116; n_neg=881; ood_name=ood_test_injection_standard,OOD_BIN_LENGTH_BIN_LEN_Q1,,
B,hybrid,HYBRID_SEM_ANCHORED_IBVS_VETO,deployment_threshold,OOD,,length_bin,len_q1,192,28,164,0.7292,0.6284,0.5077,0.8336,0.1786,0.3214,0.4286,0.2857,7.0,7.2083,1.0,5.125,metrics_hybrid_bins_splitB.csv,bin_eval=length_bin:len_q1; stage=OOD; eval_track=deployment_threshold; n_total=192; n_pos=28; n_neg=164,OOD_BIN_LENGTH_BIN_LEN_Q1,,
B,hybrid,HYBRID_SEM_ANCHORED_IBVS_VETO,deployment_threshold,OOD,ood_test_injection,length_bin,len_q1,170,1,169,0.6471,0.3929,0.0068,0.142,0.0,0.0,0.0,1.0,6.5,6.3529,0.8167,2.9286,metrics_hybrid_bins_splitB__ood-ood_test_injection.csv,bin_eval=length_bin:len_q1; stage=OOD; eval_track=deployment_threshold; n_total=170; n_pos=1; n_neg=169; ood_name=ood_test_injection,OOD_BIN_LENGTH_BIN_LEN_Q1,,
B,hybrid,HYBRID_SEM_ANCHORED_IBVS_VETO,deployment_threshold,OOD,ood_test_injection_standard,length_bin,len_q1,997,116,881,0.8636,0.76,0.8107,0.9511,0.6293,0.8017,0.8534,0.1121,12.0,13.9458,1.0,4.375,metrics_hybrid_bins_splitB__ood-ood_test_injection_standard.csv,bin_eval=length_bin:len_q1; stage=OOD; eval_track=deployment_threshold; n_total=997; n_pos=116; n_neg=881; ood_name=ood_test_injection_standard,OOD_BIN_LENGTH_BIN_LEN_Q1,,
B,hybrid,HYBRID_SEM_EXPERT_GATE_M1_M3,deployment_threshold,OOD,,length_bin,len_q1,192,28,164,0.7604,0.5982,0.2864,0.6754,0.0,0.0,0.3571,0.5714,7.0,7.2083,1.0,5.125,metrics_hybrid_bins_splitB.csv,bin_eval=length_bin:len_q1; stage=OOD; eval_track=deployment_threshold; n_total=192; n_pos=28; n_neg=164,OOD_BIN_LENGTH_BIN_LEN_Q1,,
B,hybrid,HYBRID_SEM_EXPERT_GATE_M1_M3,deployment_threshold,OOD,ood_test_injection,length_bin,len_q1,170,1,169,0.6765,0.4035,0.007,0.1598,0.0,0.0,0.0,1.0,6.5,6.3529,0.8167,2.9286,metrics_hybrid_bins_splitB__ood-ood_test_injection.csv,bin_eval=length_bin:len_q1; stage=OOD; eval_track=deployment_threshold; n_total=170; n_pos=1; n_neg=169; ood_name=ood_test_injection,OOD_BIN_LENGTH_BIN_LEN_Q1,,
B,hybrid,HYBRID_SEM_EXPERT_GATE_M1_M3,deployment_threshold,OOD,ood_test_injection_standard,length_bin,len_q1,997,116,881,0.8857,0.7788,0.6701,0.923,0.0,0.7845,0.7845,0.181,12.0,13.9458,1.0,4.375,metrics_hybrid_bins_splitB__ood-ood_test_injection_standard.csv,bin_eval=length_bin:len_q1; stage=OOD; eval_track=deployment_threshold; n_total=997; n_pos=116; n_neg=881; ood_name=ood_test_injection_standard,OOD_BIN_LENGTH_BIN_LEN_Q1,,
B,hybrid,HYBRID_SEM_GATE_ELSE_M3_IBVS_V2,deployment_threshold,OOD,,length_bin,len_q1,192,28,164,0.8646,0.6663,0.2947,0.4769,0.0357,0.25,0.4286,0.6786,7.0,7.2083,1.0,5.125,metrics_hybrid_bins_splitB.csv,bin_eval=length_bin:len_q1; stage=OOD; eval_track=deployment_threshold; n_total=192; n_pos=28; n_neg=164,OOD_BIN_LENGTH_BIN_LEN_Q1,,
B,hybrid,HYBRID_SEM_GATE_ELSE_M3_IBVS_V2,deployment_threshold,OOD,ood_test_injection,length_bin,len_q1,170,1,169,0.8706,0.4654,0.0119,0.5089,0.0,0.0,0.0,1.0,6.5,6.3529,0.8167,2.9286,metrics_hybrid_bins_splitB__ood-ood_test_injection.csv,bin_eval=length_bin:len_q1; stage=OOD; eval_track=deployment_threshold; n_total=170; n_pos=1; n_neg=169; ood_name=ood_test_injection,OOD_BIN_LENGTH_BIN_LEN_Q1,,
B,hybrid,HYBRID_SEM_GATE_ELSE_M3_IBVS_V2,deployment_threshold,OOD,ood_test_injection_standard,length_bin,len_q1,997,116,881,0.9067,0.7773,0.238,0.7543,0.0345,0.0948,0.1466,0.3793,12.0,13.9458,1.0,4.375,metrics_hybrid_bins_splitB__ood-ood_test_injection_standard.csv,bin_eval=length_bin:len_q1; stage=OOD; eval_track=deployment_threshold; n_total=997; n_pos=116; n_neg=881; ood_name=ood_test_injection_standard,OOD_BIN_LENGTH_BIN_LEN_Q1,,
B,hybrid,HYBRID_SEM_LEARNED_META_FUSION,deployment_threshold,OOD,,length_bin,len_q1,192,28,164,0.8073,0.6394,0.3367,0.7481,0.0,0.0,0.4286,0.5714,7.0,7.2083,1.0,5.125,metrics_hybrid_bins_splitB.csv,bin_eval=length_bin:len_q1; stage=OOD; eval_track=deployment_threshold; n_total=192; n_pos=28; n_neg=164,OOD_BIN_LENGTH_BIN_LEN_Q1,,
B,hybrid,HYBRID_SEM_LEARNED_META_FUSION,deployment_threshold,OOD,ood_test_injection,length_bin,len_q1,170,1,169,0.7118,0.4158,0.0068,0.142,0.0,0.0,0.0,1.0,6.5,6.3529,0.8167,2.9286,metrics_hybrid_bins_splitB__ood-ood_test_injection.csv,bin_eval=length_bin:len_q1; stage=OOD; eval_track=deployment_threshold; n_total=170; n_pos=1; n_neg=169; ood_name=ood_test_injection,OOD_BIN_LENGTH_BIN_LEN_Q1,,
B,hybrid,HYBRID_SEM_LEARNED_META_FUSION,deployment_threshold,OOD,ood_test_injection_standard,length_bin,len_q1,997,116,881,0.8907,0.7807,0.7462,0.9243,0.0,0.75,0.7931,0.2155,12.0,13.9458,1.0,4.375,metrics_hybrid_bins_splitB__ood-ood_test_injection_standard.csv,bin_eval=length_bin:len_q1; stage=OOD; eval_track=deployment_threshold; n_total=997; n_pos=116; n_neg=881; ood_name=ood_test_injection_standard,OOD_BIN_LENGTH_BIN_LEN_Q1,,
B,semantic,SEM_LOGREG_BGE,deployment_threshold,OOD,ood_test,length_bin,len_q1,192,28,164,0.7292,0.6284,0.5077,0.8336,0.1786,0.3214,0.4286,0.2857,7.0,7.2083,1.0,5.125,metrics_semantic_bins_splitB.csv,bin_eval=length_bin:len_q1; stage=OOD; eval_track=deployment_threshold; n_total=192; n_pos=28; n_neg=164; ood_name=ood_test,OOD_BIN_LENGTH_BIN_LEN_Q1,,
B,semantic,SEM_LOGREG_BGE,deployment_threshold,OOD,ood_test_injection,length_bin,len_q1,170,1,169,0.6471,0.3929,0.0068,0.142,0.0,0.0,0.0,1.0,6.5,6.3529,0.8167,2.9286,metrics_semantic_bins_splitB__ood-ood_test_injection.csv,bin_eval=length_bin:len_q1; stage=OOD; eval_track=deployment_threshold; n_total=170; n_pos=1; n_neg=169; ood_name=ood_test_injection,OOD_BIN_LENGTH_BIN_LEN_Q1,,
B,semantic,SEM_LOGREG_BGE,deployment_threshold,OOD,ood_test_injection_standard,length_bin,len_q1,997,116,881,0.8636,0.76,0.8107,0.9511,0.6293,0.8017,0.8534,0.1121,12.0,13.9458,1.0,4.375,metrics_semantic_bins_splitB__ood-ood_test_injection_standard.csv,bin_eval=length_bin:len_q1; stage=OOD; eval_track=deployment_threshold; n_total=997; n_pos=116; n_neg=881; ood_name=ood_test_injection_standard,OOD_BIN_LENGTH_BIN_LEN_Q1,,
B,ablation,M1_TFIDF_ONLY,deployment_threshold,OOD,,length_bin,len_q2,192,84,108,0.6354,0.5327,0.639,0.6039,0.1786,0.2619,0.3214,0.8095,10.0,10.0312,1.0,4.8889,metrics_ablation_bins_splitB.csv,bin_eval=length_bin:len_q2; stage=OOD; eval_track=deployment_threshold; n_total=192; n_pos=84; n_neg=108,OOD_BIN_LENGTH_BIN_LEN_Q2,,
B,ablation,M1_TFIDF_ONLY,deployment_threshold,OOD,ood_test_injection,length_bin,len_q2,169,6,163,0.8284,0.5797,0.3829,0.9141,0.1667,0.6667,0.6667,0.1667,18.0,19.3314,0.9375,5.15,metrics_ablation_bins_splitB__ood-ood_test_injection.csv,bin_eval=length_bin:len_q2; stage=OOD; eval_track=deployment_threshold; n_total=169; n_pos=6; n_neg=163; ood_name=ood_test_injection,OOD_BIN_LENGTH_BIN_LEN_Q2,,
B,ablation,M1_TFIDF_ONLY,deployment_threshold,OOD,ood_test_injection_standard,length_bin,len_q2,996,524,472,0.6024,0.6023,0.6514,0.6546,0.0286,0.1336,0.2233,0.4427,78.0,73.7791,0.7853,4.9795,metrics_ablation_bins_splitB__ood-ood_test_injection_standard.csv,bin_eval=length_bin:len_q2; stage=OOD; eval_track=deployment_threshold; n_total=996; n_pos=524; n_neg=472; ood_name=ood_test_injection_standard,OOD_BIN_LENGTH_BIN_LEN_Q2,,
B,ablation,M1_TFIDF_ONLY,ranking,OOD,,length_bin,len_q2,192,84,108,0.5729,0.5607,0.639,0.6039,0.1786,0.2619,0.3214,0.5357,10.0,10.0312,1.0,4.8889,metrics_ablation_bins_splitB.csv,bin_eval=length_bin:len_q2; stage=OOD; eval_track=ranking; n_total=192; n_pos=84; n_neg=108,OOD_BIN_LENGTH_BIN_LEN_Q2,,
B,ablation,M1_TFIDF_ONLY,ranking,OOD,ood_test_injection,length_bin,len_q2,169,6,163,0.4201,0.3396,0.3829,0.9141,0.1667,0.6667,0.6667,0.0,18.0,19.3314,0.9375,5.15,metrics_ablation_bins_splitB__ood-ood_test_injection.csv,bin_eval=length_bin:len_q2; stage=OOD; eval_track=ranking; n_total=169; n_pos=6; n_neg=163; ood_name=ood_test_injection,OOD_BIN_LENGTH_BIN_LEN_Q2,,
B,ablation,M1_TFIDF_ONLY,ranking,OOD,ood_test_injection_standard,length_bin,len_q2,996,524,472,0.5944,0.5046,0.6514,0.6546,0.0286,0.1336,0.2233,0.0305,78.0,73.7791,0.7853,4.9795,metrics_ablation_bins_splitB__ood-ood_test_injection_standard.csv,bin_eval=length_bin:len_q2; stage=OOD; eval_track=ranking; n_total=996; n_pos=524; n_neg=472; ood_name=ood_test_injection_standard,OOD_BIN_LENGTH_BIN_LEN_Q2,,
B,ablation,M2_TFIDF_PLUS_FLAGS,deployment_threshold,OOD,,length_bin,len_q2,192,84,108,0.6094,0.4896,0.6126,0.5942,0.0714,0.2262,0.3214,0.8571,10.0,10.0312,1.0,4.8889,metrics_ablation_bins_splitB.csv,bin_eval=length_bin:len_q2; stage=OOD; eval_track=deployment_threshold; n_total=192; n_pos=84; n_neg=108,OOD_BIN_LENGTH_BIN_LEN_Q2,,
B,ablation,M2_TFIDF_PLUS_FLAGS,deployment_threshold,OOD,ood_test_injection,length_bin,len_q2,169,6,163,0.7456,0.5331,0.4344,0.8957,0.3333,0.3333,0.5,0.0,18.0,19.3314,0.9375,5.15,metrics_ablation_bins_splitB__ood-ood_test_injection.csv,bin_eval=length_bin:len_q2; stage=OOD; eval_track=deployment_threshold; n_total=169; n_pos=6; n_neg=163; ood_name=ood_test_injection,OOD_BIN_LENGTH_BIN_LEN_Q2,,
B,ablation,M2_TFIDF_PLUS_FLAGS,deployment_threshold,OOD,ood_test_injection_standard,length_bin,len_q2,996,524,472,0.5161,0.4857,0.5847,0.5544,0.021,0.0859,0.1756,0.7405,78.0,73.7791,0.7853,4.9795,metrics_ablation_bins_splitB__ood-ood_test_injection_standard.csv,bin_eval=length_bin:len_q2; stage=OOD; eval_track=deployment_threshold; n_total=996; n_pos=524; n_neg=472; ood_name=ood_test_injection_standard,OOD_BIN_LENGTH_BIN_LEN_Q2,,
B,ablation,M2_TFIDF_PLUS_FLAGS,ranking,OOD,,length_bin,len_q2,192,84,108,0.6458,0.6344,0.6126,0.5942,0.0714,0.2262,0.3214,0.4643,10.0,10.0312,1.0,4.8889,metrics_ablation_bins_splitB.csv,bin_eval=length_bin:len_q2; stage=OOD; eval_track=ranking; n_total=192; n_pos=84; n_neg=108,OOD_BIN_LENGTH_BIN_LEN_Q2,,
B,ablation,M2_TFIDF_PLUS_FLAGS,ranking,OOD,ood_test_injection,length_bin,len_q2,169,6,163,0.2722,0.2415,0.4344,0.8957,0.3333,0.3333,0.5,0.0,18.0,19.3314,0.9375,5.15,metrics_ablation_bins_splitB__ood-ood_test_injection.csv,bin_eval=length_bin:len_q2; stage=OOD; eval_track=ranking; n_total=169; n_pos=6; n_neg=163; ood_name=ood_test_injection,OOD_BIN_LENGTH_BIN_LEN_Q2,,
B,ablation,M2_TFIDF_PLUS_FLAGS,ranking,OOD,ood_test_injection_standard,length_bin,len_q2,996,524,472,0.5402,0.4127,0.5847,0.5544,0.021,0.0859,0.1756,0.0439,78.0,73.7791,0.7853,4.9795,metrics_ablation_bins_splitB__ood-ood_test_injection_standard.csv,bin_eval=length_bin:len_q2; stage=OOD; eval_track=ranking; n_total=996; n_pos=524; n_neg=472; ood_name=ood_test_injection_standard,OOD_BIN_LENGTH_BIN_LEN_Q2,,
B,ablation,M3_TFIDF_PLUS_FLAGS_PLUS_IBVS_V1_TOTAL,deployment_threshold,OOD,,length_bin,len_q2,192,84,108,0.5833,0.4103,0.6155,0.5718,0.131,0.25,0.2857,0.9524,10.0,10.0312,1.0,4.8889,metrics_ablation_bins_splitB.csv,bin_eval=length_bin:len_q2; stage=OOD; eval_track=deployment_threshold; n_total=192; n_pos=84; n_neg=108,OOD_BIN_LENGTH_BIN_LEN_Q2,,
B,ablation,M3_TFIDF_PLUS_FLAGS_PLUS_IBVS_V1_TOTAL,deployment_threshold,OOD,ood_test_injection,length_bin,len_q2,169,6,163,0.8462,0.5513,0.2842,0.8793,0.3333,0.3333,0.3333,0.5,18.0,19.3314,0.9375,5.15,metrics_ablation_bins_splitB__ood-ood_test_injection.csv,bin_eval=length_bin:len_q2; stage=OOD; eval_track=deployment_threshold; n_total=169; n_pos=6; n_neg=163; ood_name=ood_test_injection,OOD_BIN_LENGTH_BIN_LEN_Q2,,
B,ablation,M3_TFIDF_PLUS_FLAGS_PLUS_IBVS_V1_TOTAL,deployment_threshold,OOD,ood_test_injection_standard,length_bin,len_q2,996,524,472,0.496,0.3991,0.5922,0.563,0.0267,0.0878,0.1565,0.9103,78.0,73.7791,0.7853,4.9795,metrics_ablation_bins_splitB__ood-ood_test_injection_standard.csv,bin_eval=length_bin:len_q2; stage=OOD; eval_track=deployment_threshold; n_total=996; n_pos=524; n_neg=472; ood_name=ood_test_injection_standard,OOD_BIN_LENGTH_BIN_LEN_Q2,,
B,ablation,M3_TFIDF_PLUS_FLAGS_PLUS_IBVS_V1_TOTAL,ranking,OOD,,length_bin,len_q2,192,84,108,0.651,0.636,0.6155,0.5718,0.131,0.25,0.2857,0.4881,10.0,10.0312,1.0,4.8889,metrics_ablation_bins_splitB.csv,bin_eval=length_bin:len_q2; stage=OOD; eval_track=ranking; n_total=192; n_pos=84; n_neg=108,OOD_BIN_LENGTH_BIN_LEN_Q2,,
B,ablation,M3_TFIDF_PLUS_FLAGS_PLUS_IBVS_V1_TOTAL,ranking,OOD,ood_test_injection,length_bin,len_q2,169,6,163,0.2604,0.2329,0.2842,0.8793,0.3333,0.3333,0.3333,0.0,18.0,19.3314,0.9375,5.15,metrics_ablation_bins_splitB__ood-ood_test_injection.csv,bin_eval=length_bin:len_q2; stage=OOD; eval_track=ranking; n_total=169; n_pos=6; n_neg=163; ood_name=ood_test_injection,OOD_BIN_LENGTH_BIN_LEN_Q2,,
B,ablation,M3_TFIDF_PLUS_FLAGS_PLUS_IBVS_V1_TOTAL,ranking,OOD,ood_test_injection_standard,length_bin,len_q2,996,524,472,0.5371,0.4123,0.5922,0.563,0.0267,0.0878,0.1565,0.0515,78.0,73.7791,0.7853,4.9795,metrics_ablation_bins_splitB__ood-ood_test_injection_standard.csv,bin_eval=length_bin:len_q2; stage=OOD; eval_track=ranking; n_total=996; n_pos=524; n_neg=472; ood_name=ood_test_injection_standard,OOD_BIN_LENGTH_BIN_LEN_Q2,,
B,ablation,M3_TFIDF_PLUS_FLAGS_PLUS_IBVS_V2_STRUCTURED,deployment_threshold,OOD,,length_bin,len_q2,192,84,108,0.599,0.4615,0.6205,0.5945,0.1071,0.2024,0.2857,0.8929,10.0,10.0312,1.0,4.8889,metrics_ablation_bins_splitB.csv,bin_eval=length_bin:len_q2; stage=OOD; eval_track=deployment_threshold; n_total=192; n_pos=84; n_neg=108,OOD_BIN_LENGTH_BIN_LEN_Q2,,
B,ablation,M3_TFIDF_PLUS_FLAGS_PLUS_IBVS_V2_STRUCTURED,deployment_threshold,OOD,ood_test_injection,length_bin,len_q2,169,6,163,0.7692,0.5497,0.4405,0.9029,0.3333,0.3333,0.5,0.0,18.0,19.3314,0.9375,5.15,metrics_ablation_bins_splitB__ood-ood_test_injection.csv,bin_eval=length_bin:len_q2; stage=OOD; eval_track=deployment_threshold; n_total=169; n_pos=6; n_neg=163; ood_name=ood_test_injection,OOD_BIN_LENGTH_BIN_LEN_Q2,,
B,ablation,M3_TFIDF_PLUS_FLAGS_PLUS_IBVS_V2_STRUCTURED,deployment_threshold,OOD,ood_test_injection_standard,length_bin,len_q2,996,524,472,0.5482,0.5259,0.6117,0.5838,0.0382,0.1088,0.2118,0.6851,78.0,73.7791,0.7853,4.9795,metrics_ablation_bins_splitB__ood-ood_test_injection_standard.csv,bin_eval=length_bin:len_q2; stage=OOD; eval_track=deployment_threshold; n_total=996; n_pos=524; n_neg=472; ood_name=ood_test_injection_standard,OOD_BIN_LENGTH_BIN_LEN_Q2,,
B,ablation,M3_TFIDF_PLUS_FLAGS_PLUS_IBVS_V2_STRUCTURED,ranking,OOD,,length_bin,len_q2,192,84,108,0.6406,0.6216,0.6205,0.5945,0.1071,0.2024,0.2857,0.5238,10.0,10.0312,1.0,4.8889,metrics_ablation_bins_splitB.csv,bin_eval=length_bin:len_q2; stage=OOD; eval_track=ranking; n_total=192; n_pos=84; n_neg=108,OOD_BIN_LENGTH_BIN_LEN_Q2,,
B,ablation,M3_TFIDF_PLUS_FLAGS_PLUS_IBVS_V2_STRUCTURED,ranking,OOD,ood_test_injection,length_bin,len_q2,169,6,163,0.3136,0.2707,0.4405,0.9029,0.3333,0.3333,0.5,0.0,18.0,19.3314,0.9375,5.15,metrics_ablation_bins_splitB__ood-ood_test_injection.csv,bin_eval=length_bin:len_q2; stage=OOD; eval_track=ranking; n_total=169; n_pos=6; n_neg=163; ood_name=ood_test_injection,OOD_BIN_LENGTH_BIN_LEN_Q2,,
B,ablation,M3_TFIDF_PLUS_FLAGS_PLUS_IBVS_V2_STRUCTURED,ranking,OOD,ood_test_injection_standard,length_bin,len_q2,996,524,472,0.5422,0.4299,0.6117,0.5838,0.0382,0.1088,0.2118,0.063,78.0,73.7791,0.7853,4.9795,metrics_ablation_bins_splitB__ood-ood_test_injection_standard.csv,bin_eval=length_bin:len_q2; stage=OOD; eval_track=ranking; n_total=996; n_pos=524; n_neg=472; ood_name=ood_test_injection_standard,OOD_BIN_LENGTH_BIN_LEN_Q2,,
B,ablation,M3_TFIDF_PLUS_FLAGS_PLUS_IBVS_V2_TAILCAL,deployment_threshold,OOD,,length_bin,len_q2,192,84,108,0.599,0.4615,0.6192,0.5882,0.1071,0.2143,0.2738,0.8929,10.0,10.0312,1.0,4.8889,metrics_ablation_bins_splitB.csv,bin_eval=length_bin:len_q2; stage=OOD; eval_track=deployment_threshold; n_total=192; n_pos=84; n_neg=108,OOD_BIN_LENGTH_BIN_LEN_Q2,,
B,ablation,M3_TFIDF_PLUS_FLAGS_PLUS_IBVS_V2_TAILCAL,deployment_threshold,OOD,ood_test_injection,length_bin,len_q2,169,6,163,0.7574,0.5413,0.3434,0.8845,0.1667,0.3333,0.3333,0.0,18.0,19.3314,0.9375,5.15,metrics_ablation_bins_splitB__ood-ood_test_injection.csv,bin_eval=length_bin:len_q2; stage=OOD; eval_track=deployment_threshold; n_total=169; n_pos=6; n_neg=163; ood_name=ood_test_injection,OOD_BIN_LENGTH_BIN_LEN_Q2,,
B,ablation,M3_TFIDF_PLUS_FLAGS_PLUS_IBVS_V2_TAILCAL,deployment_threshold,OOD,ood_test_injection_standard,length_bin,len_q2,996,524,472,0.5482,0.525,0.6196,0.5864,0.0363,0.1298,0.2023,0.6889,78.0,73.7791,0.7853,4.9795,metrics_ablation_bins_splitB__ood-ood_test_injection_standard.csv,bin_eval=length_bin:len_q2; stage=OOD; eval_track=deployment_threshold; n_total=996; n_pos=524; n_neg=472; ood_name=ood_test_injection_standard,OOD_BIN_LENGTH_BIN_LEN_Q2,,
B,ablation,M3_TFIDF_PLUS_FLAGS_PLUS_IBVS_V2_TAILCAL,ranking,OOD,,length_bin,len_q2,192,84,108,0.6458,0.6314,0.6192,0.5882,0.1071,0.2143,0.2738,0.4881,10.0,10.0312,1.0,4.8889,metrics_ablation_bins_splitB.csv,bin_eval=length_bin:len_q2; stage=OOD; eval_track=ranking; n_total=192; n_pos=84; n_neg=108,OOD_BIN_LENGTH_BIN_LEN_Q2,,
B,ablation,M3_TFIDF_PLUS_FLAGS_PLUS_IBVS_V2_TAILCAL,ranking,OOD,ood_test_injection,length_bin,len_q2,169,6,163,0.3018,0.2625,0.3434,0.8845,0.1667,0.3333,0.3333,0.0,18.0,19.3314,0.9375,5.15,metrics_ablation_bins_splitB__ood-ood_test_injection.csv,bin_eval=length_bin:len_q2; stage=OOD; eval_track=ranking; n_total=169; n_pos=6; n_neg=163; ood_name=ood_test_injection,OOD_BIN_LENGTH_BIN_LEN_Q2,,
B,ablation,M3_TFIDF_PLUS_FLAGS_PLUS_IBVS_V2_TAILCAL,ranking,OOD,ood_test_injection_standard,length_bin,len_q2,996,524,472,0.5392,0.4163,0.6196,0.5864,0.0363,0.1298,0.2023,0.0515,78.0,73.7791,0.7853,4.9795,metrics_ablation_bins_splitB__ood-ood_test_injection_standard.csv,bin_eval=length_bin:len_q2; stage=OOD; eval_track=ranking; n_total=996; n_pos=524; n_neg=472; ood_name=ood_test_injection_standard,OOD_BIN_LENGTH_BIN_LEN_Q2,,
B,ablation,M3_TFIDF_PLUS_FLAGS_PLUS_IBVS_V2_TOTAL,deployment_threshold,OOD,,length_bin,len_q2,192,84,108,0.5938,0.4583,0.6176,0.5975,0.1071,0.2143,0.2381,0.8929,10.0,10.0312,1.0,4.8889,metrics_ablation_bins_splitB.csv,bin_eval=length_bin:len_q2; stage=OOD; eval_track=deployment_threshold; n_total=192; n_pos=84; n_neg=108,OOD_BIN_LENGTH_BIN_LEN_Q2,,
B,ablation,M3_TFIDF_PLUS_FLAGS_PLUS_IBVS_V2_TOTAL,deployment_threshold,OOD,ood_test_injection,length_bin,len_q2,169,6,163,0.7633,0.5455,0.3798,0.8845,0.3333,0.3333,0.5,0.0,18.0,19.3314,0.9375,5.15,metrics_ablation_bins_splitB__ood-ood_test_injection.csv,bin_eval=length_bin:len_q2; stage=OOD; eval_track=deployment_threshold; n_total=169; n_pos=6; n_neg=163; ood_name=ood_test_injection,OOD_BIN_LENGTH_BIN_LEN_Q2,,
B,ablation,M3_TFIDF_PLUS_FLAGS_PLUS_IBVS_V2_TOTAL,deployment_threshold,OOD,ood_test_injection_standard,length_bin,len_q2,996,524,472,0.5301,0.5041,0.5858,0.556,0.0191,0.1031,0.1718,0.7137,78.0,73.7791,0.7853,4.9795,metrics_ablation_bins_splitB__ood-ood_test_injection_standard.csv,bin_eval=length_bin:len_q2; stage=OOD; eval_track=deployment_threshold; n_total=996; n_pos=524; n_neg=472; ood_name=ood_test_injection_standard,OOD_BIN_LENGTH_BIN_LEN_Q2,,
B,ablation,M3_TFIDF_PLUS_FLAGS_PLUS_IBVS_V2_TOTAL,ranking,OOD,,length_bin,len_q2,192,84,108,0.6406,0.6297,0.6176,0.5975,0.1071,0.2143,0.2381,0.4643,10.0,10.0312,1.0,4.8889,metrics_ablation_bins_splitB.csv,bin_eval=length_bin:len_q2; stage=OOD; eval_track=ranking; n_total=192; n_pos=84; n_neg=108,OOD_BIN_LENGTH_BIN_LEN_Q2,,
B,ablation,M3_TFIDF_PLUS_FLAGS_PLUS_IBVS_V2_TOTAL,ranking,OOD,ood_test_injection,length_bin,len_q2,169,6,163,0.2544,0.2285,0.3798,0.8845,0.3333,0.3333,0.5,0.0,18.0,19.3314,0.9375,5.15,metrics_ablation_bins_splitB__ood-ood_test_injection.csv,bin_eval=length_bin:len_q2; stage=OOD; eval_track=ranking; n_total=169; n_pos=6; n_neg=163; ood_name=ood_test_injection,OOD_BIN_LENGTH_BIN_LEN_Q2,,
B,ablation,M3_TFIDF_PLUS_FLAGS_PLUS_IBVS_V2_TOTAL,ranking,OOD,ood_test_injection_standard,length_bin,len_q2,996,524,472,0.5281,0.3884,0.5858,0.556,0.0191,0.1031,0.1718,0.0439,78.0,73.7791,0.7853,4.9795,metrics_ablation_bins_splitB__ood-ood_test_injection_standard.csv,bin_eval=length_bin:len_q2; stage=OOD; eval_track=ranking; n_total=996; n_pos=524; n_neg=472; ood_name=ood_test_injection_standard,OOD_BIN_LENGTH_BIN_LEN_Q2,,
B,ablation,M3_TFIDF_PLUS_FLAGS_PLUS_IBVS_V2_TRIPWIRE,deployment_threshold,OOD,,length_bin,len_q2,192,84,108,0.5938,0.4506,0.6094,0.5885,0.0952,0.2024,0.2976,0.9048,10.0,10.0312,1.0,4.8889,metrics_ablation_bins_splitB.csv,bin_eval=length_bin:len_q2; stage=OOD; eval_track=deployment_threshold; n_total=192; n_pos=84; n_neg=108,OOD_BIN_LENGTH_BIN_LEN_Q2,,
B,ablation,M3_TFIDF_PLUS_FLAGS_PLUS_IBVS_V2_TRIPWIRE,deployment_threshold,OOD,ood_test_injection,length_bin,len_q2,169,6,163,0.7515,0.5372,0.3841,0.8957,0.3333,0.3333,0.5,0.0,18.0,19.3314,0.9375,5.15,metrics_ablation_bins_splitB__ood-ood_test_injection.csv,bin_eval=length_bin:len_q2; stage=OOD; eval_track=deployment_threshold; n_total=169; n_pos=6; n_neg=163; ood_name=ood_test_injection,OOD_BIN_LENGTH_BIN_LEN_Q2,,
B,ablation,M3_TFIDF_PLUS_FLAGS_PLUS_IBVS_V2_TRIPWIRE,deployment_threshold,OOD,ood_test_injection_standard,length_bin,len_q2,996,524,472,0.5281,0.503,0.5907,0.5627,0.0229,0.0935,0.1737,0.7118,78.0,73.7791,0.7853,4.9795,metrics_ablation_bins_splitB__ood-ood_test_injection_standard.csv,bin_eval=length_bin:len_q2; stage=OOD; eval_track=deployment_threshold; n_total=996; n_pos=524; n_neg=472; ood_name=ood_test_injection_standard,OOD_BIN_LENGTH_BIN_LEN_Q2,,
B,ablation,M3_TFIDF_PLUS_FLAGS_PLUS_IBVS_V2_TRIPWIRE,ranking,OOD,,length_bin,len_q2,192,84,108,0.6302,0.6107,0.6094,0.5885,0.0952,0.2024,0.2976,0.5357,10.0,10.0312,1.0,4.8889,metrics_ablation_bins_splitB.csv,bin_eval=length_bin:len_q2; stage=OOD; eval_track=ranking; n_total=192; n_pos=84; n_neg=108,OOD_BIN_LENGTH_BIN_LEN_Q2,,
B,ablation,M3_TFIDF_PLUS_FLAGS_PLUS_IBVS_V2_TRIPWIRE,ranking,OOD,ood_test_injection,length_bin,len_q2,169,6,163,0.3254,0.2788,0.3841,0.8957,0.3333,0.3333,0.5,0.0,18.0,19.3314,0.9375,5.15,metrics_ablation_bins_splitB__ood-ood_test_injection.csv,bin_eval=length_bin:len_q2; stage=OOD; eval_track=ranking; n_total=169; n_pos=6; n_neg=163; ood_name=ood_test_injection,OOD_BIN_LENGTH_BIN_LEN_Q2,,
B,ablation,M3_TFIDF_PLUS_FLAGS_PLUS_IBVS_V2_TRIPWIRE,ranking,OOD,ood_test_injection_standard,length_bin,len_q2,996,524,472,0.5281,0.4098,0.5907,0.5627,0.0229,0.0935,0.1737,0.0725,78.0,73.7791,0.7853,4.9795,metrics_ablation_bins_splitB__ood-ood_test_injection_standard.csv,bin_eval=length_bin:len_q2; stage=OOD; eval_track=ranking; n_total=996; n_pos=524; n_neg=472; ood_name=ood_test_injection_standard,OOD_BIN_LENGTH_BIN_LEN_Q2,,
B,hybrid,HYBRID_SEM_ANCHORED_IBVS_BOOST,deployment_threshold,OOD,,length_bin,len_q2,192,84,108,0.6719,0.6199,0.7363,0.7739,0.2024,0.3095,0.369,0.6548,10.0,10.0312,1.0,4.8889,metrics_hybrid_bins_splitB.csv,bin_eval=length_bin:len_q2; stage=OOD; eval_track=deployment_threshold; n_total=192; n_pos=84; n_neg=108,OOD_BIN_LENGTH_BIN_LEN_Q2,,
B,hybrid,HYBRID_SEM_ANCHORED_IBVS_BOOST,deployment_threshold,OOD,ood_test_injection,length_bin,len_q2,169,6,163,0.5917,0.4301,0.2723,0.7679,0.0,0.5,0.6667,0.1667,18.0,19.3314,0.9375,5.15,metrics_hybrid_bins_splitB__ood-ood_test_injection.csv,bin_eval=length_bin:len_q2; stage=OOD; eval_track=deployment_threshold; n_total=169; n_pos=6; n_neg=163; ood_name=ood_test_injection,OOD_BIN_LENGTH_BIN_LEN_Q2,,
B,hybrid,HYBRID_SEM_ANCHORED_IBVS_BOOST,deployment_threshold,OOD,ood_test_injection_standard,length_bin,len_q2,996,524,472,0.6797,0.6793,0.7253,0.7457,0.0439,0.1489,0.2844,0.3874,78.0,73.7791,0.7853,4.9795,metrics_hybrid_bins_splitB__ood-ood_test_injection_standard.csv,bin_eval=length_bin:len_q2; stage=OOD; eval_track=deployment_threshold; n_total=996; n_pos=524; n_neg=472; ood_name=ood_test_injection_standard,OOD_BIN_LENGTH_BIN_LEN_Q2,,
B,hybrid,HYBRID_SEM_ANCHORED_IBVS_BOOST_V2,deployment_threshold,OOD,,length_bin,len_q2,192,84,108,0.6719,0.6199,0.7363,0.7739,0.2024,0.3095,0.369,0.6548,10.0,10.0312,1.0,4.8889,metrics_hybrid_bins_splitB.csv,bin_eval=length_bin:len_q2; stage=OOD; eval_track=deployment_threshold; n_total=192; n_pos=84; n_neg=108,OOD_BIN_LENGTH_BIN_LEN_Q2,,
B,hybrid,HYBRID_SEM_ANCHORED_IBVS_BOOST_V2,deployment_threshold,OOD,ood_test_injection,length_bin,len_q2,169,6,163,0.5917,0.4301,0.2723,0.7679,0.0,0.5,0.6667,0.1667,18.0,19.3314,0.9375,5.15,metrics_hybrid_bins_splitB__ood-ood_test_injection.csv,bin_eval=length_bin:len_q2; stage=OOD; eval_track=deployment_threshold; n_total=169; n_pos=6; n_neg=163; ood_name=ood_test_injection,OOD_BIN_LENGTH_BIN_LEN_Q2,,
B,hybrid,HYBRID_SEM_ANCHORED_IBVS_BOOST_V2,deployment_threshold,OOD,ood_test_injection_standard,length_bin,len_q2,996,524,472,0.6797,0.6793,0.7253,0.7457,0.0439,0.1489,0.2844,0.3874,78.0,73.7791,0.7853,4.9795,metrics_hybrid_bins_splitB__ood-ood_test_injection_standard.csv,bin_eval=length_bin:len_q2; stage=OOD; eval_track=deployment_threshold; n_total=996; n_pos=524; n_neg=472; ood_name=ood_test_injection_standard,OOD_BIN_LENGTH_BIN_LEN_Q2,,
B,hybrid,HYBRID_SEM_ANCHORED_IBVS_VETO,deployment_threshold,OOD,,length_bin,len_q2,192,84,108,0.651,0.6468,0.7363,0.7739,0.2024,0.3095,0.369,0.381,10.0,10.0312,1.0,4.8889,metrics_hybrid_bins_splitB.csv,bin_eval=length_bin:len_q2; stage=OOD; eval_track=deployment_threshold; n_total=192; n_pos=84; n_neg=108,OOD_BIN_LENGTH_BIN_LEN_Q2,,
B,hybrid,HYBRID_SEM_ANCHORED_IBVS_VETO,deployment_threshold,OOD,ood_test_injection,length_bin,len_q2,169,6,163,0.432,0.3403,0.2723,0.7679,0.0,0.5,0.6667,0.1667,18.0,19.3314,0.9375,5.15,metrics_hybrid_bins_splitB__ood-ood_test_injection.csv,bin_eval=length_bin:len_q2; stage=OOD; eval_track=deployment_threshold; n_total=169; n_pos=6; n_neg=163; ood_name=ood_test_injection,OOD_BIN_LENGTH_BIN_LEN_Q2,,
B,hybrid,HYBRID_SEM_ANCHORED_IBVS_VETO,deployment_threshold,OOD,ood_test_injection_standard,length_bin,len_q2,996,524,472,0.6998,0.6935,0.7253,0.7457,0.0439,0.1489,0.2844,0.1985,78.0,73.7791,0.7853,4.9795,metrics_hybrid_bins_splitB__ood-ood_test_injection_standard.csv,bin_eval=length_bin:len_q2; stage=OOD; eval_track=deployment_threshold; n_total=996; n_pos=524; n_neg=472; ood_name=ood_test_injection_standard,OOD_BIN_LENGTH_BIN_LEN_Q2,,
B,hybrid,HYBRID_SEM_EXPERT_GATE_M1_M3,deployment_threshold,OOD,,length_bin,len_q2,192,84,108,0.625,0.6062,0.6376,0.6747,0.0,0.3095,0.3214,0.5357,10.0,10.0312,1.0,4.8889,metrics_hybrid_bins_splitB.csv,bin_eval=length_bin:len_q2; stage=OOD; eval_track=deployment_threshold; n_total=192; n_pos=84; n_neg=108,OOD_BIN_LENGTH_BIN_LEN_Q2,,
B,hybrid,HYBRID_SEM_EXPERT_GATE_M1_M3,deployment_threshold,OOD,ood_test_injection,length_bin,len_q2,169,6,163,0.4556,0.3541,0.063,0.6984,0.0,0.0,0.0,0.1667,18.0,19.3314,0.9375,5.15,metrics_hybrid_bins_splitB__ood-ood_test_injection.csv,bin_eval=length_bin:len_q2; stage=OOD; eval_track=deployment_threshold; n_total=169; n_pos=6; n_neg=163; ood_name=ood_test_injection,OOD_BIN_LENGTH_BIN_LEN_Q2,,
B,hybrid,HYBRID_SEM_EXPERT_GATE_M1_M3,deployment_threshold,OOD,ood_test_injection_standard,length_bin,len_q2,996,524,472,0.6998,0.6937,0.7116,0.7429,0.0,0.0,0.0,0.2004,78.0,73.7791,0.7853,4.9795,metrics_hybrid_bins_splitB__ood-ood_test_injection_standard.csv,bin_eval=length_bin:len_q2; stage=OOD; eval_track=deployment_threshold; n_total=996; n_pos=524; n_neg=472; ood_name=ood_test_injection_standard,OOD_BIN_LENGTH_BIN_LEN_Q2,,
B,hybrid,HYBRID_SEM_GATE_ELSE_M3_IBVS_V2,deployment_threshold,OOD,,length_bin,len_q2,192,84,108,0.6562,0.5749,0.5678,0.5626,0.0595,0.119,0.1667,0.75,10.0,10.0312,1.0,4.8889,metrics_hybrid_bins_splitB.csv,bin_eval=length_bin:len_q2; stage=OOD; eval_track=deployment_threshold; n_total=192; n_pos=84; n_neg=108,OOD_BIN_LENGTH_BIN_LEN_Q2,,
B,hybrid,HYBRID_SEM_GATE_ELSE_M3_IBVS_V2,deployment_threshold,OOD,ood_test_injection,length_bin,len_q2,169,6,163,0.6391,0.4671,0.2264,0.7086,0.1667,0.1667,0.3333,0.0,18.0,19.3314,0.9375,5.15,metrics_hybrid_bins_splitB__ood-ood_test_injection.csv,bin_eval=length_bin:len_q2; stage=OOD; eval_track=deployment_threshold; n_total=169; n_pos=6; n_neg=163; ood_name=ood_test_injection,OOD_BIN_LENGTH_BIN_LEN_Q2,,
B,hybrid,HYBRID_SEM_GATE_ELSE_M3_IBVS_V2,deployment_threshold,OOD,ood_test_injection_standard,length_bin,len_q2,996,524,472,0.6084,0.6012,0.5916,0.5948,0.0191,0.0802,0.1546,0.5496,78.0,73.7791,0.7853,4.9795,metrics_hybrid_bins_splitB__ood-ood_test_injection_standard.csv,bin_eval=length_bin:len_q2; stage=OOD; eval_track=deployment_threshold; n_total=996; n_pos=524; n_neg=472; ood_name=ood_test_injection_standard,OOD_BIN_LENGTH_BIN_LEN_Q2,,
B,hybrid,HYBRID_SEM_LEARNED_META_FUSION,deployment_threshold,OOD,,length_bin,len_q2,192,84,108,0.6615,0.6358,0.6814,0.713,0.0,0.3452,0.381,0.5476,10.0,10.0312,1.0,4.8889,metrics_hybrid_bins_splitB.csv,bin_eval=length_bin:len_q2; stage=OOD; eval_track=deployment_threshold; n_total=192; n_pos=84; n_neg=108,OOD_BIN_LENGTH_BIN_LEN_Q2,,
B,hybrid,HYBRID_SEM_LEARNED_META_FUSION,deployment_threshold,OOD,ood_test_injection,length_bin,len_q2,169,6,163,0.4675,0.3609,0.0738,0.7045,0.0,0.0,0.0,0.1667,18.0,19.3314,0.9375,5.15,metrics_hybrid_bins_splitB__ood-ood_test_injection.csv,bin_eval=length_bin:len_q2; stage=OOD; eval_track=deployment_threshold; n_total=169; n_pos=6; n_neg=163; ood_name=ood_test_injection,OOD_BIN_LENGTH_BIN_LEN_Q2,,
B,hybrid,HYBRID_SEM_LEARNED_META_FUSION,deployment_threshold,OOD,ood_test_injection_standard,length_bin,len_q2,996,524,472,0.7108,0.7041,0.7289,0.7589,0.0,0.0,0.0,0.1813,78.0,73.7791,0.7853,4.9795,metrics_hybrid_bins_splitB__ood-ood_test_injection_standard.csv,bin_eval=length_bin:len_q2; stage=OOD; eval_track=deployment_threshold; n_total=996; n_pos=524; n_neg=472; ood_name=ood_test_injection_standard,OOD_BIN_LENGTH_BIN_LEN_Q2,,
B,semantic,SEM_LOGREG_BGE,deployment_threshold,OOD,ood_test,length_bin,len_q2,192,84,108,0.651,0.6468,0.7363,0.7739,0.2024,0.3095,0.369,0.381,10.0,10.0312,1.0,4.8889,metrics_semantic_bins_splitB.csv,bin_eval=length_bin:len_q2; stage=OOD; eval_track=deployment_threshold; n_total=192; n_pos=84; n_neg=108; ood_name=ood_test,OOD_BIN_LENGTH_BIN_LEN_Q2,,
B,semantic,SEM_LOGREG_BGE,deployment_threshold,OOD,ood_test_injection,length_bin,len_q2,169,6,163,0.432,0.3403,0.2723,0.7679,0.0,0.5,0.6667,0.1667,18.0,19.3314,0.9375,5.15,metrics_semantic_bins_splitB__ood-ood_test_injection.csv,bin_eval=length_bin:len_q2; stage=OOD; eval_track=deployment_threshold; n_total=169; n_pos=6; n_neg=163; ood_name=ood_test_injection,OOD_BIN_LENGTH_BIN_LEN_Q2,,
B,semantic,SEM_LOGREG_BGE,deployment_threshold,OOD,ood_test_injection_standard,length_bin,len_q2,996,524,472,0.6998,0.6935,0.7253,0.7457,0.0439,0.1489,0.2844,0.1985,78.0,73.7791,0.7853,4.9795,metrics_semantic_bins_splitB__ood-ood_test_injection_standard.csv,bin_eval=length_bin:len_q2; stage=OOD; eval_track=deployment_threshold; n_total=996; n_pos=524; n_neg=472; ood_name=ood_test_injection_standard,OOD_BIN_LENGTH_BIN_LEN_Q2,,
B,ablation,M1_TFIDF_ONLY,deployment_threshold,OOD,,length_bin,len_q3,192,113,79,0.5521,0.5195,0.7813,0.6723,0.0442,0.2655,0.3717,0.7522,13.0,13.026,1.0,4.9167,metrics_ablation_bins_splitB.csv,bin_eval=length_bin:len_q3; stage=OOD; eval_track=deployment_threshold; n_total=192; n_pos=113; n_neg=79,OOD_BIN_LENGTH_BIN_LEN_Q3,,
B,ablation,M1_TFIDF_ONLY,deployment_threshold,OOD,ood_test_injection,length_bin,len_q3,169,162,7,0.6864,0.4699,0.9845,0.731,0.3333,0.3333,0.3333,0.3086,132.0,138.7101,0.6803,5.645,metrics_ablation_bins_splitB__ood-ood_test_injection.csv,bin_eval=length_bin:len_q3; stage=OOD; eval_track=deployment_threshold; n_total=169; n_pos=162; n_neg=7; ood_name=ood_test_injection,OOD_BIN_LENGTH_BIN_LEN_Q3,,
B,ablation,M1_TFIDF_ONLY,deployment_threshold,OOD,ood_test_injection_standard,length_bin,len_q3,996,619,377,0.5964,0.5525,0.6701,0.563,0.0081,0.0937,0.1454,0.2682,126.0,127.3022,0.7054,5.1505,metrics_ablation_bins_splitB__ood-ood_test_injection_standard.csv,bin_eval=length_bin:len_q3; stage=OOD; eval_track=deployment_threshold; n_total=996; n_pos=619; n_neg=377; ood_name=ood_test_injection_standard,OOD_BIN_LENGTH_BIN_LEN_Q3,,
B,ablation,M1_TFIDF_ONLY,ranking,OOD,,length_bin,len_q3,192,113,79,0.6406,0.6297,0.7813,0.6723,0.0442,0.2655,0.3717,0.3097,13.0,13.026,1.0,4.9167,metrics_ablation_bins_splitB.csv,bin_eval=length_bin:len_q3; stage=OOD; eval_track=ranking; n_total=192; n_pos=113; n_neg=79,OOD_BIN_LENGTH_BIN_LEN_Q3,,
B,ablation,M1_TFIDF_ONLY,ranking,OOD,ood_test_injection,length_bin,len_q3,169,162,7,0.9645,0.6909,0.9845,0.731,0.3333,0.3333,0.3333,0.0062,132.0,138.7101,0.6803,5.645,metrics_ablation_bins_splitB__ood-ood_test_injection.csv,bin_eval=length_bin:len_q3; stage=OOD; eval_track=ranking; n_total=169; n_pos=162; n_neg=7; ood_name=ood_test_injection,OOD_BIN_LENGTH_BIN_LEN_Q3,,
B,ablation,M1_TFIDF_ONLY,ranking,OOD,ood_test_injection_standard,length_bin,len_q3,996,619,377,0.6195,0.397,0.6701,0.563,0.0081,0.0937,0.1454,0.0129,126.0,127.3022,0.7054,5.1505,metrics_ablation_bins_splitB__ood-ood_test_injection_standard.csv,bin_eval=length_bin:len_q3; stage=OOD; eval_track=ranking; n_total=996; n_pos=619; n_neg=377; ood_name=ood_test_injection_standard,OOD_BIN_LENGTH_BIN_LEN_Q3,,
B,ablation,M2_TFIDF_PLUS_FLAGS,deployment_threshold,OOD,,length_bin,len_q3,192,113,79,0.5417,0.5138,0.7432,0.6329,0.0796,0.2035,0.292,0.7434,13.0,13.026,1.0,4.9167,metrics_ablation_bins_splitB.csv,bin_eval=length_bin:len_q3; stage=OOD; eval_track=deployment_threshold; n_total=192; n_pos=113; n_neg=79,OOD_BIN_LENGTH_BIN_LEN_Q3,,
B,ablation,M2_TFIDF_PLUS_FLAGS,deployment_threshold,OOD,ood_test_injection,length_bin,len_q3,169,162,7,0.1775,0.1606,0.923,0.3624,0.0,0.0,0.0,0.8333,132.0,138.7101,0.6803,5.645,metrics_ablation_bins_splitB__ood-ood_test_injection.csv,bin_eval=length_bin:len_q3; stage=OOD; eval_track=deployment_threshold; n_total=169; n_pos=162; n_neg=7; ood_name=ood_test_injection,OOD_BIN_LENGTH_BIN_LEN_Q3,,
B,ablation,M2_TFIDF_PLUS_FLAGS,deployment_threshold,OOD,ood_test_injection_standard,length_bin,len_q3,996,619,377,0.4639,0.453,0.6702,0.5649,0.0178,0.0759,0.1228,0.7399,126.0,127.3022,0.7054,5.1505,metrics_ablation_bins_splitB__ood-ood_test_injection_standard.csv,bin_eval=length_bin:len_q3; stage=OOD; eval_track=deployment_threshold; n_total=996; n_pos=619; n_neg=377; ood_name=ood_test_injection_standard,OOD_BIN_LENGTH_BIN_LEN_Q3,,
B,ablation,M2_TFIDF_PLUS_FLAGS,ranking,OOD,,length_bin,len_q3,192,113,79,0.5781,0.5536,0.7432,0.6329,0.0796,0.2035,0.292,0.3097,13.0,13.026,1.0,4.9167,metrics_ablation_bins_splitB.csv,bin_eval=length_bin:len_q3; stage=OOD; eval_track=ranking; n_total=192; n_pos=113; n_neg=79,OOD_BIN_LENGTH_BIN_LEN_Q3,,
B,ablation,M2_TFIDF_PLUS_FLAGS,ranking,OOD,ood_test_injection,length_bin,len_q3,169,162,7,0.9645,0.6909,0.923,0.3624,0.0,0.0,0.0,0.0062,132.0,138.7101,0.6803,5.645,metrics_ablation_bins_splitB__ood-ood_test_injection.csv,bin_eval=length_bin:len_q3; stage=OOD; eval_track=ranking; n_total=169; n_pos=162; n_neg=7; ood_name=ood_test_injection,OOD_BIN_LENGTH_BIN_LEN_Q3,,
B,ablation,M2_TFIDF_PLUS_FLAGS,ranking,OOD,ood_test_injection_standard,length_bin,len_q3,996,619,377,0.6205,0.4088,0.6702,0.5649,0.0178,0.0759,0.1228,0.0194,126.0,127.3022,0.7054,5.1505,metrics_ablation_bins_splitB__ood-ood_test_injection_standard.csv,bin_eval=length_bin:len_q3; stage=OOD; eval_track=ranking; n_total=996; n_pos=619; n_neg=377; ood_name=ood_test_injection_standard,OOD_BIN_LENGTH_BIN_LEN_Q3,,
B,ablation,M3_TFIDF_PLUS_FLAGS_PLUS_IBVS_V1_TOTAL,deployment_threshold,OOD,,length_bin,len_q3,192,113,79,0.4635,0.384,0.7409,0.6176,0.1239,0.2743,0.3009,0.9115,13.0,13.026,1.0,4.9167,metrics_ablation_bins_splitB.csv,bin_eval=length_bin:len_q3; stage=OOD; eval_track=deployment_threshold; n_total=192; n_pos=113; n_neg=79,OOD_BIN_LENGTH_BIN_LEN_Q3,,
B,ablation,M3_TFIDF_PLUS_FLAGS_PLUS_IBVS_V1_TOTAL,deployment_threshold,OOD,ood_test_injection,length_bin,len_q3,169,162,7,0.0888,0.0885,0.9319,0.3721,0.0247,0.0247,0.0247,0.9444,132.0,138.7101,0.6803,5.645,metrics_ablation_bins_splitB__ood-ood_test_injection.csv,bin_eval=length_bin:len_q3; stage=OOD; eval_track=deployment_threshold; n_total=169; n_pos=162; n_neg=7; ood_name=ood_test_injection,OOD_BIN_LENGTH_BIN_LEN_Q3,,
B,ablation,M3_TFIDF_PLUS_FLAGS_PLUS_IBVS_V1_TOTAL,deployment_threshold,OOD,ood_test_injection_standard,length_bin,len_q3,996,619,377,0.4066,0.3425,0.6672,0.5545,0.021,0.0646,0.1519,0.9241,126.0,127.3022,0.7054,5.1505,metrics_ablation_bins_splitB__ood-ood_test_injection_standard.csv,bin_eval=length_bin:len_q3; stage=OOD; eval_track=deployment_threshold; n_total=996; n_pos=619; n_neg=377; ood_name=ood_test_injection_standard,OOD_BIN_LENGTH_BIN_LEN_Q3,,
B,ablation,M3_TFIDF_PLUS_FLAGS_PLUS_IBVS_V1_TOTAL,ranking,OOD,,length_bin,len_q3,192,113,79,0.599,0.571,0.7409,0.6176,0.1239,0.2743,0.3009,0.2743,13.0,13.026,1.0,4.9167,metrics_ablation_bins_splitB.csv,bin_eval=length_bin:len_q3; stage=OOD; eval_track=ranking; n_total=192; n_pos=113; n_neg=79,OOD_BIN_LENGTH_BIN_LEN_Q3,,
B,ablation,M3_TFIDF_PLUS_FLAGS_PLUS_IBVS_V1_TOTAL,ranking,OOD,ood_test_injection,length_bin,len_q3,169,162,7,0.9645,0.6909,0.9319,0.3721,0.0247,0.0247,0.0247,0.0062,132.0,138.7101,0.6803,5.645,metrics_ablation_bins_splitB__ood-ood_test_injection.csv,bin_eval=length_bin:len_q3; stage=OOD; eval_track=ranking; n_total=169; n_pos=162; n_neg=7; ood_name=ood_test_injection,OOD_BIN_LENGTH_BIN_LEN_Q3,,
B,ablation,M3_TFIDF_PLUS_FLAGS_PLUS_IBVS_V1_TOTAL,ranking,OOD,ood_test_injection_standard,length_bin,len_q3,996,619,377,0.6225,0.4119,0.6672,0.5545,0.021,0.0646,0.1519,0.0178,126.0,127.3022,0.7054,5.1505,metrics_ablation_bins_splitB__ood-ood_test_injection_standard.csv,bin_eval=length_bin:len_q3; stage=OOD; eval_track=ranking; n_total=996; n_pos=619; n_neg=377; ood_name=ood_test_injection_standard,OOD_BIN_LENGTH_BIN_LEN_Q3,,
B,ablation,M3_TFIDF_PLUS_FLAGS_PLUS_IBVS_V2_STRUCTURED,deployment_threshold,OOD,,length_bin,len_q3,192,113,79,0.5365,0.5069,0.7493,0.6427,0.0885,0.1947,0.292,0.7522,13.0,13.026,1.0,4.9167,metrics_ablation_bins_splitB.csv,bin_eval=length_bin:len_q3; stage=OOD; eval_track=deployment_threshold; n_total=192; n_pos=113; n_neg=79,OOD_BIN_LENGTH_BIN_LEN_Q3,,
B,ablation,M3_TFIDF_PLUS_FLAGS_PLUS_IBVS_V2_STRUCTURED,deployment_threshold,OOD,ood_test_injection,length_bin,len_q3,169,162,7,0.2308,0.2003,0.928,0.3827,0.0,0.0,0.0,0.7778,132.0,138.7101,0.6803,5.645,metrics_ablation_bins_splitB__ood-ood_test_injection.csv,bin_eval=length_bin:len_q3; stage=OOD; eval_track=deployment_threshold; n_total=169; n_pos=162; n_neg=7; ood_name=ood_test_injection,OOD_BIN_LENGTH_BIN_LEN_Q3,,
B,ablation,M3_TFIDF_PLUS_FLAGS_PLUS_IBVS_V2_STRUCTURED,deployment_threshold,OOD,ood_test_injection_standard,length_bin,len_q3,996,619,377,0.4849,0.4815,0.6725,0.5642,0.0194,0.084,0.1438,0.6753,126.0,127.3022,0.7054,5.1505,metrics_ablation_bins_splitB__ood-ood_test_injection_standard.csv,bin_eval=length_bin:len_q3; stage=OOD; eval_track=deployment_threshold; n_total=996; n_pos=619; n_neg=377; ood_name=ood_test_injection_standard,OOD_BIN_LENGTH_BIN_LEN_Q3,,
B,ablation,M3_TFIDF_PLUS_FLAGS_PLUS_IBVS_V2_STRUCTURED,ranking,OOD,,length_bin,len_q3,192,113,79,0.599,0.5852,0.7493,0.6427,0.0885,0.1947,0.292,0.3363,13.0,13.026,1.0,4.9167,metrics_ablation_bins_splitB.csv,bin_eval=length_bin:len_q3; stage=OOD; eval_track=ranking; n_total=192; n_pos=113; n_neg=79,OOD_BIN_LENGTH_BIN_LEN_Q3,,
B,ablation,M3_TFIDF_PLUS_FLAGS_PLUS_IBVS_V2_STRUCTURED,ranking,OOD,ood_test_injection,length_bin,len_q3,169,162,7,0.9467,0.5771,0.928,0.3827,0.0,0.0,0.0,0.0185,132.0,138.7101,0.6803,5.645,metrics_ablation_bins_splitB__ood-ood_test_injection.csv,bin_eval=length_bin:len_q3; stage=OOD; eval_track=ranking; n_total=169; n_pos=162; n_neg=7; ood_name=ood_test_injection,OOD_BIN_LENGTH_BIN_LEN_Q3,,
B,ablation,M3_TFIDF_PLUS_FLAGS_PLUS_IBVS_V2_STRUCTURED,ranking,OOD,ood_test_injection_standard,length_bin,len_q3,996,619,377,0.6235,0.4252,0.6725,0.5642,0.0194,0.084,0.1438,0.0258,126.0,127.3022,0.7054,5.1505,metrics_ablation_bins_splitB__ood-ood_test_injection_standard.csv,bin_eval=length_bin:len_q3; stage=OOD; eval_track=ranking; n_total=996; n_pos=619; n_neg=377; ood_name=ood_test_injection_standard,OOD_BIN_LENGTH_BIN_LEN_Q3,,
B,ablation,M3_TFIDF_PLUS_FLAGS_PLUS_IBVS_V2_TAILCAL,deployment_threshold,OOD,,length_bin,len_q3,192,113,79,0.5417,0.5138,0.7555,0.6475,0.0885,0.2035,0.3097,0.7434,13.0,13.026,1.0,4.9167,metrics_ablation_bins_splitB.csv,bin_eval=length_bin:len_q3; stage=OOD; eval_track=deployment_threshold; n_total=192; n_pos=113; n_neg=79,OOD_BIN_LENGTH_BIN_LEN_Q3,,
B,ablation,M3_TFIDF_PLUS_FLAGS_PLUS_IBVS_V2_TAILCAL,deployment_threshold,OOD,ood_test_injection,length_bin,len_q3,169,162,7,0.1953,0.1742,0.931,0.3801,0.0062,0.0062,0.0062,0.8148,132.0,138.7101,0.6803,5.645,metrics_ablation_bins_splitB__ood-ood_test_injection.csv,bin_eval=length_bin:len_q3; stage=OOD; eval_track=deployment_threshold; n_total=169; n_pos=162; n_neg=7; ood_name=ood_test_injection,OOD_BIN_LENGTH_BIN_LEN_Q3,,
B,ablation,M3_TFIDF_PLUS_FLAGS_PLUS_IBVS_V2_TAILCAL,deployment_threshold,OOD,ood_test_injection_standard,length_bin,len_q3,996,619,377,0.492,0.4866,0.6738,0.5674,0.0113,0.084,0.1179,0.6866,126.0,127.3022,0.7054,5.1505,metrics_ablation_bins_splitB__ood-ood_test_injection_standard.csv,bin_eval=length_bin:len_q3; stage=OOD; eval_track=deployment_threshold; n_total=996; n_pos=619; n_neg=377; ood_name=ood_test_injection_standard,OOD_BIN_LENGTH_BIN_LEN_Q3,,
B,ablation,M3_TFIDF_PLUS_FLAGS_PLUS_IBVS_V2_TAILCAL,ranking,OOD,,length_bin,len_q3,192,113,79,0.5938,0.5772,0.7555,0.6475,0.0885,0.2035,0.3097,0.3274,13.0,13.026,1.0,4.9167,metrics_ablation_bins_splitB.csv,bin_eval=length_bin:len_q3; stage=OOD; eval_track=ranking; n_total=192; n_pos=113; n_neg=79,OOD_BIN_LENGTH_BIN_LEN_Q3,,
B,ablation,M3_TFIDF_PLUS_FLAGS_PLUS_IBVS_V2_TAILCAL,ranking,OOD,ood_test_injection,length_bin,len_q3,169,162,7,0.9527,0.6544,0.931,0.3801,0.0062,0.0062,0.0062,0.0185,132.0,138.7101,0.6803,5.645,metrics_ablation_bins_splitB__ood-ood_test_injection.csv,bin_eval=length_bin:len_q3; stage=OOD; eval_track=ranking; n_total=169; n_pos=162; n_neg=7; ood_name=ood_test_injection,OOD_BIN_LENGTH_BIN_LEN_Q3,,
B,ablation,M3_TFIDF_PLUS_FLAGS_PLUS_IBVS_V2_TAILCAL,ranking,OOD,ood_test_injection_standard,length_bin,len_q3,996,619,377,0.6255,0.4241,0.6738,0.5674,0.0113,0.084,0.1179,0.021,126.0,127.3022,0.7054,5.1505,metrics_ablation_bins_splitB__ood-ood_test_injection_standard.csv,bin_eval=length_bin:len_q3; stage=OOD; eval_track=ranking; n_total=996; n_pos=619; n_neg=377; ood_name=ood_test_injection_standard,OOD_BIN_LENGTH_BIN_LEN_Q3,,
B,ablation,M3_TFIDF_PLUS_FLAGS_PLUS_IBVS_V2_TOTAL,deployment_threshold,OOD,,length_bin,len_q3,192,113,79,0.5312,0.4971,0.7554,0.6442,0.1062,0.2301,0.3186,0.7699,13.0,13.026,1.0,4.9167,metrics_ablation_bins_splitB.csv,bin_eval=length_bin:len_q3; stage=OOD; eval_track=deployment_threshold; n_total=192; n_pos=113; n_neg=79,OOD_BIN_LENGTH_BIN_LEN_Q3,,
B,ablation,M3_TFIDF_PLUS_FLAGS_PLUS_IBVS_V2_TOTAL,deployment_threshold,OOD,ood_test_injection,length_bin,len_q3,169,162,7,0.2604,0.221,0.9284,0.4321,0.0,0.0,0.0,0.7469,132.0,138.7101,0.6803,5.645,metrics_ablation_bins_splitB__ood-ood_test_injection.csv,bin_eval=length_bin:len_q3; stage=OOD; eval_track=deployment_threshold; n_total=169; n_pos=162; n_neg=7; ood_name=ood_test_injection,OOD_BIN_LENGTH_BIN_LEN_Q3,,
B,ablation,M3_TFIDF_PLUS_FLAGS_PLUS_IBVS_V2_TOTAL,deployment_threshold,OOD,ood_test_injection_standard,length_bin,len_q3,996,619,377,0.5131,0.5121,0.6827,0.5754,0.0275,0.0808,0.1212,0.6236,126.0,127.3022,0.7054,5.1505,metrics_ablation_bins_splitB__ood-ood_test_injection_standard.csv,bin_eval=length_bin:len_q3; stage=OOD; eval_track=deployment_threshold; n_total=996; n_pos=619; n_neg=377; ood_name=ood_test_injection_standard,OOD_BIN_LENGTH_BIN_LEN_Q3,,
B,ablation,M3_TFIDF_PLUS_FLAGS_PLUS_IBVS_V2_TOTAL,ranking,OOD,,length_bin,len_q3,192,113,79,0.5885,0.5646,0.7554,0.6442,0.1062,0.2301,0.3186,0.3009,13.0,13.026,1.0,4.9167,metrics_ablation_bins_splitB.csv,bin_eval=length_bin:len_q3; stage=OOD; eval_track=ranking; n_total=192; n_pos=113; n_neg=79,OOD_BIN_LENGTH_BIN_LEN_Q3,,
B,ablation,M3_TFIDF_PLUS_FLAGS_PLUS_IBVS_V2_TOTAL,ranking,OOD,ood_test_injection,length_bin,len_q3,169,162,7,0.9586,0.6005,0.9284,0.4321,0.0,0.0,0.0,0.0062,132.0,138.7101,0.6803,5.645,metrics_ablation_bins_splitB__ood-ood_test_injection.csv,bin_eval=length_bin:len_q3; stage=OOD; eval_track=ranking; n_total=169; n_pos=162; n_neg=7; ood_name=ood_test_injection,OOD_BIN_LENGTH_BIN_LEN_Q3,,
B,ablation,M3_TFIDF_PLUS_FLAGS_PLUS_IBVS_V2_TOTAL,ranking,OOD,ood_test_injection_standard,length_bin,len_q3,996,619,377,0.6225,0.4006,0.6827,0.5754,0.0275,0.0808,0.1212,0.0097,126.0,127.3022,0.7054,5.1505,metrics_ablation_bins_splitB__ood-ood_test_injection_standard.csv,bin_eval=length_bin:len_q3; stage=OOD; eval_track=ranking; n_total=996; n_pos=619; n_neg=377; ood_name=ood_test_injection_standard,OOD_BIN_LENGTH_BIN_LEN_Q3,,
B,ablation,M3_TFIDF_PLUS_FLAGS_PLUS_IBVS_V2_TRIPWIRE,deployment_threshold,OOD,,length_bin,len_q3,192,113,79,0.5521,0.5273,0.7486,0.6429,0.0973,0.177,0.292,0.7257,13.0,13.026,1.0,4.9167,metrics_ablation_bins_splitB.csv,bin_eval=length_bin:len_q3; stage=OOD; eval_track=deployment_threshold; n_total=192; n_pos=113; n_neg=79,OOD_BIN_LENGTH_BIN_LEN_Q3,,
B,ablation,M3_TFIDF_PLUS_FLAGS_PLUS_IBVS_V2_TRIPWIRE,deployment_threshold,OOD,ood_test_injection,length_bin,len_q3,169,162,7,0.2899,0.2358,0.927,0.366,0.0,0.0,0.0,0.7099,132.0,138.7101,0.6803,5.645,metrics_ablation_bins_splitB__ood-ood_test_injection.csv,bin_eval=length_bin:len_q3; stage=OOD; eval_track=deployment_threshold; n_total=169; n_pos=162; n_neg=7; ood_name=ood_test_injection,OOD_BIN_LENGTH_BIN_LEN_Q3,,
B,ablation,M3_TFIDF_PLUS_FLAGS_PLUS_IBVS_V2_TRIPWIRE,deployment_threshold,OOD,ood_test_injection_standard,length_bin,len_q3,996,619,377,0.492,0.4861,0.6816,0.5697,0.0194,0.0889,0.1519,0.6898,126.0,127.3022,0.7054,5.1505,metrics_ablation_bins_splitB__ood-ood_test_injection_standard.csv,bin_eval=length_bin:len_q3; stage=OOD; eval_track=deployment_threshold; n_total=996; n_pos=619; n_neg=377; ood_name=ood_test_injection_standard,OOD_BIN_LENGTH_BIN_LEN_Q3,,
B,ablation,M3_TFIDF_PLUS_FLAGS_PLUS_IBVS_V2_TRIPWIRE,ranking,OOD,,length_bin,len_q3,192,113,79,0.625,0.6156,0.7486,0.6429,0.0973,0.177,0.292,0.3363,13.0,13.026,1.0,4.9167,metrics_ablation_bins_splitB.csv,bin_eval=length_bin:len_q3; stage=OOD; eval_track=ranking; n_total=192; n_pos=113; n_neg=79,OOD_BIN_LENGTH_BIN_LEN_Q3,,
B,ablation,M3_TFIDF_PLUS_FLAGS_PLUS_IBVS_V2_TRIPWIRE,ranking,OOD,ood_test_injection,length_bin,len_q3,169,162,7,0.9467,0.5771,0.927,0.366,0.0,0.0,0.0,0.0185,132.0,138.7101,0.6803,5.645,metrics_ablation_bins_splitB__ood-ood_test_injection.csv,bin_eval=length_bin:len_q3; stage=OOD; eval_track=ranking; n_total=169; n_pos=162; n_neg=7; ood_name=ood_test_injection,OOD_BIN_LENGTH_BIN_LEN_Q3,,
B,ablation,M3_TFIDF_PLUS_FLAGS_PLUS_IBVS_V2_TRIPWIRE,ranking,OOD,ood_test_injection_standard,length_bin,len_q3,996,619,377,0.6235,0.4293,0.6816,0.5697,0.0194,0.0889,0.1519,0.0291,126.0,127.3022,0.7054,5.1505,metrics_ablation_bins_splitB__ood-ood_test_injection_standard.csv,bin_eval=length_bin:len_q3; stage=OOD; eval_track=ranking; n_total=996; n_pos=619; n_neg=377; ood_name=ood_test_injection_standard,OOD_BIN_LENGTH_BIN_LEN_Q3,,
B,hybrid,HYBRID_SEM_ANCHORED_IBVS_BOOST,deployment_threshold,OOD,,length_bin,len_q3,192,113,79,0.7031,0.7029,0.8532,0.7722,0.2212,0.3186,0.6018,0.4248,13.0,13.026,1.0,4.9167,metrics_hybrid_bins_splitB.csv,bin_eval=length_bin:len_q3; stage=OOD; eval_track=deployment_threshold; n_total=192; n_pos=113; n_neg=79,OOD_BIN_LENGTH_BIN_LEN_Q3,,
B,hybrid,HYBRID_SEM_ANCHORED_IBVS_BOOST,deployment_threshold,OOD,ood_test_injection,length_bin,len_q3,169,162,7,0.574,0.3889,0.9604,0.4533,0.1235,0.1235,0.1235,0.4136,132.0,138.7101,0.6803,5.645,metrics_hybrid_bins_splitB__ood-ood_test_injection.csv,bin_eval=length_bin:len_q3; stage=OOD; eval_track=deployment_threshold; n_total=169; n_pos=162; n_neg=7; ood_name=ood_test_injection,OOD_BIN_LENGTH_BIN_LEN_Q3,,
B,hybrid,HYBRID_SEM_ANCHORED_IBVS_BOOST,deployment_threshold,OOD,ood_test_injection_standard,length_bin,len_q3,996,619,377,0.6064,0.5949,0.7367,0.6394,0.0194,0.1486,0.2439,0.3764,126.0,127.3022,0.7054,5.1505,metrics_hybrid_bins_splitB__ood-ood_test_injection_standard.csv,bin_eval=length_bin:len_q3; stage=OOD; eval_track=deployment_threshold; n_total=996; n_pos=619; n_neg=377; ood_name=ood_test_injection_standard,OOD_BIN_LENGTH_BIN_LEN_Q3,,
B,hybrid,HYBRID_SEM_ANCHORED_IBVS_BOOST_V2,deployment_threshold,OOD,,length_bin,len_q3,192,113,79,0.7031,0.7029,0.8532,0.7722,0.2212,0.3186,0.6018,0.4248,13.0,13.026,1.0,4.9167,metrics_hybrid_bins_splitB.csv,bin_eval=length_bin:len_q3; stage=OOD; eval_track=deployment_threshold; n_total=192; n_pos=113; n_neg=79,OOD_BIN_LENGTH_BIN_LEN_Q3,,
B,hybrid,HYBRID_SEM_ANCHORED_IBVS_BOOST_V2,deployment_threshold,OOD,ood_test_injection,length_bin,len_q3,169,162,7,0.574,0.3889,0.9604,0.4533,0.1235,0.1235,0.1235,0.4136,132.0,138.7101,0.6803,5.645,metrics_hybrid_bins_splitB__ood-ood_test_injection.csv,bin_eval=length_bin:len_q3; stage=OOD; eval_track=deployment_threshold; n_total=169; n_pos=162; n_neg=7; ood_name=ood_test_injection,OOD_BIN_LENGTH_BIN_LEN_Q3,,
B,hybrid,HYBRID_SEM_ANCHORED_IBVS_BOOST_V2,deployment_threshold,OOD,ood_test_injection_standard,length_bin,len_q3,996,619,377,0.6064,0.5949,0.7367,0.6394,0.0194,0.1486,0.2439,0.3764,126.0,127.3022,0.7054,5.1505,metrics_hybrid_bins_splitB__ood-ood_test_injection_standard.csv,bin_eval=length_bin:len_q3; stage=OOD; eval_track=deployment_threshold; n_total=996; n_pos=619; n_neg=377; ood_name=ood_test_injection_standard,OOD_BIN_LENGTH_BIN_LEN_Q3,,
B,hybrid,HYBRID_SEM_ANCHORED_IBVS_VETO,deployment_threshold,OOD,,length_bin,len_q3,192,113,79,0.7135,0.7086,0.8532,0.7722,0.2212,0.3186,0.6018,0.2832,13.0,13.026,1.0,4.9167,metrics_hybrid_bins_splitB.csv,bin_eval=length_bin:len_q3; stage=OOD; eval_track=deployment_threshold; n_total=192; n_pos=113; n_neg=79,OOD_BIN_LENGTH_BIN_LEN_Q3,,
B,hybrid,HYBRID_SEM_ANCHORED_IBVS_VETO,deployment_threshold,OOD,ood_test_injection,length_bin,len_q3,169,162,7,0.7574,0.431,0.9604,0.4533,0.1235,0.1235,0.1235,0.2099,132.0,138.7101,0.6803,5.645,metrics_hybrid_bins_splitB__ood-ood_test_injection.csv,bin_eval=length_bin:len_q3; stage=OOD; eval_track=deployment_threshold; n_total=169; n_pos=162; n_neg=7; ood_name=ood_test_injection,OOD_BIN_LENGTH_BIN_LEN_Q3,,
B,hybrid,HYBRID_SEM_ANCHORED_IBVS_VETO,deployment_threshold,OOD,ood_test_injection_standard,length_bin,len_q3,996,619,377,0.6355,0.5783,0.7367,0.6394,0.0194,0.1486,0.2439,0.1922,126.0,127.3022,0.7054,5.1505,metrics_hybrid_bins_splitB__ood-ood_test_injection_standard.csv,bin_eval=length_bin:len_q3; stage=OOD; eval_track=deployment_threshold; n_total=996; n_pos=619; n_neg=377; ood_name=ood_test_injection_standard,OOD_BIN_LENGTH_BIN_LEN_Q3,,
B,hybrid,HYBRID_SEM_EXPERT_GATE_M1_M3,deployment_threshold,OOD,,length_bin,len_q3,192,113,79,0.6979,0.6946,0.812,0.7632,0.0,0.0,0.5929,0.3186,13.0,13.026,1.0,4.9167,metrics_hybrid_bins_splitB.csv,bin_eval=length_bin:len_q3; stage=OOD; eval_track=deployment_threshold; n_total=192; n_pos=113; n_neg=79,OOD_BIN_LENGTH_BIN_LEN_Q3,,
B,hybrid,HYBRID_SEM_EXPERT_GATE_M1_M3,deployment_threshold,OOD,ood_test_injection,length_bin,len_q3,169,162,7,0.7574,0.431,0.9594,0.4683,0.0,0.0,0.0,0.2099,132.0,138.7101,0.6803,5.645,metrics_hybrid_bins_splitB__ood-ood_test_injection.csv,bin_eval=length_bin:len_q3; stage=OOD; eval_track=deployment_threshold; n_total=169; n_pos=162; n_neg=7; ood_name=ood_test_injection,OOD_BIN_LENGTH_BIN_LEN_Q3,,
B,hybrid,HYBRID_SEM_EXPERT_GATE_M1_M3,deployment_threshold,OOD,ood_test_injection_standard,length_bin,len_q3,996,619,377,0.6335,0.576,0.7075,0.6289,0.0,0.0,0.0,0.1939,126.0,127.3022,0.7054,5.1505,metrics_hybrid_bins_splitB__ood-ood_test_injection_standard.csv,bin_eval=length_bin:len_q3; stage=OOD; eval_track=deployment_threshold; n_total=996; n_pos=619; n_neg=377; ood_name=ood_test_injection_standard,OOD_BIN_LENGTH_BIN_LEN_Q3,,
B,hybrid,HYBRID_SEM_GATE_ELSE_M3_IBVS_V2,deployment_threshold,OOD,,length_bin,len_q3,192,113,79,0.6458,0.6434,0.6912,0.6298,0.0354,0.0708,0.1593,0.5221,13.0,13.026,1.0,4.9167,metrics_hybrid_bins_splitB.csv,bin_eval=length_bin:len_q3; stage=OOD; eval_track=deployment_threshold; n_total=192; n_pos=113; n_neg=79,OOD_BIN_LENGTH_BIN_LEN_Q3,,
B,hybrid,HYBRID_SEM_GATE_ELSE_M3_IBVS_V2,deployment_threshold,OOD,ood_test_injection,length_bin,len_q3,169,162,7,0.3491,0.272,0.9379,0.5273,0.0,0.0,0.0,0.6481,132.0,138.7101,0.6803,5.645,metrics_hybrid_bins_splitB__ood-ood_test_injection.csv,bin_eval=length_bin:len_q3; stage=OOD; eval_track=deployment_threshold; n_total=169; n_pos=162; n_neg=7; ood_name=ood_test_injection,OOD_BIN_LENGTH_BIN_LEN_Q3,,
B,hybrid,HYBRID_SEM_GATE_ELSE_M3_IBVS_V2,deployment_threshold,OOD,ood_test_injection_standard,length_bin,len_q3,996,619,377,0.5643,0.5632,0.6288,0.5007,0.0194,0.0662,0.1131,0.5057,126.0,127.3022,0.7054,5.1505,metrics_hybrid_bins_splitB__ood-ood_test_injection_standard.csv,bin_eval=length_bin:len_q3; stage=OOD; eval_track=deployment_threshold; n_total=996; n_pos=619; n_neg=377; ood_name=ood_test_injection_standard,OOD_BIN_LENGTH_BIN_LEN_Q3,,
B,hybrid,HYBRID_SEM_LEARNED_META_FUSION,deployment_threshold,OOD,,length_bin,len_q3,192,113,79,0.6823,0.6803,0.8241,0.7698,0.0,0.0,0.5752,0.354,13.0,13.026,1.0,4.9167,metrics_hybrid_bins_splitB.csv,bin_eval=length_bin:len_q3; stage=OOD; eval_track=deployment_threshold; n_total=192; n_pos=113; n_neg=79,OOD_BIN_LENGTH_BIN_LEN_Q3,,
B,hybrid,HYBRID_SEM_LEARNED_META_FUSION,deployment_threshold,OOD,ood_test_injection,length_bin,len_q3,169,162,7,0.7988,0.4715,0.9578,0.485,0.0,0.0,0.0,0.1728,132.0,138.7101,0.6803,5.645,metrics_hybrid_bins_splitB__ood-ood_test_injection.csv,bin_eval=length_bin:len_q3; stage=OOD; eval_track=deployment_threshold; n_total=169; n_pos=162; n_neg=7; ood_name=ood_test_injection,OOD_BIN_LENGTH_BIN_LEN_Q3,,
B,hybrid,HYBRID_SEM_LEARNED_META_FUSION,deployment_threshold,OOD,ood_test_injection_standard,length_bin,len_q3,996,619,377,0.6365,0.5791,0.7053,0.6259,0.0,0.0,0.0,0.1906,126.0,127.3022,0.7054,5.1505,metrics_hybrid_bins_splitB__ood-ood_test_injection_standard.csv,bin_eval=length_bin:len_q3; stage=OOD; eval_track=deployment_threshold; n_total=996; n_pos=619; n_neg=377; ood_name=ood_test_injection_standard,OOD_BIN_LENGTH_BIN_LEN_Q3,,
B,semantic,SEM_LOGREG_BGE,deployment_threshold,OOD,ood_test,length_bin,len_q3,192,113,79,0.7135,0.7086,0.8532,0.7722,0.2212,0.3186,0.6018,0.2832,13.0,13.026,1.0,4.9167,metrics_semantic_bins_splitB.csv,bin_eval=length_bin:len_q3; stage=OOD; eval_track=deployment_threshold; n_total=192; n_pos=113; n_neg=79; ood_name=ood_test,OOD_BIN_LENGTH_BIN_LEN_Q3,,
B,semantic,SEM_LOGREG_BGE,deployment_threshold,OOD,ood_test_injection,length_bin,len_q3,169,162,7,0.7574,0.431,0.9604,0.4533,0.1235,0.1235,0.1235,0.2099,132.0,138.7101,0.6803,5.645,metrics_semantic_bins_splitB__ood-ood_test_injection.csv,bin_eval=length_bin:len_q3; stage=OOD; eval_track=deployment_threshold; n_total=169; n_pos=162; n_neg=7; ood_name=ood_test_injection,OOD_BIN_LENGTH_BIN_LEN_Q3,,
B,semantic,SEM_LOGREG_BGE,deployment_threshold,OOD,ood_test_injection_standard,length_bin,len_q3,996,619,377,0.6355,0.5783,0.7367,0.6394,0.0194,0.1486,0.2439,0.1922,126.0,127.3022,0.7054,5.1505,metrics_semantic_bins_splitB__ood-ood_test_injection_standard.csv,bin_eval=length_bin:len_q3; stage=OOD; eval_track=deployment_threshold; n_total=996; n_pos=619; n_neg=377; ood_name=ood_test_injection_standard,OOD_BIN_LENGTH_BIN_LEN_Q3,,
B,ablation,M1_TFIDF_ONLY,deployment_threshold,OOD,,length_bin,len_q4,192,159,33,0.349,0.3481,0.8901,0.6495,0.0063,0.1447,0.239,0.7673,18.0,19.3958,0.9444,5.0,metrics_ablation_bins_splitB.csv,bin_eval=length_bin:len_q4; stage=OOD; eval_track=deployment_threshold; n_total=192; n_pos=159; n_neg=33,OOD_BIN_LENGTH_BIN_LEN_Q4,,
B,ablation,M1_TFIDF_ONLY,deployment_threshold,OOD,ood_test_injection_standard,length_bin,len_q4,997,734,263,0.7021,0.522,0.7947,0.6017,0.0095,0.1144,0.1649,0.1063,217.0,275.008,0.5932,5.0547,metrics_ablation_bins_splitB__ood-ood_test_injection_standard.csv,bin_eval=length_bin:len_q4; stage=OOD; eval_track=deployment_threshold; n_total=997; n_pos=734; n_neg=263; ood_name=ood_test_injection_standard,OOD_BIN_LENGTH_BIN_LEN_Q4,,
B,ablation,M1_TFIDF_ONLY,ranking,OOD,,length_bin,len_q4,192,159,33,0.7031,0.5694,0.8901,0.6495,0.0063,0.1447,0.239,0.239,18.0,19.3958,0.9444,5.0,metrics_ablation_bins_splitB.csv,bin_eval=length_bin:len_q4; stage=OOD; eval_track=ranking; n_total=192; n_pos=159; n_neg=33,OOD_BIN_LENGTH_BIN_LEN_Q4,,
B,ablation,M1_TFIDF_ONLY,ranking,OOD,ood_test_injection_standard,length_bin,len_q4,997,734,263,0.7372,0.4317,0.7947,0.6017,0.0095,0.1144,0.1649,0.0014,217.0,275.008,0.5932,5.0547,metrics_ablation_bins_splitB__ood-ood_test_injection_standard.csv,bin_eval=length_bin:len_q4; stage=OOD; eval_track=ranking; n_total=997; n_pos=734; n_neg=263; ood_name=ood_test_injection_standard,OOD_BIN_LENGTH_BIN_LEN_Q4,,
B,ablation,M2_TFIDF_PLUS_FLAGS,deployment_threshold,OOD,,length_bin,len_q4,192,159,33,0.3906,0.3846,0.8812,0.6402,0.0063,0.0566,0.2579,0.7044,18.0,19.3958,0.9444,5.0,metrics_ablation_bins_splitB.csv,bin_eval=length_bin:len_q4; stage=OOD; eval_track=deployment_threshold; n_total=192; n_pos=159; n_neg=33,OOD_BIN_LENGTH_BIN_LEN_Q4,,
B,ablation,M2_TFIDF_PLUS_FLAGS,deployment_threshold,OOD,ood_test_injection_standard,length_bin,len_q4,997,734,263,0.4584,0.4578,0.8006,0.6121,0.0027,0.1076,0.2302,0.6662,217.0,275.008,0.5932,5.0547,metrics_ablation_bins_splitB__ood-ood_test_injection_standard.csv,bin_eval=length_bin:len_q4; stage=OOD; eval_track=deployment_threshold; n_total=997; n_pos=734; n_neg=263; ood_name=ood_test_injection_standard,OOD_BIN_LENGTH_BIN_LEN_Q4,,
B,ablation,M2_TFIDF_PLUS_FLAGS,ranking,OOD,,length_bin,len_q4,192,159,33,0.724,0.5609,0.8812,0.6402,0.0063,0.0566,0.2579,0.195,18.0,19.3958,0.9444,5.0,metrics_ablation_bins_splitB.csv,bin_eval=length_bin:len_q4; stage=OOD; eval_track=ranking; n_total=192; n_pos=159; n_neg=33,OOD_BIN_LENGTH_BIN_LEN_Q4,,
B,ablation,M2_TFIDF_PLUS_FLAGS,ranking,OOD,ood_test_injection_standard,length_bin,len_q4,997,734,263,0.7312,0.426,0.8006,0.6121,0.0027,0.1076,0.2302,0.0082,217.0,275.008,0.5932,5.0547,metrics_ablation_bins_splitB__ood-ood_test_injection_standard.csv,bin_eval=length_bin:len_q4; stage=OOD; eval_track=ranking; n_total=997; n_pos=734; n_neg=263; ood_name=ood_test_injection_standard,OOD_BIN_LENGTH_BIN_LEN_Q4,,
B,ablation,M3_TFIDF_PLUS_FLAGS_PLUS_IBVS_V1_TOTAL,deployment_threshold,OOD,,length_bin,len_q4,192,159,33,0.2552,0.2536,0.8683,0.6371,0.0189,0.0189,0.0629,0.8742,18.0,19.3958,0.9444,5.0,metrics_ablation_bins_splitB.csv,bin_eval=length_bin:len_q4; stage=OOD; eval_track=deployment_threshold; n_total=192; n_pos=159; n_neg=33,OOD_BIN_LENGTH_BIN_LEN_Q4,,
B,ablation,M3_TFIDF_PLUS_FLAGS_PLUS_IBVS_V1_TOTAL,deployment_threshold,OOD,ood_test_injection_standard,length_bin,len_q4,997,734,263,0.34,0.3232,0.801,0.6092,0.0095,0.1104,0.1771,0.876,217.0,275.008,0.5932,5.0547,metrics_ablation_bins_splitB__ood-ood_test_injection_standard.csv,bin_eval=length_bin:len_q4; stage=OOD; eval_track=deployment_threshold; n_total=997; n_pos=734; n_neg=263; ood_name=ood_test_injection_standard,OOD_BIN_LENGTH_BIN_LEN_Q4,,
B,ablation,M3_TFIDF_PLUS_FLAGS_PLUS_IBVS_V1_TOTAL,ranking,OOD,,length_bin,len_q4,192,159,33,0.7448,0.5767,0.8683,0.6371,0.0189,0.0189,0.0629,0.1698,18.0,19.3958,0.9444,5.0,metrics_ablation_bins_splitB.csv,bin_eval=length_bin:len_q4; stage=OOD; eval_track=ranking; n_total=192; n_pos=159; n_neg=33,OOD_BIN_LENGTH_BIN_LEN_Q4,,
B,ablation,M3_TFIDF_PLUS_FLAGS_PLUS_IBVS_V1_TOTAL,ranking,OOD,ood_test_injection_standard,length_bin,len_q4,997,734,263,0.7342,0.4377,0.801,0.6092,0.0095,0.1104,0.1771,0.0082,217.0,275.008,0.5932,5.0547,metrics_ablation_bins_splitB__ood-ood_test_injection_standard.csv,bin_eval=length_bin:len_q4; stage=OOD; eval_track=ranking; n_total=997; n_pos=734; n_neg=263; ood_name=ood_test_injection_standard,OOD_BIN_LENGTH_BIN_LEN_Q4,,
B,ablation,M3_TFIDF_PLUS_FLAGS_PLUS_IBVS_V2_STRUCTURED,deployment_threshold,OOD,,length_bin,len_q4,192,159,33,0.4271,0.418,0.8951,0.6701,0.0189,0.0943,0.2579,0.6667,18.0,19.3958,0.9444,5.0,metrics_ablation_bins_splitB.csv,bin_eval=length_bin:len_q4; stage=OOD; eval_track=deployment_threshold; n_total=192; n_pos=159; n_neg=33,OOD_BIN_LENGTH_BIN_LEN_Q4,,
B,ablation,M3_TFIDF_PLUS_FLAGS_PLUS_IBVS_V2_STRUCTURED,deployment_threshold,OOD,ood_test_injection_standard,length_bin,len_q4,997,734,263,0.5115,0.502,0.8059,0.6183,0.0095,0.1158,0.2193,0.5586,217.0,275.008,0.5932,5.0547,metrics_ablation_bins_splitB__ood-ood_test_injection_standard.csv,bin_eval=length_bin:len_q4; stage=OOD; eval_track=deployment_threshold; n_total=997; n_pos=734; n_neg=263; ood_name=ood_test_injection_standard,OOD_BIN_LENGTH_BIN_LEN_Q4,,
B,ablation,M3_TFIDF_PLUS_FLAGS_PLUS_IBVS_V2_STRUCTURED,ranking,OOD,,length_bin,len_q4,192,159,33,0.7188,0.5813,0.8951,0.6701,0.0189,0.0943,0.2579,0.2201,18.0,19.3958,0.9444,5.0,metrics_ablation_bins_splitB.csv,bin_eval=length_bin:len_q4; stage=OOD; eval_track=ranking; n_total=192; n_pos=159; n_neg=33,OOD_BIN_LENGTH_BIN_LEN_Q4,,
B,ablation,M3_TFIDF_PLUS_FLAGS_PLUS_IBVS_V2_STRUCTURED,ranking,OOD,ood_test_injection_standard,length_bin,len_q4,997,734,263,0.7302,0.4361,0.8059,0.6183,0.0095,0.1158,0.2193,0.0136,217.0,275.008,0.5932,5.0547,metrics_ablation_bins_splitB__ood-ood_test_injection_standard.csv,bin_eval=length_bin:len_q4; stage=OOD; eval_track=ranking; n_total=997; n_pos=734; n_neg=263; ood_name=ood_test_injection_standard,OOD_BIN_LENGTH_BIN_LEN_Q4,,
B,ablation,M3_TFIDF_PLUS_FLAGS_PLUS_IBVS_V2_TAILCAL,deployment_threshold,OOD,,length_bin,len_q4,192,159,33,0.3958,0.3905,0.8824,0.6407,0.0063,0.0881,0.2138,0.7044,18.0,19.3958,0.9444,5.0,metrics_ablation_bins_splitB.csv,bin_eval=length_bin:len_q4; stage=OOD; eval_track=deployment_threshold; n_total=192; n_pos=159; n_neg=33,OOD_BIN_LENGTH_BIN_LEN_Q4,,
B,ablation,M3_TFIDF_PLUS_FLAGS_PLUS_IBVS_V2_TAILCAL,deployment_threshold,OOD,ood_test_injection_standard,length_bin,len_q4,997,734,263,0.4975,0.4934,0.7994,0.606,0.0082,0.1199,0.2084,0.6008,217.0,275.008,0.5932,5.0547,metrics_ablation_bins_splitB__ood-ood_test_injection_standard.csv,bin_eval=length_bin:len_q4; stage=OOD; eval_track=deployment_threshold; n_total=997; n_pos=734; n_neg=263; ood_name=ood_test_injection_standard,OOD_BIN_LENGTH_BIN_LEN_Q4,,
B,ablation,M3_TFIDF_PLUS_FLAGS_PLUS_IBVS_V2_TAILCAL,ranking,OOD,,length_bin,len_q4,192,159,33,0.724,0.5777,0.8824,0.6407,0.0063,0.0881,0.2138,0.2075,18.0,19.3958,0.9444,5.0,metrics_ablation_bins_splitB.csv,bin_eval=length_bin:len_q4; stage=OOD; eval_track=ranking; n_total=192; n_pos=159; n_neg=33,OOD_BIN_LENGTH_BIN_LEN_Q4,,
B,ablation,M3_TFIDF_PLUS_FLAGS_PLUS_IBVS_V2_TAILCAL,ranking,OOD,ood_test_injection_standard,length_bin,len_q4,997,734,263,0.7282,0.4284,0.7994,0.606,0.0082,0.1199,0.2084,0.0136,217.0,275.008,0.5932,5.0547,metrics_ablation_bins_splitB__ood-ood_test_injection_standard.csv,bin_eval=length_bin:len_q4; stage=OOD; eval_track=ranking; n_total=997; n_pos=734; n_neg=263; ood_name=ood_test_injection_standard,OOD_BIN_LENGTH_BIN_LEN_Q4,,
B,ablation,M3_TFIDF_PLUS_FLAGS_PLUS_IBVS_V2_TOTAL,deployment_threshold,OOD,,length_bin,len_q4,192,159,33,0.3958,0.3892,0.8852,0.648,0.0063,0.1006,0.2138,0.6981,18.0,19.3958,0.9444,5.0,metrics_ablation_bins_splitB.csv,bin_eval=length_bin:len_q4; stage=OOD; eval_track=deployment_threshold; n_total=192; n_pos=159; n_neg=33,OOD_BIN_LENGTH_BIN_LEN_Q4,,
B,ablation,M3_TFIDF_PLUS_FLAGS_PLUS_IBVS_V2_TOTAL,deployment_threshold,OOD,ood_test_injection_standard,length_bin,len_q4,997,734,263,0.5145,0.5055,0.798,0.5962,0.0041,0.1199,0.2166,0.5586,217.0,275.008,0.5932,5.0547,metrics_ablation_bins_splitB__ood-ood_test_injection_standard.csv,bin_eval=length_bin:len_q4; stage=OOD; eval_track=deployment_threshold; n_total=997; n_pos=734; n_neg=263; ood_name=ood_test_injection_standard,OOD_BIN_LENGTH_BIN_LEN_Q4,,
B,ablation,M3_TFIDF_PLUS_FLAGS_PLUS_IBVS_V2_TOTAL,ranking,OOD,,length_bin,len_q4,192,159,33,0.7448,0.5767,0.8852,0.648,0.0063,0.1006,0.2138,0.1698,18.0,19.3958,0.9444,5.0,metrics_ablation_bins_splitB.csv,bin_eval=length_bin:len_q4; stage=OOD; eval_track=ranking; n_total=192; n_pos=159; n_neg=33,OOD_BIN_LENGTH_BIN_LEN_Q4,,
B,ablation,M3_TFIDF_PLUS_FLAGS_PLUS_IBVS_V2_TOTAL,ranking,OOD,ood_test_injection_standard,length_bin,len_q4,997,734,263,0.7352,0.431,0.798,0.5962,0.0041,0.1199,0.2166,0.0041,217.0,275.008,0.5932,5.0547,metrics_ablation_bins_splitB__ood-ood_test_injection_standard.csv,bin_eval=length_bin:len_q4; stage=OOD; eval_track=ranking; n_total=997; n_pos=734; n_neg=263; ood_name=ood_test_injection_standard,OOD_BIN_LENGTH_BIN_LEN_Q4,,
B,ablation,M3_TFIDF_PLUS_FLAGS_PLUS_IBVS_V2_TRIPWIRE,deployment_threshold,OOD,,length_bin,len_q4,192,159,33,0.4219,0.4119,0.8952,0.6695,0.0252,0.0755,0.2516,0.6667,18.0,19.3958,0.9444,5.0,metrics_ablation_bins_splitB.csv,bin_eval=length_bin:len_q4; stage=OOD; eval_track=deployment_threshold; n_total=192; n_pos=159; n_neg=33,OOD_BIN_LENGTH_BIN_LEN_Q4,,
B,ablation,M3_TFIDF_PLUS_FLAGS_PLUS_IBVS_V2_TRIPWIRE,deployment_threshold,OOD,ood_test_injection_standard,length_bin,len_q4,997,734,263,0.4814,0.4798,0.7948,0.5907,0.0082,0.094,0.2057,0.6349,217.0,275.008,0.5932,5.0547,metrics_ablation_bins_splitB__ood-ood_test_injection_standard.csv,bin_eval=length_bin:len_q4; stage=OOD; eval_track=deployment_threshold; n_total=997; n_pos=734; n_neg=263; ood_name=ood_test_injection_standard,OOD_BIN_LENGTH_BIN_LEN_Q4,,
B,ablation,M3_TFIDF_PLUS_FLAGS_PLUS_IBVS_V2_TRIPWIRE,ranking,OOD,,length_bin,len_q4,192,159,33,0.7188,0.5737,0.8952,0.6695,0.0252,0.0755,0.2516,0.2138,18.0,19.3958,0.9444,5.0,metrics_ablation_bins_splitB.csv,bin_eval=length_bin:len_q4; stage=OOD; eval_track=ranking; n_total=192; n_pos=159; n_neg=33,OOD_BIN_LENGTH_BIN_LEN_Q4,,
B,ablation,M3_TFIDF_PLUS_FLAGS_PLUS_IBVS_V2_TRIPWIRE,ranking,OOD,ood_test_injection_standard,length_bin,len_q4,997,734,263,0.7302,0.4327,0.7948,0.5907,0.0082,0.094,0.2057,0.0123,217.0,275.008,0.5932,5.0547,metrics_ablation_bins_splitB__ood-ood_test_injection_standard.csv,bin_eval=length_bin:len_q4; stage=OOD; eval_track=ranking; n_total=997; n_pos=734; n_neg=263; ood_name=ood_test_injection_standard,OOD_BIN_LENGTH_BIN_LEN_Q4,,
B,hybrid,HYBRID_SEM_ANCHORED_IBVS_BOOST,deployment_threshold,OOD,,length_bin,len_q4,192,159,33,0.6562,0.5963,0.9594,0.8344,0.3208,0.4591,0.522,0.3711,18.0,19.3958,0.9444,5.0,metrics_hybrid_bins_splitB.csv,bin_eval=length_bin:len_q4; stage=OOD; eval_track=deployment_threshold; n_total=192; n_pos=159; n_neg=33,OOD_BIN_LENGTH_BIN_LEN_Q4,,
B,hybrid,HYBRID_SEM_ANCHORED_IBVS_BOOST,deployment_threshold,OOD,ood_test_injection_standard,length_bin,len_q4,997,734,263,0.67,0.6332,0.8603,0.7338,0.045,0.1608,0.2575,0.3297,217.0,275.008,0.5932,5.0547,metrics_hybrid_bins_splitB__ood-ood_test_injection_standard.csv,bin_eval=length_bin:len_q4; stage=OOD; eval_track=deployment_threshold; n_total=997; n_pos=734; n_neg=263; ood_name=ood_test_injection_standard,OOD_BIN_LENGTH_BIN_LEN_Q4,,
B,hybrid,HYBRID_SEM_ANCHORED_IBVS_BOOST_V2,deployment_threshold,OOD,,length_bin,len_q4,192,159,33,0.6562,0.5963,0.9594,0.8344,0.3208,0.4591,0.522,0.3711,18.0,19.3958,0.9444,5.0,metrics_hybrid_bins_splitB.csv,bin_eval=length_bin:len_q4; stage=OOD; eval_track=deployment_threshold; n_total=192; n_pos=159; n_neg=33,OOD_BIN_LENGTH_BIN_LEN_Q4,,
B,hybrid,HYBRID_SEM_ANCHORED_IBVS_BOOST_V2,deployment_threshold,OOD,ood_test_injection_standard,length_bin,len_q4,997,734,263,0.67,0.6332,0.8603,0.7338,0.045,0.1608,0.2575,0.3297,217.0,275.008,0.5932,5.0547,metrics_hybrid_bins_splitB__ood-ood_test_injection_standard.csv,bin_eval=length_bin:len_q4; stage=OOD; eval_track=deployment_threshold; n_total=997; n_pos=734; n_neg=263; ood_name=ood_test_injection_standard,OOD_BIN_LENGTH_BIN_LEN_Q4,,
B,hybrid,HYBRID_SEM_ANCHORED_IBVS_VETO,deployment_threshold,OOD,,length_bin,len_q4,192,159,33,0.7917,0.6782,0.9594,0.8344,0.3208,0.4591,0.522,0.1635,18.0,19.3958,0.9444,5.0,metrics_hybrid_bins_splitB.csv,bin_eval=length_bin:len_q4; stage=OOD; eval_track=deployment_threshold; n_total=192; n_pos=159; n_neg=33,OOD_BIN_LENGTH_BIN_LEN_Q4,,
B,hybrid,HYBRID_SEM_ANCHORED_IBVS_VETO,deployment_threshold,OOD,ood_test_injection_standard,length_bin,len_q4,997,734,263,0.7312,0.6673,0.8603,0.7338,0.045,0.1608,0.2575,0.2057,217.0,275.008,0.5932,5.0547,metrics_hybrid_bins_splitB__ood-ood_test_injection_standard.csv,bin_eval=length_bin:len_q4; stage=OOD; eval_track=deployment_threshold; n_total=997; n_pos=734; n_neg=263; ood_name=ood_test_injection_standard,OOD_BIN_LENGTH_BIN_LEN_Q4,,
B,hybrid,HYBRID_SEM_EXPERT_GATE_M1_M3,deployment_threshold,OOD,,length_bin,len_q4,192,159,33,0.7656,0.6542,0.937,0.7913,0.0,0.0,0.5157,0.195,18.0,19.3958,0.9444,5.0,metrics_hybrid_bins_splitB.csv,bin_eval=length_bin:len_q4; stage=OOD; eval_track=deployment_threshold; n_total=192; n_pos=159; n_neg=33,OOD_BIN_LENGTH_BIN_LEN_Q4,,
B,hybrid,HYBRID_SEM_EXPERT_GATE_M1_M3,deployment_threshold,OOD,ood_test_injection_standard,length_bin,len_q4,997,734,263,0.7312,0.6589,0.8352,0.6983,0.0,0.0,0.0,0.1907,217.0,275.008,0.5932,5.0547,metrics_hybrid_bins_splitB__ood-ood_test_injection_standard.csv,bin_eval=length_bin:len_q4; stage=OOD; eval_track=deployment_threshold; n_total=997; n_pos=734; n_neg=263; ood_name=ood_test_injection_standard,OOD_BIN_LENGTH_BIN_LEN_Q4,,
B,hybrid,HYBRID_SEM_GATE_ELSE_M3_IBVS_V2,deployment_threshold,OOD,,length_bin,len_q4,192,159,33,0.5625,0.5307,0.9009,0.7271,0.0126,0.0818,0.2075,0.5031,18.0,19.3958,0.9444,5.0,metrics_hybrid_bins_splitB.csv,bin_eval=length_bin:len_q4; stage=OOD; eval_track=deployment_threshold; n_total=192; n_pos=159; n_neg=33,OOD_BIN_LENGTH_BIN_LEN_Q4,,
B,hybrid,HYBRID_SEM_GATE_ELSE_M3_IBVS_V2,deployment_threshold,OOD,ood_test_injection_standard,length_bin,len_q4,997,734,263,0.5838,0.5629,0.7995,0.6227,0.0041,0.1035,0.203,0.455,217.0,275.008,0.5932,5.0547,metrics_hybrid_bins_splitB__ood-ood_test_injection_standard.csv,bin_eval=length_bin:len_q4; stage=OOD; eval_track=deployment_threshold; n_total=997; n_pos=734; n_neg=263; ood_name=ood_test_injection_standard,OOD_BIN_LENGTH_BIN_LEN_Q4,,
B,hybrid,HYBRID_SEM_LEARNED_META_FUSION,deployment_threshold,OOD,,length_bin,len_q4,192,159,33,0.7552,0.6563,0.958,0.8398,0.0,0.5283,0.6226,0.2201,18.0,19.3958,0.9444,5.0,metrics_hybrid_bins_splitB.csv,bin_eval=length_bin:len_q4; stage=OOD; eval_track=deployment_threshold; n_total=192; n_pos=159; n_neg=33,OOD_BIN_LENGTH_BIN_LEN_Q4,,
B,hybrid,HYBRID_SEM_LEARNED_META_FUSION,deployment_threshold,OOD,ood_test_injection_standard,length_bin,len_q4,997,734,263,0.7372,0.674,0.8561,0.7335,0.0,0.0,0.0,0.2003,217.0,275.008,0.5932,5.0547,metrics_hybrid_bins_splitB__ood-ood_test_injection_standard.csv,bin_eval=length_bin:len_q4; stage=OOD; eval_track=deployment_threshold; n_total=997; n_pos=734; n_neg=263; ood_name=ood_test_injection_standard,OOD_BIN_LENGTH_BIN_LEN_Q4,,
B,semantic,SEM_LOGREG_BGE,deployment_threshold,OOD,ood_test,length_bin,len_q4,192,159,33,0.7917,0.6782,0.9594,0.8344,0.3208,0.4591,0.522,0.1635,18.0,19.3958,0.9444,5.0,metrics_semantic_bins_splitB.csv,bin_eval=length_bin:len_q4; stage=OOD; eval_track=deployment_threshold; n_total=192; n_pos=159; n_neg=33; ood_name=ood_test,OOD_BIN_LENGTH_BIN_LEN_Q4,,
B,semantic,SEM_LOGREG_BGE,deployment_threshold,OOD,ood_test_injection_standard,length_bin,len_q4,997,734,263,0.7312,0.6673,0.8603,0.7338,0.045,0.1608,0.2575,0.2057,217.0,275.008,0.5932,5.0547,metrics_semantic_bins_splitB__ood-ood_test_injection_standard.csv,bin_eval=length_bin:len_q4; stage=OOD; eval_track=deployment_threshold; n_total=997; n_pos=734; n_neg=263; ood_name=ood_test_injection_standard,OOD_BIN_LENGTH_BIN_LEN_Q4,,
B,ablation,M1_TFIDF_ONLY,deployment_threshold,TEST,,complexity_bin,complex_q1,38,28,10,0.5789,0.5778,0.9875,0.9571,0.8929,0.8929,0.9286,0.5714,13.0,31.6053,0.8947,4.7788,metrics_ablation_bins_splitB.csv,bin_eval=complexity_bin:complex_q1; stage=TEST; eval_track=deployment_threshold; n_total=38; n_pos=28; n_neg=10,TEST_BIN_COMPLEXITY_BIN_COMPLEX_Q1,,
B,ablation,M1_TFIDF_ONLY,ranking,TEST,,complexity_bin,complex_q1,38,28,10,0.9211,0.9013,0.9875,0.9571,0.8929,0.8929,0.9286,0.0714,13.0,31.6053,0.8947,4.7788,metrics_ablation_bins_splitB.csv,bin_eval=complexity_bin:complex_q1; stage=TEST; eval_track=ranking; n_total=38; n_pos=28; n_neg=10,TEST_BIN_COMPLEXITY_BIN_COMPLEX_Q1,,
B,ablation,M2_TFIDF_PLUS_FLAGS,deployment_threshold,TEST,,complexity_bin,complex_q1,38,28,10,0.5,0.4997,0.9924,0.975,0.9286,0.9286,0.9643,0.6786,13.0,31.6053,0.8947,4.7788,metrics_ablation_bins_splitB.csv,bin_eval=complexity_bin:complex_q1; stage=TEST; eval_track=deployment_threshold; n_total=38; n_pos=28; n_neg=10,TEST_BIN_COMPLEXITY_BIN_COMPLEX_Q1,,
B,ablation,M2_TFIDF_PLUS_FLAGS,ranking,TEST,,complexity_bin,complex_q1,38,28,10,0.9474,0.9321,0.9924,0.975,0.9286,0.9286,0.9643,0.0357,13.0,31.6053,0.8947,4.7788,metrics_ablation_bins_splitB.csv,bin_eval=complexity_bin:complex_q1; stage=TEST; eval_track=ranking; n_total=38; n_pos=28; n_neg=10,TEST_BIN_COMPLEXITY_BIN_COMPLEX_Q1,,
B,ablation,M3_TFIDF_PLUS_FLAGS_PLUS_IBVS_V1_TOTAL,deployment_threshold,TEST,,complexity_bin,complex_q1,38,28,10,0.4211,0.4146,0.9926,0.9786,0.8571,0.8571,0.9643,0.7857,13.0,31.6053,0.8947,4.7788,metrics_ablation_bins_splitB.csv,bin_eval=complexity_bin:complex_q1; stage=TEST; eval_track=deployment_threshold; n_total=38; n_pos=28; n_neg=10,TEST_BIN_COMPLEXITY_BIN_COMPLEX_Q1,,
B,ablation,M3_TFIDF_PLUS_FLAGS_PLUS_IBVS_V1_TOTAL,ranking,TEST,,complexity_bin,complex_q1,38,28,10,0.9474,0.9321,0.9926,0.9786,0.8571,0.8571,0.9643,0.0357,13.0,31.6053,0.8947,4.7788,metrics_ablation_bins_splitB.csv,bin_eval=complexity_bin:complex_q1; stage=TEST; eval_track=ranking; n_total=38; n_pos=28; n_neg=10,TEST_BIN_COMPLEXITY_BIN_COMPLEX_Q1,,
B,ablation,M3_TFIDF_PLUS_FLAGS_PLUS_IBVS_V2_STRUCTURED,deployment_threshold,TEST,,complexity_bin,complex_q1,38,28,10,0.5526,0.5523,0.9924,0.975,0.9286,0.9286,0.9643,0.6071,13.0,31.6053,0.8947,4.7788,metrics_ablation_bins_splitB.csv,bin_eval=complexity_bin:complex_q1; stage=TEST; eval_track=deployment_threshold; n_total=38; n_pos=28; n_neg=10,TEST_BIN_COMPLEXITY_BIN_COMPLEX_Q1,,
B,ablation,M3_TFIDF_PLUS_FLAGS_PLUS_IBVS_V2_STRUCTURED,ranking,TEST,,complexity_bin,complex_q1,38,28,10,0.9474,0.9321,0.9924,0.975,0.9286,0.9286,0.9643,0.0357,13.0,31.6053,0.8947,4.7788,metrics_ablation_bins_splitB.csv,bin_eval=complexity_bin:complex_q1; stage=TEST; eval_track=ranking; n_total=38; n_pos=28; n_neg=10,TEST_BIN_COMPLEXITY_BIN_COMPLEX_Q1,,
B,ablation,M3_TFIDF_PLUS_FLAGS_PLUS_IBVS_V2_TAILCAL,deployment_threshold,TEST,,complexity_bin,complex_q1,38,28,10,0.5526,0.5523,0.9908,0.9679,0.9286,0.9286,0.9643,0.6071,13.0,31.6053,0.8947,4.7788,metrics_ablation_bins_splitB.csv,bin_eval=complexity_bin:complex_q1; stage=TEST; eval_track=deployment_threshold; n_total=38; n_pos=28; n_neg=10,TEST_BIN_COMPLEXITY_BIN_COMPLEX_Q1,,
B,ablation,M3_TFIDF_PLUS_FLAGS_PLUS_IBVS_V2_TAILCAL,ranking,TEST,,complexity_bin,complex_q1,38,28,10,0.9474,0.9321,0.9908,0.9679,0.9286,0.9286,0.9643,0.0357,13.0,31.6053,0.8947,4.7788,metrics_ablation_bins_splitB.csv,bin_eval=complexity_bin:complex_q1; stage=TEST; eval_track=ranking; n_total=38; n_pos=28; n_neg=10,TEST_BIN_COMPLEXITY_BIN_COMPLEX_Q1,,
B,ablation,M3_TFIDF_PLUS_FLAGS_PLUS_IBVS_V2_TOTAL,deployment_threshold,TEST,,complexity_bin,complex_q1,38,28,10,0.5526,0.5523,0.9924,0.975,0.9286,0.9286,0.9643,0.6071,13.0,31.6053,0.8947,4.7788,metrics_ablation_bins_splitB.csv,bin_eval=complexity_bin:complex_q1; stage=TEST; eval_track=deployment_threshold; n_total=38; n_pos=28; n_neg=10,TEST_BIN_COMPLEXITY_BIN_COMPLEX_Q1,,
B,ablation,M3_TFIDF_PLUS_FLAGS_PLUS_IBVS_V2_TOTAL,ranking,TEST,,complexity_bin,complex_q1,38,28,10,0.9474,0.9321,0.9924,0.975,0.9286,0.9286,0.9643,0.0357,13.0,31.6053,0.8947,4.7788,metrics_ablation_bins_splitB.csv,bin_eval=complexity_bin:complex_q1; stage=TEST; eval_track=ranking; n_total=38; n_pos=28; n_neg=10,TEST_BIN_COMPLEXITY_BIN_COMPLEX_Q1,,
B,ablation,M3_TFIDF_PLUS_FLAGS_PLUS_IBVS_V2_TRIPWIRE,deployment_threshold,TEST,,complexity_bin,complex_q1,38,28,10,0.5263,0.5263,0.9924,0.975,0.9286,0.9286,0.9643,0.6429,13.0,31.6053,0.8947,4.7788,metrics_ablation_bins_splitB.csv,bin_eval=complexity_bin:complex_q1; stage=TEST; eval_track=deployment_threshold; n_total=38; n_pos=28; n_neg=10,TEST_BIN_COMPLEXITY_BIN_COMPLEX_Q1,,
B,ablation,M3_TFIDF_PLUS_FLAGS_PLUS_IBVS_V2_TRIPWIRE,ranking,TEST,,complexity_bin,complex_q1,38,28,10,0.9474,0.9321,0.9924,0.975,0.9286,0.9286,0.9643,0.0357,13.0,31.6053,0.8947,4.7788,metrics_ablation_bins_splitB.csv,bin_eval=complexity_bin:complex_q1; stage=TEST; eval_track=ranking; n_total=38; n_pos=28; n_neg=10,TEST_BIN_COMPLEXITY_BIN_COMPLEX_Q1,,
B,hybrid,HYBRID_SEM_ANCHORED_IBVS_BOOST,deployment_threshold,TEST,,complexity_bin,complex_q1,38,28,10,0.8684,0.851,0.9905,0.9714,0.8929,0.8929,0.8929,0.1786,13.0,31.6053,0.8947,4.7788,metrics_hybrid_bins_splitB.csv,bin_eval=complexity_bin:complex_q1; stage=TEST; eval_track=deployment_threshold; n_total=38; n_pos=28; n_neg=10,TEST_BIN_COMPLEXITY_BIN_COMPLEX_Q1,,
B,hybrid,HYBRID_SEM_ANCHORED_IBVS_BOOST_V2,deployment_threshold,TEST,,complexity_bin,complex_q1,38,28,10,0.8684,0.851,0.9905,0.9714,0.8929,0.8929,0.8929,0.1786,13.0,31.6053,0.8947,4.7788,metrics_hybrid_bins_splitB.csv,bin_eval=complexity_bin:complex_q1; stage=TEST; eval_track=deployment_threshold; n_total=38; n_pos=28; n_neg=10,TEST_BIN_COMPLEXITY_BIN_COMPLEX_Q1,,
B,hybrid,HYBRID_SEM_ANCHORED_IBVS_VETO,deployment_threshold,TEST,,complexity_bin,complex_q1,38,28,10,0.8684,0.851,0.9905,0.9714,0.8929,0.8929,0.8929,0.1786,13.0,31.6053,0.8947,4.7788,metrics_hybrid_bins_splitB.csv,bin_eval=complexity_bin:complex_q1; stage=TEST; eval_track=deployment_threshold; n_total=38; n_pos=28; n_neg=10,TEST_BIN_COMPLEXITY_BIN_COMPLEX_Q1,,
B,hybrid,HYBRID_SEM_EXPERT_GATE_M1_M3,deployment_threshold,TEST,,complexity_bin,complex_q1,38,28,10,0.8684,0.851,0.9825,0.9625,0.8214,0.8214,0.8214,0.1786,13.0,31.6053,0.8947,4.7788,metrics_hybrid_bins_splitB.csv,bin_eval=complexity_bin:complex_q1; stage=TEST; eval_track=deployment_threshold; n_total=38; n_pos=28; n_neg=10,TEST_BIN_COMPLEXITY_BIN_COMPLEX_Q1,,
B,hybrid,HYBRID_SEM_GATE_ELSE_M3_IBVS_V2,deployment_threshold,TEST,,complexity_bin,complex_q1,38,28,10,0.7895,0.7738,0.9976,0.9929,0.9643,0.9643,0.9643,0.2857,13.0,31.6053,0.8947,4.7788,metrics_hybrid_bins_splitB.csv,bin_eval=complexity_bin:complex_q1; stage=TEST; eval_track=deployment_threshold; n_total=38; n_pos=28; n_neg=10,TEST_BIN_COMPLEXITY_BIN_COMPLEX_Q1,,
B,hybrid,HYBRID_SEM_LEARNED_META_FUSION,deployment_threshold,TEST,,complexity_bin,complex_q1,38,28,10,0.8947,0.8782,0.9937,0.9821,0.9643,0.9643,0.9643,0.1429,13.0,31.6053,0.8947,4.7788,metrics_hybrid_bins_splitB.csv,bin_eval=complexity_bin:complex_q1; stage=TEST; eval_track=deployment_threshold; n_total=38; n_pos=28; n_neg=10,TEST_BIN_COMPLEXITY_BIN_COMPLEX_Q1,,
B,semantic,SEM_LOGREG_BGE,deployment_threshold,TEST,id,complexity_bin,complex_q1,38,28,10,0.8684,0.851,0.9905,0.9714,0.8929,0.8929,0.8929,0.1786,13.0,31.6053,0.8947,4.7788,metrics_semantic_bins_splitB.csv,bin_eval=complexity_bin:complex_q1; stage=TEST; eval_track=deployment_threshold; n_total=38; n_pos=28; n_neg=10; ood_name=id,TEST_BIN_COMPLEXITY_BIN_COMPLEX_Q1,,
B,ablation,M1_TFIDF_ONLY,deployment_threshold,TEST,,complexity_bin,complex_q2,37,33,4,0.6757,0.5889,0.9884,0.9015,0.8485,0.8485,0.8485,0.3636,14.0,13.8108,0.9375,4.9091,metrics_ablation_bins_splitB.csv,bin_eval=complexity_bin:complex_q2; stage=TEST; eval_track=deployment_threshold; n_total=37; n_pos=33; n_neg=4,TEST_BIN_COMPLEXITY_BIN_COMPLEX_Q2,,
B,ablation,M1_TFIDF_ONLY,ranking,TEST,,complexity_bin,complex_q2,37,33,4,0.8919,0.7197,0.9884,0.9015,0.8485,0.8485,0.8485,0.0606,14.0,13.8108,0.9375,4.9091,metrics_ablation_bins_splitB.csv,bin_eval=complexity_bin:complex_q2; stage=TEST; eval_track=ranking; n_total=37; n_pos=33; n_neg=4,TEST_BIN_COMPLEXITY_BIN_COMPLEX_Q2,,
B,ablation,M2_TFIDF_PLUS_FLAGS,deployment_threshold,TEST,,complexity_bin,complex_q2,37,33,4,0.6486,0.5678,0.9889,0.9015,0.8788,0.8788,0.8788,0.3939,14.0,13.8108,0.9375,4.9091,metrics_ablation_bins_splitB.csv,bin_eval=complexity_bin:complex_q2; stage=TEST; eval_track=deployment_threshold; n_total=37; n_pos=33; n_neg=4,TEST_BIN_COMPLEXITY_BIN_COMPLEX_Q2,,
B,ablation,M2_TFIDF_PLUS_FLAGS,ranking,TEST,,complexity_bin,complex_q2,37,33,4,0.8919,0.7688,0.9889,0.9015,0.8788,0.8788,0.8788,0.0909,14.0,13.8108,0.9375,4.9091,metrics_ablation_bins_splitB.csv,bin_eval=complexity_bin:complex_q2; stage=TEST; eval_track=ranking; n_total=37; n_pos=33; n_neg=4,TEST_BIN_COMPLEXITY_BIN_COMPLEX_Q2,,
B,ablation,M3_TFIDF_PLUS_FLAGS_PLUS_IBVS_V1_TOTAL,deployment_threshold,TEST,,complexity_bin,complex_q2,37,33,4,0.3784,0.3616,0.9913,0.9242,0.8788,0.8788,0.8788,0.697,14.0,13.8108,0.9375,4.9091,metrics_ablation_bins_splitB.csv,bin_eval=complexity_bin:complex_q2; stage=TEST; eval_track=deployment_threshold; n_total=37; n_pos=33; n_neg=4,TEST_BIN_COMPLEXITY_BIN_COMPLEX_Q2,,
B,ablation,M3_TFIDF_PLUS_FLAGS_PLUS_IBVS_V1_TOTAL,ranking,TEST,,complexity_bin,complex_q2,37,33,4,0.8919,0.7197,0.9913,0.9242,0.8788,0.8788,0.8788,0.0606,14.0,13.8108,0.9375,4.9091,metrics_ablation_bins_splitB.csv,bin_eval=complexity_bin:complex_q2; stage=TEST; eval_track=ranking; n_total=37; n_pos=33; n_neg=4,TEST_BIN_COMPLEXITY_BIN_COMPLEX_Q2,,
B,ablation,M3_TFIDF_PLUS_FLAGS_PLUS_IBVS_V2_STRUCTURED,deployment_threshold,TEST,,complexity_bin,complex_q2,37,33,4,0.6216,0.5472,0.9913,0.9242,0.8788,0.8788,0.8788,0.4242,14.0,13.8108,0.9375,4.9091,metrics_ablation_bins_splitB.csv,bin_eval=complexity_bin:complex_q2; stage=TEST; eval_track=deployment_threshold; n_total=37; n_pos=33; n_neg=4,TEST_BIN_COMPLEXITY_BIN_COMPLEX_Q2,,
B,ablation,M3_TFIDF_PLUS_FLAGS_PLUS_IBVS_V2_STRUCTURED,ranking,TEST,,complexity_bin,complex_q2,37,33,4,0.8919,0.7688,0.9913,0.9242,0.8788,0.8788,0.8788,0.0909,14.0,13.8108,0.9375,4.9091,metrics_ablation_bins_splitB.csv,bin_eval=complexity_bin:complex_q2; stage=TEST; eval_track=ranking; n_total=37; n_pos=33; n_neg=4,TEST_BIN_COMPLEXITY_BIN_COMPLEX_Q2,,
B,ablation,M3_TFIDF_PLUS_FLAGS_PLUS_IBVS_V2_TAILCAL,deployment_threshold,TEST,,complexity_bin,complex_q2,37,33,4,0.6486,0.5678,0.9915,0.9242,0.9091,0.9091,0.9091,0.3939,14.0,13.8108,0.9375,4.9091,metrics_ablation_bins_splitB.csv,bin_eval=complexity_bin:complex_q2; stage=TEST; eval_track=deployment_threshold; n_total=37; n_pos=33; n_neg=4,TEST_BIN_COMPLEXITY_BIN_COMPLEX_Q2,,
B,ablation,M3_TFIDF_PLUS_FLAGS_PLUS_IBVS_V2_TAILCAL,ranking,TEST,,complexity_bin,complex_q2,37,33,4,0.8919,0.7688,0.9915,0.9242,0.9091,0.9091,0.9091,0.0909,14.0,13.8108,0.9375,4.9091,metrics_ablation_bins_splitB.csv,bin_eval=complexity_bin:complex_q2; stage=TEST; eval_track=ranking; n_total=37; n_pos=33; n_neg=4,TEST_BIN_COMPLEXITY_BIN_COMPLEX_Q2,,
B,ablation,M3_TFIDF_PLUS_FLAGS_PLUS_IBVS_V2_TOTAL,deployment_threshold,TEST,,complexity_bin,complex_q2,37,33,4,0.5135,0.4663,0.9905,0.9167,0.8788,0.8788,0.8788,0.5455,14.0,13.8108,0.9375,4.9091,metrics_ablation_bins_splitB.csv,bin_eval=complexity_bin:complex_q2; stage=TEST; eval_track=deployment_threshold; n_total=37; n_pos=33; n_neg=4,TEST_BIN_COMPLEXITY_BIN_COMPLEX_Q2,,
B,ablation,M3_TFIDF_PLUS_FLAGS_PLUS_IBVS_V2_TOTAL,ranking,TEST,,complexity_bin,complex_q2,37,33,4,0.8919,0.7688,0.9905,0.9167,0.8788,0.8788,0.8788,0.0909,14.0,13.8108,0.9375,4.9091,metrics_ablation_bins_splitB.csv,bin_eval=complexity_bin:complex_q2; stage=TEST; eval_track=ranking; n_total=37; n_pos=33; n_neg=4,TEST_BIN_COMPLEXITY_BIN_COMPLEX_Q2,,
B,ablation,M3_TFIDF_PLUS_FLAGS_PLUS_IBVS_V2_TRIPWIRE,deployment_threshold,TEST,,complexity_bin,complex_q2,37,33,4,0.5946,0.5269,0.9913,0.9242,0.8788,0.8788,0.8788,0.4545,14.0,13.8108,0.9375,4.9091,metrics_ablation_bins_splitB.csv,bin_eval=complexity_bin:complex_q2; stage=TEST; eval_track=deployment_threshold; n_total=37; n_pos=33; n_neg=4,TEST_BIN_COMPLEXITY_BIN_COMPLEX_Q2,,
B,ablation,M3_TFIDF_PLUS_FLAGS_PLUS_IBVS_V2_TRIPWIRE,ranking,TEST,,complexity_bin,complex_q2,37,33,4,0.8919,0.7688,0.9913,0.9242,0.8788,0.8788,0.8788,0.0909,14.0,13.8108,0.9375,4.9091,metrics_ablation_bins_splitB.csv,bin_eval=complexity_bin:complex_q2; stage=TEST; eval_track=ranking; n_total=37; n_pos=33; n_neg=4,TEST_BIN_COMPLEXITY_BIN_COMPLEX_Q2,,
B,hybrid,HYBRID_SEM_ANCHORED_IBVS_BOOST,deployment_threshold,TEST,,complexity_bin,complex_q2,37,33,4,0.8649,0.6838,0.9722,0.8258,0.4242,0.4242,0.4242,0.0909,14.0,13.8108,0.9375,4.9091,metrics_hybrid_bins_splitB.csv,bin_eval=complexity_bin:complex_q2; stage=TEST; eval_track=deployment_threshold; n_total=37; n_pos=33; n_neg=4,TEST_BIN_COMPLEXITY_BIN_COMPLEX_Q2,,
B,hybrid,HYBRID_SEM_ANCHORED_IBVS_BOOST_V2,deployment_threshold,TEST,,complexity_bin,complex_q2,37,33,4,0.8649,0.6838,0.9722,0.8258,0.4242,0.4242,0.4242,0.0909,14.0,13.8108,0.9375,4.9091,metrics_hybrid_bins_splitB.csv,bin_eval=complexity_bin:complex_q2; stage=TEST; eval_track=deployment_threshold; n_total=37; n_pos=33; n_neg=4,TEST_BIN_COMPLEXITY_BIN_COMPLEX_Q2,,
B,hybrid,HYBRID_SEM_ANCHORED_IBVS_VETO,deployment_threshold,TEST,,complexity_bin,complex_q2,37,33,4,0.8649,0.6838,0.9722,0.8258,0.4242,0.4242,0.4242,0.0909,14.0,13.8108,0.9375,4.9091,metrics_hybrid_bins_splitB.csv,bin_eval=complexity_bin:complex_q2; stage=TEST; eval_track=deployment_threshold; n_total=37; n_pos=33; n_neg=4,TEST_BIN_COMPLEXITY_BIN_COMPLEX_Q2,,
B,hybrid,HYBRID_SEM_EXPERT_GATE_M1_M3,deployment_threshold,TEST,,complexity_bin,complex_q2,37,33,4,0.8649,0.6838,0.9362,0.7197,0.0,0.0,0.0,0.0909,14.0,13.8108,0.9375,4.9091,metrics_hybrid_bins_splitB.csv,bin_eval=complexity_bin:complex_q2; stage=TEST; eval_track=deployment_threshold; n_total=37; n_pos=33; n_neg=4,TEST_BIN_COMPLEXITY_BIN_COMPLEX_Q2,,
B,hybrid,HYBRID_SEM_GATE_ELSE_M3_IBVS_V2,deployment_threshold,TEST,,complexity_bin,complex_q2,37,33,4,0.8378,0.7016,0.9848,0.8939,0.6061,0.6061,0.6061,0.1515,14.0,13.8108,0.9375,4.9091,metrics_hybrid_bins_splitB.csv,bin_eval=complexity_bin:complex_q2; stage=TEST; eval_track=deployment_threshold; n_total=37; n_pos=33; n_neg=4,TEST_BIN_COMPLEXITY_BIN_COMPLEX_Q2,,
B,hybrid,HYBRID_SEM_LEARNED_META_FUSION,deployment_threshold,TEST,,complexity_bin,complex_q2,37,33,4,0.8919,0.7688,0.967,0.8598,0.0,0.0,0.0,0.0909,14.0,13.8108,0.9375,4.9091,metrics_hybrid_bins_splitB.csv,bin_eval=complexity_bin:complex_q2; stage=TEST; eval_track=deployment_threshold; n_total=37; n_pos=33; n_neg=4,TEST_BIN_COMPLEXITY_BIN_COMPLEX_Q2,,
B,semantic,SEM_LOGREG_BGE,deployment_threshold,TEST,id,complexity_bin,complex_q2,37,33,4,0.8649,0.6838,0.9722,0.8258,0.4242,0.4242,0.4242,0.0909,14.0,13.8108,0.9375,4.9091,metrics_semantic_bins_splitB.csv,bin_eval=complexity_bin:complex_q2; stage=TEST; eval_track=deployment_threshold; n_total=37; n_pos=33; n_neg=4; ood_name=id,TEST_BIN_COMPLEXITY_BIN_COMPLEX_Q2,,
B,ablation,M1_TFIDF_ONLY,deployment_threshold,TEST,,complexity_bin,complex_q3,37,34,3,0.5676,0.4825,1.0,1.0,1.0,1.0,1.0,0.4706,10.0,10.3243,1.0,5.125,metrics_ablation_bins_splitB.csv,bin_eval=complexity_bin:complex_q3; stage=TEST; eval_track=deployment_threshold; n_total=37; n_pos=34; n_neg=3,TEST_BIN_COMPLEXITY_BIN_COMPLEX_Q3,,
B,ablation,M1_TFIDF_ONLY,ranking,TEST,,complexity_bin,complex_q3,37,34,3,1.0,1.0,1.0,1.0,1.0,1.0,1.0,0.0,10.0,10.3243,1.0,5.125,metrics_ablation_bins_splitB.csv,bin_eval=complexity_bin:complex_q3; stage=TEST; eval_track=ranking; n_total=37; n_pos=34; n_neg=3,TEST_BIN_COMPLEXITY_BIN_COMPLEX_Q3,,
B,ablation,M2_TFIDF_PLUS_FLAGS,deployment_threshold,TEST,,complexity_bin,complex_q3,37,34,3,0.5405,0.4638,1.0,1.0,1.0,1.0,1.0,0.5,10.0,10.3243,1.0,5.125,metrics_ablation_bins_splitB.csv,bin_eval=complexity_bin:complex_q3; stage=TEST; eval_track=deployment_threshold; n_total=37; n_pos=34; n_neg=3,TEST_BIN_COMPLEXITY_BIN_COMPLEX_Q3,,
B,ablation,M2_TFIDF_PLUS_FLAGS,ranking,TEST,,complexity_bin,complex_q3,37,34,3,0.8919,0.7688,1.0,1.0,1.0,1.0,1.0,0.1176,10.0,10.3243,1.0,5.125,metrics_ablation_bins_splitB.csv,bin_eval=complexity_bin:complex_q3; stage=TEST; eval_track=ranking; n_total=37; n_pos=34; n_neg=3,TEST_BIN_COMPLEXITY_BIN_COMPLEX_Q3,,
B,ablation,M3_TFIDF_PLUS_FLAGS_PLUS_IBVS_V1_TOTAL,deployment_threshold,TEST,,complexity_bin,complex_q3,37,34,3,0.3243,0.3061,1.0,1.0,1.0,1.0,1.0,0.7353,10.0,10.3243,1.0,5.125,metrics_ablation_bins_splitB.csv,bin_eval=complexity_bin:complex_q3; stage=TEST; eval_track=deployment_threshold; n_total=37; n_pos=34; n_neg=3,TEST_BIN_COMPLEXITY_BIN_COMPLEX_Q3,,
B,ablation,M3_TFIDF_PLUS_FLAGS_PLUS_IBVS_V1_TOTAL,ranking,TEST,,complexity_bin,complex_q3,37,34,3,1.0,1.0,1.0,1.0,1.0,1.0,1.0,0.0,10.0,10.3243,1.0,5.125,metrics_ablation_bins_splitB.csv,bin_eval=complexity_bin:complex_q3; stage=TEST; eval_track=ranking; n_total=37; n_pos=34; n_neg=3,TEST_BIN_COMPLEXITY_BIN_COMPLEX_Q3,,
B,ablation,M3_TFIDF_PLUS_FLAGS_PLUS_IBVS_V2_STRUCTURED,deployment_threshold,TEST,,complexity_bin,complex_q3,37,34,3,0.5946,0.5013,1.0,1.0,1.0,1.0,1.0,0.4412,10.0,10.3243,1.0,5.125,metrics_ablation_bins_splitB.csv,bin_eval=complexity_bin:complex_q3; stage=TEST; eval_track=deployment_threshold; n_total=37; n_pos=34; n_neg=3,TEST_BIN_COMPLEXITY_BIN_COMPLEX_Q3,,
B,ablation,M3_TFIDF_PLUS_FLAGS_PLUS_IBVS_V2_STRUCTURED,ranking,TEST,,complexity_bin,complex_q3,37,34,3,0.8919,0.7688,1.0,1.0,1.0,1.0,1.0,0.1176,10.0,10.3243,1.0,5.125,metrics_ablation_bins_splitB.csv,bin_eval=complexity_bin:complex_q3; stage=TEST; eval_track=ranking; n_total=37; n_pos=34; n_neg=3,TEST_BIN_COMPLEXITY_BIN_COMPLEX_Q3,,
B,ablation,M3_TFIDF_PLUS_FLAGS_PLUS_IBVS_V2_TAILCAL,deployment_threshold,TEST,,complexity_bin,complex_q3,37,34,3,0.5676,0.4825,1.0,1.0,1.0,1.0,1.0,0.4706,10.0,10.3243,1.0,5.125,metrics_ablation_bins_splitB.csv,bin_eval=complexity_bin:complex_q3; stage=TEST; eval_track=deployment_threshold; n_total=37; n_pos=34; n_neg=3,TEST_BIN_COMPLEXITY_BIN_COMPLEX_Q3,,
B,ablation,M3_TFIDF_PLUS_FLAGS_PLUS_IBVS_V2_TAILCAL,ranking,TEST,,complexity_bin,complex_q3,37,34,3,0.8919,0.7688,1.0,1.0,1.0,1.0,1.0,0.1176,10.0,10.3243,1.0,5.125,metrics_ablation_bins_splitB.csv,bin_eval=complexity_bin:complex_q3; stage=TEST; eval_track=ranking; n_total=37; n_pos=34; n_neg=3,TEST_BIN_COMPLEXITY_BIN_COMPLEX_Q3,,
B,ablation,M3_TFIDF_PLUS_FLAGS_PLUS_IBVS_V2_TOTAL,deployment_threshold,TEST,,complexity_bin,complex_q3,37,34,3,0.5676,0.4825,1.0,1.0,1.0,1.0,1.0,0.4706,10.0,10.3243,1.0,5.125,metrics_ablation_bins_splitB.csv,bin_eval=complexity_bin:complex_q3; stage=TEST; eval_track=deployment_threshold; n_total=37; n_pos=34; n_neg=3,TEST_BIN_COMPLEXITY_BIN_COMPLEX_Q3,,
B,ablation,M3_TFIDF_PLUS_FLAGS_PLUS_IBVS_V2_TOTAL,ranking,TEST,,complexity_bin,complex_q3,37,34,3,0.8919,0.7688,1.0,1.0,1.0,1.0,1.0,0.1176,10.0,10.3243,1.0,5.125,metrics_ablation_bins_splitB.csv,bin_eval=complexity_bin:complex_q3; stage=TEST; eval_track=ranking; n_total=37; n_pos=34; n_neg=3,TEST_BIN_COMPLEXITY_BIN_COMPLEX_Q3,,
B,ablation,M3_TFIDF_PLUS_FLAGS_PLUS_IBVS_V2_TRIPWIRE,deployment_threshold,TEST,,complexity_bin,complex_q3,37,34,3,0.5405,0.4638,1.0,1.0,1.0,1.0,1.0,0.5,10.0,10.3243,1.0,5.125,metrics_ablation_bins_splitB.csv,bin_eval=complexity_bin:complex_q3; stage=TEST; eval_track=deployment_threshold; n_total=37; n_pos=34; n_neg=3,TEST_BIN_COMPLEXITY_BIN_COMPLEX_Q3,,
B,ablation,M3_TFIDF_PLUS_FLAGS_PLUS_IBVS_V2_TRIPWIRE,ranking,TEST,,complexity_bin,complex_q3,37,34,3,0.8919,0.7688,1.0,1.0,1.0,1.0,1.0,0.1176,10.0,10.3243,1.0,5.125,metrics_ablation_bins_splitB.csv,bin_eval=complexity_bin:complex_q3; stage=TEST; eval_track=ranking; n_total=37; n_pos=34; n_neg=3,TEST_BIN_COMPLEXITY_BIN_COMPLEX_Q3,,
B,hybrid,HYBRID_SEM_ANCHORED_IBVS_BOOST,deployment_threshold,TEST,,complexity_bin,complex_q3,37,34,3,1.0,1.0,1.0,1.0,1.0,1.0,1.0,0.0,10.0,10.3243,1.0,5.125,metrics_hybrid_bins_splitB.csv,bin_eval=complexity_bin:complex_q3; stage=TEST; eval_track=deployment_threshold; n_total=37; n_pos=34; n_neg=3,TEST_BIN_COMPLEXITY_BIN_COMPLEX_Q3,,
B,hybrid,HYBRID_SEM_ANCHORED_IBVS_BOOST_V2,deployment_threshold,TEST,,complexity_bin,complex_q3,37,34,3,1.0,1.0,1.0,1.0,1.0,1.0,1.0,0.0,10.0,10.3243,1.0,5.125,metrics_hybrid_bins_splitB.csv,bin_eval=complexity_bin:complex_q3; stage=TEST; eval_track=deployment_threshold; n_total=37; n_pos=34; n_neg=3,TEST_BIN_COMPLEXITY_BIN_COMPLEX_Q3,,
B,hybrid,HYBRID_SEM_ANCHORED_IBVS_VETO,deployment_threshold,TEST,,complexity_bin,complex_q3,37,34,3,1.0,1.0,1.0,1.0,1.0,1.0,1.0,0.0,10.0,10.3243,1.0,5.125,metrics_hybrid_bins_splitB.csv,bin_eval=complexity_bin:complex_q3; stage=TEST; eval_track=deployment_threshold; n_total=37; n_pos=34; n_neg=3,TEST_BIN_COMPLEXITY_BIN_COMPLEX_Q3,,
B,hybrid,HYBRID_SEM_EXPERT_GATE_M1_M3,deployment_threshold,TEST,,complexity_bin,complex_q3,37,34,3,1.0,1.0,1.0,1.0,1.0,1.0,1.0,0.0,10.0,10.3243,1.0,5.125,metrics_hybrid_bins_splitB.csv,bin_eval=complexity_bin:complex_q3; stage=TEST; eval_track=deployment_threshold; n_total=37; n_pos=34; n_neg=3,TEST_BIN_COMPLEXITY_BIN_COMPLEX_Q3,,
B,hybrid,HYBRID_SEM_GATE_ELSE_M3_IBVS_V2,deployment_threshold,TEST,,complexity_bin,complex_q3,37,34,3,0.9189,0.8103,1.0,1.0,1.0,1.0,1.0,0.0882,10.0,10.3243,1.0,5.125,metrics_hybrid_bins_splitB.csv,bin_eval=complexity_bin:complex_q3; stage=TEST; eval_track=deployment_threshold; n_total=37; n_pos=34; n_neg=3,TEST_BIN_COMPLEXITY_BIN_COMPLEX_Q3,,
B,hybrid,HYBRID_SEM_LEARNED_META_FUSION,deployment_threshold,TEST,,complexity_bin,complex_q3,37,34,3,1.0,1.0,1.0,1.0,1.0,1.0,1.0,0.0,10.0,10.3243,1.0,5.125,metrics_hybrid_bins_splitB.csv,bin_eval=complexity_bin:complex_q3; stage=TEST; eval_track=deployment_threshold; n_total=37; n_pos=34; n_neg=3,TEST_BIN_COMPLEXITY_BIN_COMPLEX_Q3,,
B,semantic,SEM_LOGREG_BGE,deployment_threshold,TEST,id,complexity_bin,complex_q3,37,34,3,1.0,1.0,1.0,1.0,1.0,1.0,1.0,0.0,10.0,10.3243,1.0,5.125,metrics_semantic_bins_splitB.csv,bin_eval=complexity_bin:complex_q3; stage=TEST; eval_track=deployment_threshold; n_total=37; n_pos=34; n_neg=3; ood_name=id,TEST_BIN_COMPLEXITY_BIN_COMPLEX_Q3,,
B,ablation,M1_TFIDF_ONLY,deployment_threshold,TEST,,complexity_bin,complex_q4,37,14,23,0.7027,0.58,0.6321,0.7019,0.2143,0.2857,0.2857,0.7857,9.0,9.8108,1.0,4.8182,metrics_ablation_bins_splitB.csv,bin_eval=complexity_bin:complex_q4; stage=TEST; eval_track=deployment_threshold; n_total=37; n_pos=14; n_neg=23,TEST_BIN_COMPLEXITY_BIN_COMPLEX_Q4,,
B,ablation,M1_TFIDF_ONLY,ranking,TEST,,complexity_bin,complex_q4,37,14,23,0.5946,0.5747,0.6321,0.7019,0.2143,0.2857,0.2857,0.5,9.0,9.8108,1.0,4.8182,metrics_ablation_bins_splitB.csv,bin_eval=complexity_bin:complex_q4; stage=TEST; eval_track=ranking; n_total=37; n_pos=14; n_neg=23,TEST_BIN_COMPLEXITY_BIN_COMPLEX_Q4,,
B,ablation,M2_TFIDF_PLUS_FLAGS,deployment_threshold,TEST,,complexity_bin,complex_q4,37,14,23,0.6757,0.5595,0.6718,0.7516,0.2143,0.2143,0.4286,0.7857,9.0,9.8108,1.0,4.8182,metrics_ablation_bins_splitB.csv,bin_eval=complexity_bin:complex_q4; stage=TEST; eval_track=deployment_threshold; n_total=37; n_pos=14; n_neg=23,TEST_BIN_COMPLEXITY_BIN_COMPLEX_Q4,,
B,ablation,M2_TFIDF_PLUS_FLAGS,ranking,TEST,,complexity_bin,complex_q4,37,14,23,0.6216,0.5978,0.6718,0.7516,0.2143,0.2143,0.4286,0.5,9.0,9.8108,1.0,4.8182,metrics_ablation_bins_splitB.csv,bin_eval=complexity_bin:complex_q4; stage=TEST; eval_track=ranking; n_total=37; n_pos=14; n_neg=23,TEST_BIN_COMPLEXITY_BIN_COMPLEX_Q4,,
B,ablation,M3_TFIDF_PLUS_FLAGS_PLUS_IBVS_V1_TOTAL,deployment_threshold,TEST,,complexity_bin,complex_q4,37,14,23,0.7027,0.58,0.6095,0.6863,0.2143,0.2143,0.2143,0.7857,9.0,9.8108,1.0,4.8182,metrics_ablation_bins_splitB.csv,bin_eval=complexity_bin:complex_q4; stage=TEST; eval_track=deployment_threshold; n_total=37; n_pos=14; n_neg=23,TEST_BIN_COMPLEXITY_BIN_COMPLEX_Q4,,
B,ablation,M3_TFIDF_PLUS_FLAGS_PLUS_IBVS_V1_TOTAL,ranking,TEST,,complexity_bin,complex_q4,37,14,23,0.6216,0.5849,0.6095,0.6863,0.2143,0.2143,0.2143,0.5714,9.0,9.8108,1.0,4.8182,metrics_ablation_bins_splitB.csv,bin_eval=complexity_bin:complex_q4; stage=TEST; eval_track=ranking; n_total=37; n_pos=14; n_neg=23,TEST_BIN_COMPLEXITY_BIN_COMPLEX_Q4,,
B,ablation,M3_TFIDF_PLUS_FLAGS_PLUS_IBVS_V2_STRUCTURED,deployment_threshold,TEST,,complexity_bin,complex_q4,37,14,23,0.7297,0.6329,0.6896,0.7516,0.2857,0.2857,0.4286,0.7143,9.0,9.8108,1.0,4.8182,metrics_ablation_bins_splitB.csv,bin_eval=complexity_bin:complex_q4; stage=TEST; eval_track=deployment_threshold; n_total=37; n_pos=14; n_neg=23,TEST_BIN_COMPLEXITY_BIN_COMPLEX_Q4,,
B,ablation,M3_TFIDF_PLUS_FLAGS_PLUS_IBVS_V2_STRUCTURED,ranking,TEST,,complexity_bin,complex_q4,37,14,23,0.5946,0.5626,0.6896,0.7516,0.2857,0.2857,0.4286,0.5714,9.0,9.8108,1.0,4.8182,metrics_ablation_bins_splitB.csv,bin_eval=complexity_bin:complex_q4; stage=TEST; eval_track=ranking; n_total=37; n_pos=14; n_neg=23,TEST_BIN_COMPLEXITY_BIN_COMPLEX_Q4,,
B,ablation,M3_TFIDF_PLUS_FLAGS_PLUS_IBVS_V2_TAILCAL,deployment_threshold,TEST,,complexity_bin,complex_q4,37,14,23,0.7297,0.6329,0.7108,0.7671,0.2857,0.4286,0.4286,0.7143,9.0,9.8108,1.0,4.8182,metrics_ablation_bins_splitB.csv,bin_eval=complexity_bin:complex_q4; stage=TEST; eval_track=deployment_threshold; n_total=37; n_pos=14; n_neg=23,TEST_BIN_COMPLEXITY_BIN_COMPLEX_Q4,,
B,ablation,M3_TFIDF_PLUS_FLAGS_PLUS_IBVS_V2_TAILCAL,ranking,TEST,,complexity_bin,complex_q4,37,14,23,0.6216,0.5978,0.7108,0.7671,0.2857,0.4286,0.4286,0.5,9.0,9.8108,1.0,4.8182,metrics_ablation_bins_splitB.csv,bin_eval=complexity_bin:complex_q4; stage=TEST; eval_track=ranking; n_total=37; n_pos=14; n_neg=23,TEST_BIN_COMPLEXITY_BIN_COMPLEX_Q4,,
B,ablation,M3_TFIDF_PLUS_FLAGS_PLUS_IBVS_V2_TOTAL,deployment_threshold,TEST,,complexity_bin,complex_q4,37,14,23,0.7027,0.58,0.7106,0.7578,0.3571,0.3571,0.4286,0.7857,9.0,9.8108,1.0,4.8182,metrics_ablation_bins_splitB.csv,bin_eval=complexity_bin:complex_q4; stage=TEST; eval_track=deployment_threshold; n_total=37; n_pos=14; n_neg=23,TEST_BIN_COMPLEXITY_BIN_COMPLEX_Q4,,
B,ablation,M3_TFIDF_PLUS_FLAGS_PLUS_IBVS_V2_TOTAL,ranking,TEST,,complexity_bin,complex_q4,37,14,23,0.6216,0.5978,0.7106,0.7578,0.3571,0.3571,0.4286,0.5,9.0,9.8108,1.0,4.8182,metrics_ablation_bins_splitB.csv,bin_eval=complexity_bin:complex_q4; stage=TEST; eval_track=ranking; n_total=37; n_pos=14; n_neg=23,TEST_BIN_COMPLEXITY_BIN_COMPLEX_Q4,,
B,ablation,M3_TFIDF_PLUS_FLAGS_PLUS_IBVS_V2_TRIPWIRE,deployment_threshold,TEST,,complexity_bin,complex_q4,37,14,23,0.7297,0.6329,0.7145,0.7547,0.3571,0.4286,0.4286,0.7143,9.0,9.8108,1.0,4.8182,metrics_ablation_bins_splitB.csv,bin_eval=complexity_bin:complex_q4; stage=TEST; eval_track=deployment_threshold; n_total=37; n_pos=14; n_neg=23,TEST_BIN_COMPLEXITY_BIN_COMPLEX_Q4,,
B,ablation,M3_TFIDF_PLUS_FLAGS_PLUS_IBVS_V2_TRIPWIRE,ranking,TEST,,complexity_bin,complex_q4,37,14,23,0.5946,0.5626,0.7145,0.7547,0.3571,0.4286,0.4286,0.5714,9.0,9.8108,1.0,4.8182,metrics_ablation_bins_splitB.csv,bin_eval=complexity_bin:complex_q4; stage=TEST; eval_track=ranking; n_total=37; n_pos=14; n_neg=23,TEST_BIN_COMPLEXITY_BIN_COMPLEX_Q4,,
B,hybrid,HYBRID_SEM_ANCHORED_IBVS_BOOST,deployment_threshold,TEST,,complexity_bin,complex_q4,37,14,23,0.7027,0.6678,0.6285,0.7267,0.0714,0.2857,0.2857,0.5,9.0,9.8108,1.0,4.8182,metrics_hybrid_bins_splitB.csv,bin_eval=complexity_bin:complex_q4; stage=TEST; eval_track=deployment_threshold; n_total=37; n_pos=14; n_neg=23,TEST_BIN_COMPLEXITY_BIN_COMPLEX_Q4,,
B,hybrid,HYBRID_SEM_ANCHORED_IBVS_BOOST_V2,deployment_threshold,TEST,,complexity_bin,complex_q4,37,14,23,0.7027,0.6678,0.6285,0.7267,0.0714,0.2857,0.2857,0.5,9.0,9.8108,1.0,4.8182,metrics_hybrid_bins_splitB.csv,bin_eval=complexity_bin:complex_q4; stage=TEST; eval_track=deployment_threshold; n_total=37; n_pos=14; n_neg=23,TEST_BIN_COMPLEXITY_BIN_COMPLEX_Q4,,
B,hybrid,HYBRID_SEM_ANCHORED_IBVS_VETO,deployment_threshold,TEST,,complexity_bin,complex_q4,37,14,23,0.6757,0.6636,0.6285,0.7267,0.0714,0.2857,0.2857,0.3571,9.0,9.8108,1.0,4.8182,metrics_hybrid_bins_splitB.csv,bin_eval=complexity_bin:complex_q4; stage=TEST; eval_track=deployment_threshold; n_total=37; n_pos=14; n_neg=23,TEST_BIN_COMPLEXITY_BIN_COMPLEX_Q4,,
B,hybrid,HYBRID_SEM_EXPERT_GATE_M1_M3,deployment_threshold,TEST,,complexity_bin,complex_q4,37,14,23,0.7027,0.6881,0.5542,0.7189,0.0,0.0,0.0,0.3571,9.0,9.8108,1.0,4.8182,metrics_hybrid_bins_splitB.csv,bin_eval=complexity_bin:complex_q4; stage=TEST; eval_track=deployment_threshold; n_total=37; n_pos=14; n_neg=23,TEST_BIN_COMPLEXITY_BIN_COMPLEX_Q4,,
B,hybrid,HYBRID_SEM_GATE_ELSE_M3_IBVS_V2,deployment_threshold,TEST,,complexity_bin,complex_q4,37,14,23,0.7568,0.7008,0.5822,0.6957,0.1429,0.1429,0.2143,0.5714,9.0,9.8108,1.0,4.8182,metrics_hybrid_bins_splitB.csv,bin_eval=complexity_bin:complex_q4; stage=TEST; eval_track=deployment_threshold; n_total=37; n_pos=14; n_neg=23,TEST_BIN_COMPLEXITY_BIN_COMPLEX_Q4,,
B,hybrid,HYBRID_SEM_LEARNED_META_FUSION,deployment_threshold,TEST,,complexity_bin,complex_q4,37,14,23,0.7027,0.6881,0.5688,0.7003,0.0,0.0,0.2857,0.3571,9.0,9.8108,1.0,4.8182,metrics_hybrid_bins_splitB.csv,bin_eval=complexity_bin:complex_q4; stage=TEST; eval_track=deployment_threshold; n_total=37; n_pos=14; n_neg=23,TEST_BIN_COMPLEXITY_BIN_COMPLEX_Q4,,
B,semantic,SEM_LOGREG_BGE,deployment_threshold,TEST,id,complexity_bin,complex_q4,37,14,23,0.6757,0.6636,0.6285,0.7267,0.0714,0.2857,0.2857,0.3571,9.0,9.8108,1.0,4.8182,metrics_semantic_bins_splitB.csv,bin_eval=complexity_bin:complex_q4; stage=TEST; eval_track=deployment_threshold; n_total=37; n_pos=14; n_neg=23; ood_name=id,TEST_BIN_COMPLEXITY_BIN_COMPLEX_Q4,,
B,ablation,M1_TFIDF_ONLY,deployment_threshold,TEST,,length_bin,len_q1,38,21,17,0.6842,0.6696,0.9519,0.9356,0.6667,0.6667,0.7143,0.5714,8.0,6.8947,1.0,5.0556,metrics_ablation_bins_splitB.csv,bin_eval=length_bin:len_q1; stage=TEST; eval_track=deployment_threshold; n_total=38; n_pos=21; n_neg=17,TEST_BIN_LENGTH_BIN_LEN_Q1,,
B,ablation,M1_TFIDF_ONLY,ranking,TEST,,length_bin,len_q1,38,21,17,0.8421,0.8417,0.9519,0.9356,0.6667,0.6667,0.7143,0.1905,8.0,6.8947,1.0,5.0556,metrics_ablation_bins_splitB.csv,bin_eval=length_bin:len_q1; stage=TEST; eval_track=ranking; n_total=38; n_pos=21; n_neg=17,TEST_BIN_LENGTH_BIN_LEN_Q1,,
B,ablation,M2_TFIDF_PLUS_FLAGS,deployment_threshold,TEST,,length_bin,len_q1,38,21,17,0.6579,0.6459,0.9451,0.9412,0.4286,0.4286,0.7143,0.5714,8.0,6.8947,1.0,5.0556,metrics_ablation_bins_splitB.csv,bin_eval=length_bin:len_q1; stage=TEST; eval_track=deployment_threshold; n_total=38; n_pos=21; n_neg=17,TEST_BIN_LENGTH_BIN_LEN_Q1,,
B,ablation,M2_TFIDF_PLUS_FLAGS,ranking,TEST,,length_bin,len_q1,38,21,17,0.7895,0.7895,0.9451,0.9412,0.4286,0.4286,0.7143,0.2857,8.0,6.8947,1.0,5.0556,metrics_ablation_bins_splitB.csv,bin_eval=length_bin:len_q1; stage=TEST; eval_track=ranking; n_total=38; n_pos=21; n_neg=17,TEST_BIN_LENGTH_BIN_LEN_Q1,,
B,ablation,M3_TFIDF_PLUS_FLAGS_PLUS_IBVS_V1_TOTAL,deployment_threshold,TEST,,length_bin,len_q1,38,21,17,0.5,0.4077,0.8895,0.8796,0.1905,0.1905,0.7619,0.9048,8.0,6.8947,1.0,5.0556,metrics_ablation_bins_splitB.csv,bin_eval=length_bin:len_q1; stage=TEST; eval_track=deployment_threshold; n_total=38; n_pos=21; n_neg=17,TEST_BIN_LENGTH_BIN_LEN_Q1,,
B,ablation,M3_TFIDF_PLUS_FLAGS_PLUS_IBVS_V1_TOTAL,ranking,TEST,,length_bin,len_q1,38,21,17,0.8421,0.8417,0.8895,0.8796,0.1905,0.1905,0.7619,0.1905,8.0,6.8947,1.0,5.0556,metrics_ablation_bins_splitB.csv,bin_eval=length_bin:len_q1; stage=TEST; eval_track=ranking; n_total=38; n_pos=21; n_neg=17,TEST_BIN_LENGTH_BIN_LEN_Q1,,
B,ablation,M3_TFIDF_PLUS_FLAGS_PLUS_IBVS_V2_STRUCTURED,deployment_threshold,TEST,,length_bin,len_q1,38,21,17,0.7105,0.7004,0.9452,0.9384,0.4762,0.4762,0.6667,0.5238,8.0,6.8947,1.0,5.0556,metrics_ablation_bins_splitB.csv,bin_eval=length_bin:len_q1; stage=TEST; eval_track=deployment_threshold; n_total=38; n_pos=21; n_neg=17,TEST_BIN_LENGTH_BIN_LEN_Q1,,
B,ablation,M3_TFIDF_PLUS_FLAGS_PLUS_IBVS_V2_STRUCTURED,ranking,TEST,,length_bin,len_q1,38,21,17,0.7895,0.7895,0.9452,0.9384,0.4762,0.4762,0.6667,0.2857,8.0,6.8947,1.0,5.0556,metrics_ablation_bins_splitB.csv,bin_eval=length_bin:len_q1; stage=TEST; eval_track=ranking; n_total=38; n_pos=21; n_neg=17,TEST_BIN_LENGTH_BIN_LEN_Q1,,
B,ablation,M3_TFIDF_PLUS_FLAGS_PLUS_IBVS_V2_TAILCAL,deployment_threshold,TEST,,length_bin,len_q1,38,21,17,0.6316,0.6042,0.942,0.9412,0.381,0.381,0.7143,0.6667,8.0,6.8947,1.0,5.0556,metrics_ablation_bins_splitB.csv,bin_eval=length_bin:len_q1; stage=TEST; eval_track=deployment_threshold; n_total=38; n_pos=21; n_neg=17,TEST_BIN_LENGTH_BIN_LEN_Q1,,
B,ablation,M3_TFIDF_PLUS_FLAGS_PLUS_IBVS_V2_TAILCAL,ranking,TEST,,length_bin,len_q1,38,21,17,0.7895,0.7895,0.942,0.9412,0.381,0.381,0.7143,0.2857,8.0,6.8947,1.0,5.0556,metrics_ablation_bins_splitB.csv,bin_eval=length_bin:len_q1; stage=TEST; eval_track=ranking; n_total=38; n_pos=21; n_neg=17,TEST_BIN_LENGTH_BIN_LEN_Q1,,
B,ablation,M3_TFIDF_PLUS_FLAGS_PLUS_IBVS_V2_TOTAL,deployment_threshold,TEST,,length_bin,len_q1,38,21,17,0.6316,0.6042,0.9534,0.9468,0.5238,0.5238,0.7143,0.6667,8.0,6.8947,1.0,5.0556,metrics_ablation_bins_splitB.csv,bin_eval=length_bin:len_q1; stage=TEST; eval_track=deployment_threshold; n_total=38; n_pos=21; n_neg=17,TEST_BIN_LENGTH_BIN_LEN_Q1,,
B,ablation,M3_TFIDF_PLUS_FLAGS_PLUS_IBVS_V2_TOTAL,ranking,TEST,,length_bin,len_q1,38,21,17,0.7895,0.7895,0.9534,0.9468,0.5238,0.5238,0.7143,0.2857,8.0,6.8947,1.0,5.0556,metrics_ablation_bins_splitB.csv,bin_eval=length_bin:len_q1; stage=TEST; eval_track=ranking; n_total=38; n_pos=21; n_neg=17,TEST_BIN_LENGTH_BIN_LEN_Q1,,
B,ablation,M3_TFIDF_PLUS_FLAGS_PLUS_IBVS_V2_TRIPWIRE,deployment_threshold,TEST,,length_bin,len_q1,38,21,17,0.6316,0.6042,0.9486,0.944,0.4762,0.4762,0.6667,0.6667,8.0,6.8947,1.0,5.0556,metrics_ablation_bins_splitB.csv,bin_eval=length_bin:len_q1; stage=TEST; eval_track=deployment_threshold; n_total=38; n_pos=21; n_neg=17,TEST_BIN_LENGTH_BIN_LEN_Q1,,
B,ablation,M3_TFIDF_PLUS_FLAGS_PLUS_IBVS_V2_TRIPWIRE,ranking,TEST,,length_bin,len_q1,38,21,17,0.7895,0.7895,0.9486,0.944,0.4762,0.4762,0.6667,0.2857,8.0,6.8947,1.0,5.0556,metrics_ablation_bins_splitB.csv,bin_eval=length_bin:len_q1; stage=TEST; eval_track=ranking; n_total=38; n_pos=21; n_neg=17,TEST_BIN_LENGTH_BIN_LEN_Q1,,
B,hybrid,HYBRID_SEM_ANCHORED_IBVS_BOOST,deployment_threshold,TEST,,length_bin,len_q1,38,21,17,0.9211,0.9206,0.9825,0.972,0.9048,0.9048,0.9048,0.0952,8.0,6.8947,1.0,5.0556,metrics_hybrid_bins_splitB.csv,bin_eval=length_bin:len_q1; stage=TEST; eval_track=deployment_threshold; n_total=38; n_pos=21; n_neg=17,TEST_BIN_LENGTH_BIN_LEN_Q1,,
B,hybrid,HYBRID_SEM_ANCHORED_IBVS_BOOST_V2,deployment_threshold,TEST,,length_bin,len_q1,38,21,17,0.9211,0.9206,0.9825,0.972,0.9048,0.9048,0.9048,0.0952,8.0,6.8947,1.0,5.0556,metrics_hybrid_bins_splitB.csv,bin_eval=length_bin:len_q1; stage=TEST; eval_track=deployment_threshold; n_total=38; n_pos=21; n_neg=17,TEST_BIN_LENGTH_BIN_LEN_Q1,,
B,hybrid,HYBRID_SEM_ANCHORED_IBVS_VETO,deployment_threshold,TEST,,length_bin,len_q1,38,21,17,0.9211,0.9197,0.9825,0.972,0.9048,0.9048,0.9048,0.0476,8.0,6.8947,1.0,5.0556,metrics_hybrid_bins_splitB.csv,bin_eval=length_bin:len_q1; stage=TEST; eval_track=deployment_threshold; n_total=38; n_pos=21; n_neg=17,TEST_BIN_LENGTH_BIN_LEN_Q1,,
B,hybrid,HYBRID_SEM_EXPERT_GATE_M1_M3,deployment_threshold,TEST,,length_bin,len_q1,38,21,17,0.9211,0.9197,0.9291,0.9342,0.0,0.0,0.9048,0.0476,8.0,6.8947,1.0,5.0556,metrics_hybrid_bins_splitB.csv,bin_eval=length_bin:len_q1; stage=TEST; eval_track=deployment_threshold; n_total=38; n_pos=21; n_neg=17,TEST_BIN_LENGTH_BIN_LEN_Q1,,
B,hybrid,HYBRID_SEM_GATE_ELSE_M3_IBVS_V2,deployment_threshold,TEST,,length_bin,len_q1,38,21,17,0.8947,0.8947,0.869,0.9104,0.0476,0.0476,0.5714,0.1905,8.0,6.8947,1.0,5.0556,metrics_hybrid_bins_splitB.csv,bin_eval=length_bin:len_q1; stage=TEST; eval_track=deployment_threshold; n_total=38; n_pos=21; n_neg=17,TEST_BIN_LENGTH_BIN_LEN_Q1,,
B,hybrid,HYBRID_SEM_LEARNED_META_FUSION,deployment_threshold,TEST,,length_bin,len_q1,38,21,17,0.8947,0.8936,0.9698,0.9538,0.8571,0.8571,0.8571,0.0952,8.0,6.8947,1.0,5.0556,metrics_hybrid_bins_splitB.csv,bin_eval=length_bin:len_q1; stage=TEST; eval_track=deployment_threshold; n_total=38; n_pos=21; n_neg=17,TEST_BIN_LENGTH_BIN_LEN_Q1,,
B,semantic,SEM_LOGREG_BGE,deployment_threshold,TEST,id,length_bin,len_q1,38,21,17,0.9211,0.9197,0.9825,0.972,0.9048,0.9048,0.9048,0.0476,8.0,6.8947,1.0,5.0556,metrics_semantic_bins_splitB.csv,bin_eval=length_bin:len_q1; stage=TEST; eval_track=deployment_threshold; n_total=38; n_pos=21; n_neg=17; ood_name=id,TEST_BIN_LENGTH_BIN_LEN_Q1,,
B,ablation,M1_TFIDF_ONLY,deployment_threshold,TEST,,length_bin,len_q2,37,30,7,0.5405,0.5281,0.9638,0.8619,0.5667,0.5667,0.5667,0.5667,11.0,10.7027,1.0,5.25,metrics_ablation_bins_splitB.csv,bin_eval=length_bin:len_q2; stage=TEST; eval_track=deployment_threshold; n_total=37; n_pos=30; n_neg=7,TEST_BIN_LENGTH_BIN_LEN_Q2,,
B,ablation,M1_TFIDF_ONLY,ranking,TEST,,length_bin,len_q2,37,30,7,0.8919,0.8238,0.9638,0.8619,0.5667,0.5667,0.5667,0.0667,11.0,10.7027,1.0,5.25,metrics_ablation_bins_splitB.csv,bin_eval=length_bin:len_q2; stage=TEST; eval_track=ranking; n_total=37; n_pos=30; n_neg=7,TEST_BIN_LENGTH_BIN_LEN_Q2,,
B,ablation,M2_TFIDF_PLUS_FLAGS,deployment_threshold,TEST,,length_bin,len_q2,37,30,7,0.5405,0.5281,0.9678,0.881,0.5,0.5,0.5,0.5667,11.0,10.7027,1.0,5.25,metrics_ablation_bins_splitB.csv,bin_eval=length_bin:len_q2; stage=TEST; eval_track=deployment_threshold; n_total=37; n_pos=30; n_neg=7,TEST_BIN_LENGTH_BIN_LEN_Q2,,
B,ablation,M2_TFIDF_PLUS_FLAGS,ranking,TEST,,length_bin,len_q2,37,30,7,0.8378,0.7608,0.9678,0.881,0.5,0.5,0.5,0.1333,11.0,10.7027,1.0,5.25,metrics_ablation_bins_splitB.csv,bin_eval=length_bin:len_q2; stage=TEST; eval_track=ranking; n_total=37; n_pos=30; n_neg=7,TEST_BIN_LENGTH_BIN_LEN_Q2,,
B,ablation,M3_TFIDF_PLUS_FLAGS_PLUS_IBVS_V1_TOTAL,deployment_threshold,TEST,,length_bin,len_q2,37,30,7,0.4595,0.4559,0.9708,0.8952,0.4667,0.4667,0.4667,0.6667,11.0,10.7027,1.0,5.25,metrics_ablation_bins_splitB.csv,bin_eval=length_bin:len_q2; stage=TEST; eval_track=deployment_threshold; n_total=37; n_pos=30; n_neg=7,TEST_BIN_LENGTH_BIN_LEN_Q2,,
B,ablation,M3_TFIDF_PLUS_FLAGS_PLUS_IBVS_V1_TOTAL,ranking,TEST,,length_bin,len_q2,37,30,7,0.9189,0.8746,0.9708,0.8952,0.4667,0.4667,0.4667,0.0667,11.0,10.7027,1.0,5.25,metrics_ablation_bins_splitB.csv,bin_eval=length_bin:len_q2; stage=TEST; eval_track=ranking; n_total=37; n_pos=30; n_neg=7,TEST_BIN_LENGTH_BIN_LEN_Q2,,
B,ablation,M3_TFIDF_PLUS_FLAGS_PLUS_IBVS_V2_STRUCTURED,deployment_threshold,TEST,,length_bin,len_q2,37,30,7,0.5405,0.5281,0.9704,0.8857,0.5667,0.5667,0.5667,0.5667,11.0,10.7027,1.0,5.25,metrics_ablation_bins_splitB.csv,bin_eval=length_bin:len_q2; stage=TEST; eval_track=deployment_threshold; n_total=37; n_pos=30; n_neg=7,TEST_BIN_LENGTH_BIN_LEN_Q2,,
B,ablation,M3_TFIDF_PLUS_FLAGS_PLUS_IBVS_V2_STRUCTURED,ranking,TEST,,length_bin,len_q2,37,30,7,0.8378,0.7608,0.9704,0.8857,0.5667,0.5667,0.5667,0.1333,11.0,10.7027,1.0,5.25,metrics_ablation_bins_splitB.csv,bin_eval=length_bin:len_q2; stage=TEST; eval_track=ranking; n_total=37; n_pos=30; n_neg=7,TEST_BIN_LENGTH_BIN_LEN_Q2,,
B,ablation,M3_TFIDF_PLUS_FLAGS_PLUS_IBVS_V2_TAILCAL,deployment_threshold,TEST,,length_bin,len_q2,37,30,7,0.5946,0.5747,0.9761,0.9048,0.6333,0.6333,0.6333,0.5,11.0,10.7027,1.0,5.25,metrics_ablation_bins_splitB.csv,bin_eval=length_bin:len_q2; stage=TEST; eval_track=deployment_threshold; n_total=37; n_pos=30; n_neg=7,TEST_BIN_LENGTH_BIN_LEN_Q2,,
B,ablation,M3_TFIDF_PLUS_FLAGS_PLUS_IBVS_V2_TAILCAL,ranking,TEST,,length_bin,len_q2,37,30,7,0.8378,0.7608,0.9761,0.9048,0.6333,0.6333,0.6333,0.1333,11.0,10.7027,1.0,5.25,metrics_ablation_bins_splitB.csv,bin_eval=length_bin:len_q2; stage=TEST; eval_track=ranking; n_total=37; n_pos=30; n_neg=7,TEST_BIN_LENGTH_BIN_LEN_Q2,,
B,ablation,M3_TFIDF_PLUS_FLAGS_PLUS_IBVS_V2_TOTAL,deployment_threshold,TEST,,length_bin,len_q2,37,30,7,0.4865,0.4804,0.9746,0.9,0.6,0.6,0.6,0.6333,11.0,10.7027,1.0,5.25,metrics_ablation_bins_splitB.csv,bin_eval=length_bin:len_q2; stage=TEST; eval_track=deployment_threshold; n_total=37; n_pos=30; n_neg=7,TEST_BIN_LENGTH_BIN_LEN_Q2,,
B,ablation,M3_TFIDF_PLUS_FLAGS_PLUS_IBVS_V2_TOTAL,ranking,TEST,,length_bin,len_q2,37,30,7,0.8378,0.7608,0.9746,0.9,0.6,0.6,0.6,0.1333,11.0,10.7027,1.0,5.25,metrics_ablation_bins_splitB.csv,bin_eval=length_bin:len_q2; stage=TEST; eval_track=ranking; n_total=37; n_pos=30; n_neg=7,TEST_BIN_LENGTH_BIN_LEN_Q2,,
B,ablation,M3_TFIDF_PLUS_FLAGS_PLUS_IBVS_V2_TRIPWIRE,deployment_threshold,TEST,,length_bin,len_q2,37,30,7,0.5405,0.5281,0.9767,0.9048,0.6667,0.6667,0.6667,0.5667,11.0,10.7027,1.0,5.25,metrics_ablation_bins_splitB.csv,bin_eval=length_bin:len_q2; stage=TEST; eval_track=deployment_threshold; n_total=37; n_pos=30; n_neg=7,TEST_BIN_LENGTH_BIN_LEN_Q2,,
B,ablation,M3_TFIDF_PLUS_FLAGS_PLUS_IBVS_V2_TRIPWIRE,ranking,TEST,,length_bin,len_q2,37,30,7,0.8378,0.7608,0.9767,0.9048,0.6667,0.6667,0.6667,0.1333,11.0,10.7027,1.0,5.25,metrics_ablation_bins_splitB.csv,bin_eval=length_bin:len_q2; stage=TEST; eval_track=ranking; n_total=37; n_pos=30; n_neg=7,TEST_BIN_LENGTH_BIN_LEN_Q2,,
B,hybrid,HYBRID_SEM_ANCHORED_IBVS_BOOST,deployment_threshold,TEST,,length_bin,len_q2,37,30,7,0.973,0.9582,0.9979,0.9905,0.9667,0.9667,0.9667,0.0333,11.0,10.7027,1.0,5.25,metrics_hybrid_bins_splitB.csv,bin_eval=length_bin:len_q2; stage=TEST; eval_track=deployment_threshold; n_total=37; n_pos=30; n_neg=7,TEST_BIN_LENGTH_BIN_LEN_Q2,,
B,hybrid,HYBRID_SEM_ANCHORED_IBVS_BOOST_V2,deployment_threshold,TEST,,length_bin,len_q2,37,30,7,0.973,0.9582,0.9979,0.9905,0.9667,0.9667,0.9667,0.0333,11.0,10.7027,1.0,5.25,metrics_hybrid_bins_splitB.csv,bin_eval=length_bin:len_q2; stage=TEST; eval_track=deployment_threshold; n_total=37; n_pos=30; n_neg=7,TEST_BIN_LENGTH_BIN_LEN_Q2,,
B,hybrid,HYBRID_SEM_ANCHORED_IBVS_VETO,deployment_threshold,TEST,,length_bin,len_q2,37,30,7,0.9189,0.86,0.9979,0.9905,0.9667,0.9667,0.9667,0.0333,11.0,10.7027,1.0,5.25,metrics_hybrid_bins_splitB.csv,bin_eval=length_bin:len_q2; stage=TEST; eval_track=deployment_threshold; n_total=37; n_pos=30; n_neg=7,TEST_BIN_LENGTH_BIN_LEN_Q2,,
B,hybrid,HYBRID_SEM_EXPERT_GATE_M1_M3,deployment_threshold,TEST,,length_bin,len_q2,37,30,7,0.9459,0.9119,0.9979,0.9929,0.9667,0.9667,0.9667,0.0333,11.0,10.7027,1.0,5.25,metrics_hybrid_bins_splitB.csv,bin_eval=length_bin:len_q2; stage=TEST; eval_track=deployment_threshold; n_total=37; n_pos=30; n_neg=7,TEST_BIN_LENGTH_BIN_LEN_Q2,,
B,hybrid,HYBRID_SEM_GATE_ELSE_M3_IBVS_V2,deployment_threshold,TEST,,length_bin,len_q2,37,30,7,0.8649,0.823,0.8826,0.7286,0.1,0.1,0.1,0.1667,11.0,10.7027,1.0,5.25,metrics_hybrid_bins_splitB.csv,bin_eval=length_bin:len_q2; stage=TEST; eval_track=deployment_threshold; n_total=37; n_pos=30; n_neg=7,TEST_BIN_LENGTH_BIN_LEN_Q2,,
B,hybrid,HYBRID_SEM_LEARNED_META_FUSION,deployment_threshold,TEST,,length_bin,len_q2,37,30,7,0.9459,0.9119,0.9979,0.9905,0.9667,0.9667,0.9667,0.0333,11.0,10.7027,1.0,5.25,metrics_hybrid_bins_splitB.csv,bin_eval=length_bin:len_q2; stage=TEST; eval_track=deployment_threshold; n_total=37; n_pos=30; n_neg=7,TEST_BIN_LENGTH_BIN_LEN_Q2,,
B,semantic,SEM_LOGREG_BGE,deployment_threshold,TEST,id,length_bin,len_q2,37,30,7,0.9189,0.86,0.9979,0.9905,0.9667,0.9667,0.9667,0.0333,11.0,10.7027,1.0,5.25,metrics_semantic_bins_splitB.csv,bin_eval=length_bin:len_q2; stage=TEST; eval_track=deployment_threshold; n_total=37; n_pos=30; n_neg=7; ood_name=id,TEST_BIN_LENGTH_BIN_LEN_Q2,,
B,ablation,M1_TFIDF_ONLY,deployment_threshold,TEST,,length_bin,len_q3,37,27,10,0.6757,0.6696,0.9592,0.8815,0.6296,0.6296,0.7778,0.4444,13.0,13.2432,0.9333,4.9286,metrics_ablation_bins_splitB.csv,bin_eval=length_bin:len_q3; stage=TEST; eval_track=deployment_threshold; n_total=37; n_pos=27; n_neg=10,TEST_BIN_LENGTH_BIN_LEN_Q3,,
B,ablation,M1_TFIDF_ONLY,ranking,TEST,,length_bin,len_q3,37,27,10,0.8108,0.7327,0.9592,0.8815,0.6296,0.6296,0.7778,0.0741,13.0,13.2432,0.9333,4.9286,metrics_ablation_bins_splitB.csv,bin_eval=length_bin:len_q3; stage=TEST; eval_track=ranking; n_total=37; n_pos=27; n_neg=10,TEST_BIN_LENGTH_BIN_LEN_Q3,,
B,ablation,M2_TFIDF_PLUS_FLAGS,deployment_threshold,TEST,,length_bin,len_q3,37,27,10,0.6486,0.6445,0.9645,0.8926,0.7037,0.7037,0.8519,0.4815,13.0,13.2432,0.9333,4.9286,metrics_ablation_bins_splitB.csv,bin_eval=length_bin:len_q3; stage=TEST; eval_track=deployment_threshold; n_total=37; n_pos=27; n_neg=10,TEST_BIN_LENGTH_BIN_LEN_Q3,,
B,ablation,M2_TFIDF_PLUS_FLAGS,ranking,TEST,,length_bin,len_q3,37,27,10,0.8108,0.7522,0.9645,0.8926,0.7037,0.7037,0.8519,0.1111,13.0,13.2432,0.9333,4.9286,metrics_ablation_bins_splitB.csv,bin_eval=length_bin:len_q3; stage=TEST; eval_track=ranking; n_total=37; n_pos=27; n_neg=10,TEST_BIN_LENGTH_BIN_LEN_Q3,,
B,ablation,M3_TFIDF_PLUS_FLAGS_PLUS_IBVS_V1_TOTAL,deployment_threshold,TEST,,length_bin,len_q3,37,27,10,0.4865,0.485,0.9417,0.8556,0.3704,0.3704,0.8148,0.7037,13.0,13.2432,0.9333,4.9286,metrics_ablation_bins_splitB.csv,bin_eval=length_bin:len_q3; stage=TEST; eval_track=deployment_threshold; n_total=37; n_pos=27; n_neg=10,TEST_BIN_LENGTH_BIN_LEN_Q3,,
B,ablation,M3_TFIDF_PLUS_FLAGS_PLUS_IBVS_V1_TOTAL,ranking,TEST,,length_bin,len_q3,37,27,10,0.8108,0.7522,0.9417,0.8556,0.3704,0.3704,0.8148,0.1111,13.0,13.2432,0.9333,4.9286,metrics_ablation_bins_splitB.csv,bin_eval=length_bin:len_q3; stage=TEST; eval_track=ranking; n_total=37; n_pos=27; n_neg=10,TEST_BIN_LENGTH_BIN_LEN_Q3,,
B,ablation,M3_TFIDF_PLUS_FLAGS_PLUS_IBVS_V2_STRUCTURED,deployment_threshold,TEST,,length_bin,len_q3,37,27,10,0.6486,0.6445,0.9723,0.9111,0.8519,0.8519,0.8519,0.4815,13.0,13.2432,0.9333,4.9286,metrics_ablation_bins_splitB.csv,bin_eval=length_bin:len_q3; stage=TEST; eval_track=deployment_threshold; n_total=37; n_pos=27; n_neg=10,TEST_BIN_LENGTH_BIN_LEN_Q3,,
B,ablation,M3_TFIDF_PLUS_FLAGS_PLUS_IBVS_V2_STRUCTURED,ranking,TEST,,length_bin,len_q3,37,27,10,0.8108,0.7522,0.9723,0.9111,0.8519,0.8519,0.8519,0.1111,13.0,13.2432,0.9333,4.9286,metrics_ablation_bins_splitB.csv,bin_eval=length_bin:len_q3; stage=TEST; eval_track=ranking; n_total=37; n_pos=27; n_neg=10,TEST_BIN_LENGTH_BIN_LEN_Q3,,
B,ablation,M3_TFIDF_PLUS_FLAGS_PLUS_IBVS_V2_TAILCAL,deployment_threshold,TEST,,length_bin,len_q3,37,27,10,0.6757,0.6696,0.9663,0.8926,0.7407,0.7407,0.8519,0.4444,13.0,13.2432,0.9333,4.9286,metrics_ablation_bins_splitB.csv,bin_eval=length_bin:len_q3; stage=TEST; eval_track=deployment_threshold; n_total=37; n_pos=27; n_neg=10,TEST_BIN_LENGTH_BIN_LEN_Q3,,
B,ablation,M3_TFIDF_PLUS_FLAGS_PLUS_IBVS_V2_TAILCAL,ranking,TEST,,length_bin,len_q3,37,27,10,0.8108,0.7522,0.9663,0.8926,0.7407,0.7407,0.8519,0.1111,13.0,13.2432,0.9333,4.9286,metrics_ablation_bins_splitB.csv,bin_eval=length_bin:len_q3; stage=TEST; eval_track=ranking; n_total=37; n_pos=27; n_neg=10,TEST_BIN_LENGTH_BIN_LEN_Q3,,
B,ablation,M3_TFIDF_PLUS_FLAGS_PLUS_IBVS_V2_TOTAL,deployment_threshold,TEST,,length_bin,len_q3,37,27,10,0.6486,0.6445,0.9654,0.8926,0.7407,0.7407,0.8519,0.4815,13.0,13.2432,0.9333,4.9286,metrics_ablation_bins_splitB.csv,bin_eval=length_bin:len_q3; stage=TEST; eval_track=deployment_threshold; n_total=37; n_pos=27; n_neg=10,TEST_BIN_LENGTH_BIN_LEN_Q3,,
B,ablation,M3_TFIDF_PLUS_FLAGS_PLUS_IBVS_V2_TOTAL,ranking,TEST,,length_bin,len_q3,37,27,10,0.8108,0.7522,0.9654,0.8926,0.7407,0.7407,0.8519,0.1111,13.0,13.2432,0.9333,4.9286,metrics_ablation_bins_splitB.csv,bin_eval=length_bin:len_q3; stage=TEST; eval_track=ranking; n_total=37; n_pos=27; n_neg=10,TEST_BIN_LENGTH_BIN_LEN_Q3,,
B,ablation,M3_TFIDF_PLUS_FLAGS_PLUS_IBVS_V2_TRIPWIRE,deployment_threshold,TEST,,length_bin,len_q3,37,27,10,0.6216,0.6191,0.9696,0.9037,0.8148,0.8148,0.8519,0.5185,13.0,13.2432,0.9333,4.9286,metrics_ablation_bins_splitB.csv,bin_eval=length_bin:len_q3; stage=TEST; eval_track=deployment_threshold; n_total=37; n_pos=27; n_neg=10,TEST_BIN_LENGTH_BIN_LEN_Q3,,
B,ablation,M3_TFIDF_PLUS_FLAGS_PLUS_IBVS_V2_TRIPWIRE,ranking,TEST,,length_bin,len_q3,37,27,10,0.8108,0.7522,0.9696,0.9037,0.8148,0.8148,0.8519,0.1111,13.0,13.2432,0.9333,4.9286,metrics_ablation_bins_splitB.csv,bin_eval=length_bin:len_q3; stage=TEST; eval_track=ranking; n_total=37; n_pos=27; n_neg=10,TEST_BIN_LENGTH_BIN_LEN_Q3,,
B,hybrid,HYBRID_SEM_ANCHORED_IBVS_BOOST,deployment_threshold,TEST,,length_bin,len_q3,37,27,10,0.7297,0.6766,0.9297,0.8037,0.5185,0.5185,0.6667,0.2222,13.0,13.2432,0.9333,4.9286,metrics_hybrid_bins_splitB.csv,bin_eval=length_bin:len_q3; stage=TEST; eval_track=deployment_threshold; n_total=37; n_pos=27; n_neg=10,TEST_BIN_LENGTH_BIN_LEN_Q3,,
B,hybrid,HYBRID_SEM_ANCHORED_IBVS_BOOST_V2,deployment_threshold,TEST,,length_bin,len_q3,37,27,10,0.7297,0.6766,0.9297,0.8037,0.5185,0.5185,0.6667,0.2222,13.0,13.2432,0.9333,4.9286,metrics_hybrid_bins_splitB.csv,bin_eval=length_bin:len_q3; stage=TEST; eval_track=deployment_threshold; n_total=37; n_pos=27; n_neg=10,TEST_BIN_LENGTH_BIN_LEN_Q3,,
B,hybrid,HYBRID_SEM_ANCHORED_IBVS_VETO,deployment_threshold,TEST,,length_bin,len_q3,37,27,10,0.7568,0.7008,0.9297,0.8037,0.5185,0.5185,0.6667,0.1852,13.0,13.2432,0.9333,4.9286,metrics_hybrid_bins_splitB.csv,bin_eval=length_bin:len_q3; stage=TEST; eval_track=deployment_threshold; n_total=37; n_pos=27; n_neg=10,TEST_BIN_LENGTH_BIN_LEN_Q3,,
B,hybrid,HYBRID_SEM_EXPERT_GATE_M1_M3,deployment_threshold,TEST,,length_bin,len_q3,37,27,10,0.7568,0.7008,0.816,0.687,0.0,0.0,0.0,0.1852,13.0,13.2432,0.9333,4.9286,metrics_hybrid_bins_splitB.csv,bin_eval=length_bin:len_q3; stage=TEST; eval_track=deployment_threshold; n_total=37; n_pos=27; n_neg=10,TEST_BIN_LENGTH_BIN_LEN_Q3,,
B,hybrid,HYBRID_SEM_GATE_ELSE_M3_IBVS_V2,deployment_threshold,TEST,,length_bin,len_q3,37,27,10,0.7838,0.7628,0.9232,0.837,0.2222,0.2222,0.7407,0.2593,13.0,13.2432,0.9333,4.9286,metrics_hybrid_bins_splitB.csv,bin_eval=length_bin:len_q3; stage=TEST; eval_track=deployment_threshold; n_total=37; n_pos=27; n_neg=10,TEST_BIN_LENGTH_BIN_LEN_Q3,,
B,hybrid,HYBRID_SEM_LEARNED_META_FUSION,deployment_threshold,TEST,,length_bin,len_q3,37,27,10,0.7838,0.7413,0.8757,0.7704,0.0,0.0,0.0,0.1852,13.0,13.2432,0.9333,4.9286,metrics_hybrid_bins_splitB.csv,bin_eval=length_bin:len_q3; stage=TEST; eval_track=deployment_threshold; n_total=37; n_pos=27; n_neg=10,TEST_BIN_LENGTH_BIN_LEN_Q3,,
B,semantic,SEM_LOGREG_BGE,deployment_threshold,TEST,id,length_bin,len_q3,37,27,10,0.7568,0.7008,0.9297,0.8037,0.5185,0.5185,0.6667,0.1852,13.0,13.2432,0.9333,4.9286,metrics_semantic_bins_splitB.csv,bin_eval=length_bin:len_q3; stage=TEST; eval_track=deployment_threshold; n_total=37; n_pos=27; n_neg=10; ood_name=id,TEST_BIN_LENGTH_BIN_LEN_Q3,,
B,ablation,M1_TFIDF_ONLY,deployment_threshold,TEST,,length_bin,len_q4,37,31,6,0.6216,0.5849,0.9816,0.914,0.6452,0.6452,0.6452,0.4516,19.0,35.3784,0.9333,4.75,metrics_ablation_bins_splitB.csv,bin_eval=length_bin:len_q4; stage=TEST; eval_track=deployment_threshold; n_total=37; n_pos=31; n_neg=6,TEST_BIN_LENGTH_BIN_LEN_Q4,,
B,ablation,M1_TFIDF_ONLY,ranking,TEST,,length_bin,len_q4,37,31,6,0.8649,0.7667,0.9816,0.914,0.6452,0.6452,0.6452,0.0968,19.0,35.3784,0.9333,4.75,metrics_ablation_bins_splitB.csv,bin_eval=length_bin:len_q4; stage=TEST; eval_track=ranking; n_total=37; n_pos=31; n_neg=6,TEST_BIN_LENGTH_BIN_LEN_Q4,,
B,ablation,M2_TFIDF_PLUS_FLAGS,deployment_threshold,TEST,,length_bin,len_q4,37,31,6,0.5135,0.4955,0.9929,0.9624,0.871,0.871,0.871,0.5806,19.0,35.3784,0.9333,4.75,metrics_ablation_bins_splitB.csv,bin_eval=length_bin:len_q4; stage=TEST; eval_track=deployment_threshold; n_total=37; n_pos=31; n_neg=6,TEST_BIN_LENGTH_BIN_LEN_Q4,,
B,ablation,M2_TFIDF_PLUS_FLAGS,ranking,TEST,,length_bin,len_q4,37,31,6,0.9189,0.86,0.9929,0.9624,0.871,0.871,0.871,0.0645,19.0,35.3784,0.9333,4.75,metrics_ablation_bins_splitB.csv,bin_eval=length_bin:len_q4; stage=TEST; eval_track=ranking; n_total=37; n_pos=31; n_neg=6,TEST_BIN_LENGTH_BIN_LEN_Q4,,
B,ablation,M3_TFIDF_PLUS_FLAGS_PLUS_IBVS_V1_TOTAL,deployment_threshold,TEST,,length_bin,len_q4,37,31,6,0.3784,0.3766,0.9919,0.957,0.871,0.871,0.871,0.7419,19.0,35.3784,0.9333,4.75,metrics_ablation_bins_splitB.csv,bin_eval=length_bin:len_q4; stage=TEST; eval_track=deployment_threshold; n_total=37; n_pos=31; n_neg=6,TEST_BIN_LENGTH_BIN_LEN_Q4,,
B,ablation,M3_TFIDF_PLUS_FLAGS_PLUS_IBVS_V1_TOTAL,ranking,TEST,,length_bin,len_q4,37,31,6,0.8919,0.8011,0.9919,0.957,0.871,0.871,0.871,0.0645,19.0,35.3784,0.9333,4.75,metrics_ablation_bins_splitB.csv,bin_eval=length_bin:len_q4; stage=TEST; eval_track=ranking; n_total=37; n_pos=31; n_neg=6,TEST_BIN_LENGTH_BIN_LEN_Q4,,
B,ablation,M3_TFIDF_PLUS_FLAGS_PLUS_IBVS_V2_STRUCTURED,deployment_threshold,TEST,,length_bin,len_q4,37,31,6,0.5946,0.5626,0.9938,0.9677,0.871,0.871,0.871,0.4839,19.0,35.3784,0.9333,4.75,metrics_ablation_bins_splitB.csv,bin_eval=length_bin:len_q4; stage=TEST; eval_track=deployment_threshold; n_total=37; n_pos=31; n_neg=6,TEST_BIN_LENGTH_BIN_LEN_Q4,,
B,ablation,M3_TFIDF_PLUS_FLAGS_PLUS_IBVS_V2_STRUCTURED,ranking,TEST,,length_bin,len_q4,37,31,6,0.8919,0.8238,0.9938,0.9677,0.871,0.871,0.871,0.0968,19.0,35.3784,0.9333,4.75,metrics_ablation_bins_splitB.csv,bin_eval=length_bin:len_q4; stage=TEST; eval_track=ranking; n_total=37; n_pos=31; n_neg=6,TEST_BIN_LENGTH_BIN_LEN_Q4,,
B,ablation,M3_TFIDF_PLUS_FLAGS_PLUS_IBVS_V2_TAILCAL,deployment_threshold,TEST,,length_bin,len_q4,37,31,6,0.5946,0.5626,0.9948,0.9731,0.871,0.871,0.871,0.4839,19.0,35.3784,0.9333,4.75,metrics_ablation_bins_splitB.csv,bin_eval=length_bin:len_q4; stage=TEST; eval_track=deployment_threshold; n_total=37; n_pos=31; n_neg=6,TEST_BIN_LENGTH_BIN_LEN_Q4,,
B,ablation,M3_TFIDF_PLUS_FLAGS_PLUS_IBVS_V2_TAILCAL,ranking,TEST,,length_bin,len_q4,37,31,6,0.9189,0.86,0.9948,0.9731,0.871,0.871,0.871,0.0645,19.0,35.3784,0.9333,4.75,metrics_ablation_bins_splitB.csv,bin_eval=length_bin:len_q4; stage=TEST; eval_track=ranking; n_total=37; n_pos=31; n_neg=6,TEST_BIN_LENGTH_BIN_LEN_Q4,,
B,ablation,M3_TFIDF_PLUS_FLAGS_PLUS_IBVS_V2_TOTAL,deployment_threshold,TEST,,length_bin,len_q4,37,31,6,0.5676,0.5404,0.9938,0.9677,0.871,0.871,0.871,0.5161,19.0,35.3784,0.9333,4.75,metrics_ablation_bins_splitB.csv,bin_eval=length_bin:len_q4; stage=TEST; eval_track=deployment_threshold; n_total=37; n_pos=31; n_neg=6,TEST_BIN_LENGTH_BIN_LEN_Q4,,
B,ablation,M3_TFIDF_PLUS_FLAGS_PLUS_IBVS_V2_TOTAL,ranking,TEST,,length_bin,len_q4,37,31,6,0.9189,0.86,0.9938,0.9677,0.871,0.871,0.871,0.0645,19.0,35.3784,0.9333,4.75,metrics_ablation_bins_splitB.csv,bin_eval=length_bin:len_q4; stage=TEST; eval_track=ranking; n_total=37; n_pos=31; n_neg=6,TEST_BIN_LENGTH_BIN_LEN_Q4,,
B,ablation,M3_TFIDF_PLUS_FLAGS_PLUS_IBVS_V2_TRIPWIRE,deployment_threshold,TEST,,length_bin,len_q4,37,31,6,0.5946,0.5626,0.9927,0.9624,0.8387,0.8387,0.8387,0.4839,19.0,35.3784,0.9333,4.75,metrics_ablation_bins_splitB.csv,bin_eval=length_bin:len_q4; stage=TEST; eval_track=deployment_threshold; n_total=37; n_pos=31; n_neg=6,TEST_BIN_LENGTH_BIN_LEN_Q4,,
B,ablation,M3_TFIDF_PLUS_FLAGS_PLUS_IBVS_V2_TRIPWIRE,ranking,TEST,,length_bin,len_q4,37,31,6,0.8919,0.8238,0.9927,0.9624,0.8387,0.8387,0.8387,0.0968,19.0,35.3784,0.9333,4.75,metrics_ablation_bins_splitB.csv,bin_eval=length_bin:len_q4; stage=TEST; eval_track=ranking; n_total=37; n_pos=31; n_neg=6,TEST_BIN_LENGTH_BIN_LEN_Q4,,
B,hybrid,HYBRID_SEM_ANCHORED_IBVS_BOOST,deployment_threshold,TEST,,length_bin,len_q4,37,31,6,0.8108,0.7327,0.9448,0.8226,0.1935,0.1935,0.1935,0.1935,19.0,35.3784,0.9333,4.75,metrics_hybrid_bins_splitB.csv,bin_eval=length_bin:len_q4; stage=TEST; eval_track=deployment_threshold; n_total=37; n_pos=31; n_neg=6,TEST_BIN_LENGTH_BIN_LEN_Q4,,
B,hybrid,HYBRID_SEM_ANCHORED_IBVS_BOOST_V2,deployment_threshold,TEST,,length_bin,len_q4,37,31,6,0.8108,0.7327,0.9448,0.8226,0.1935,0.1935,0.1935,0.1935,19.0,35.3784,0.9333,4.75,metrics_hybrid_bins_splitB.csv,bin_eval=length_bin:len_q4; stage=TEST; eval_track=deployment_threshold; n_total=37; n_pos=31; n_neg=6,TEST_BIN_LENGTH_BIN_LEN_Q4,,
B,hybrid,HYBRID_SEM_ANCHORED_IBVS_VETO,deployment_threshold,TEST,,length_bin,len_q4,37,31,6,0.8108,0.7327,0.9448,0.8226,0.1935,0.1935,0.1935,0.1935,19.0,35.3784,0.9333,4.75,metrics_hybrid_bins_splitB.csv,bin_eval=length_bin:len_q4; stage=TEST; eval_track=deployment_threshold; n_total=37; n_pos=31; n_neg=6,TEST_BIN_LENGTH_BIN_LEN_Q4,,
B,hybrid,HYBRID_SEM_EXPERT_GATE_M1_M3,deployment_threshold,TEST,,length_bin,len_q4,37,31,6,0.8108,0.7327,0.949,0.8575,0.0,0.0,0.0,0.1935,19.0,35.3784,0.9333,4.75,metrics_hybrid_bins_splitB.csv,bin_eval=length_bin:len_q4; stage=TEST; eval_track=deployment_threshold; n_total=37; n_pos=31; n_neg=6,TEST_BIN_LENGTH_BIN_LEN_Q4,,
B,hybrid,HYBRID_SEM_GATE_ELSE_M3_IBVS_V2,deployment_threshold,TEST,,length_bin,len_q4,37,31,6,0.7568,0.6813,0.9826,0.9247,0.5806,0.5806,0.5806,0.2581,19.0,35.3784,0.9333,4.75,metrics_hybrid_bins_splitB.csv,bin_eval=length_bin:len_q4; stage=TEST; eval_track=deployment_threshold; n_total=37; n_pos=31; n_neg=6,TEST_BIN_LENGTH_BIN_LEN_Q4,,
B,hybrid,HYBRID_SEM_LEARNED_META_FUSION,deployment_threshold,TEST,,length_bin,len_q4,37,31,6,0.8649,0.791,0.9548,0.871,0.0,0.0,0.0,0.129,19.0,35.3784,0.9333,4.75,metrics_hybrid_bins_splitB.csv,bin_eval=length_bin:len_q4; stage=TEST; eval_track=deployment_threshold; n_total=37; n_pos=31; n_neg=6,TEST_BIN_LENGTH_BIN_LEN_Q4,,
B,semantic,SEM_LOGREG_BGE,deployment_threshold,TEST,id,length_bin,len_q4,37,31,6,0.8108,0.7327,0.9448,0.8226,0.1935,0.1935,0.1935,0.1935,19.0,35.3784,0.9333,4.75,metrics_semantic_bins_splitB.csv,bin_eval=length_bin:len_q4; stage=TEST; eval_track=deployment_threshold; n_total=37; n_pos=31; n_neg=6; ood_name=id,TEST_BIN_LENGTH_BIN_LEN_Q4,,
C,ablation,M1_TFIDF_ONLY,deployment_threshold,OOD,,complexity_bin,complex_q1,192,79,113,0.625,0.5068,0.628,0.654,0.1013,0.1266,0.4177,0.8354,11.5,13.8854,0.8824,4.7042,metrics_ablation_bins_splitC.csv,bin_eval=complexity_bin:complex_q1; stage=OOD; eval_track=deployment_threshold; n_total=192; n_pos=79; n_neg=113,OOD_BIN_COMPLEXITY_BIN_COMPLEX_Q1,,
C,ablation,M1_TFIDF_ONLY,deployment_threshold,OOD,ood_test_injection,complexity_bin,complex_q1,170,86,84,0.8353,0.8313,1.0,1.0,1.0,1.0,1.0,0.3256,118.0,169.2,0.4788,5.0368,metrics_ablation_bins_splitC__ood-ood_test_injection.csv,bin_eval=complexity_bin:complex_q1; stage=OOD; eval_track=deployment_threshold; n_total=170; n_pos=86; n_neg=84; ood_name=ood_test_injection,OOD_BIN_COMPLEXITY_BIN_COMPLEX_Q1,,
C,ablation,M1_TFIDF_ONLY,deployment_threshold,OOD,ood_test_injection_standard,complexity_bin,complex_q1,997,722,275,0.6289,0.5406,0.7918,0.5908,0.0679,0.1094,0.1593,0.2632,214.0,263.4042,0.5877,4.9834,metrics_ablation_bins_splitC__ood-ood_test_injection_standard.csv,bin_eval=complexity_bin:complex_q1; stage=OOD; eval_track=deployment_threshold; n_total=997; n_pos=722; n_neg=275; ood_name=ood_test_injection_standard,OOD_BIN_COMPLEXITY_BIN_COMPLEX_Q1,,
C,ablation,M1_TFIDF_ONLY,ranking,OOD,,complexity_bin,complex_q1,192,79,113,0.625,0.6217,0.628,0.654,0.1013,0.1266,0.4177,0.3544,11.5,13.8854,0.8824,4.7042,metrics_ablation_bins_splitC.csv,bin_eval=complexity_bin:complex_q1; stage=OOD; eval_track=ranking; n_total=192; n_pos=79; n_neg=113,OOD_BIN_COMPLEXITY_BIN_COMPLEX_Q1,,
C,ablation,M1_TFIDF_ONLY,ranking,OOD,ood_test_injection,complexity_bin,complex_q1,170,86,84,1.0,1.0,1.0,1.0,1.0,1.0,1.0,0.0,118.0,169.2,0.4788,5.0368,metrics_ablation_bins_splitC__ood-ood_test_injection.csv,bin_eval=complexity_bin:complex_q1; stage=OOD; eval_track=ranking; n_total=170; n_pos=86; n_neg=84; ood_name=ood_test_injection,OOD_BIN_COMPLEXITY_BIN_COMPLEX_Q1,,
C,ablation,M1_TFIDF_ONLY,ranking,OOD,ood_test_injection_standard,complexity_bin,complex_q1,997,722,275,0.7332,0.4723,0.7918,0.5908,0.0679,0.1094,0.1593,0.0083,214.0,263.4042,0.5877,4.9834,metrics_ablation_bins_splitC__ood-ood_test_injection_standard.csv,bin_eval=complexity_bin:complex_q1; stage=OOD; eval_track=ranking; n_total=997; n_pos=722; n_neg=275; ood_name=ood_test_injection_standard,OOD_BIN_COMPLEXITY_BIN_COMPLEX_Q1,,
C,ablation,M2_TFIDF_PLUS_FLAGS,deployment_threshold,OOD,,complexity_bin,complex_q1,192,79,113,0.6719,0.6128,0.659,0.6871,0.2025,0.2025,0.3797,0.6582,11.5,13.8854,0.8824,4.7042,metrics_ablation_bins_splitC.csv,bin_eval=complexity_bin:complex_q1; stage=OOD; eval_track=deployment_threshold; n_total=192; n_pos=79; n_neg=113,OOD_BIN_COMPLEXITY_BIN_COMPLEX_Q1,,
C,ablation,M2_TFIDF_PLUS_FLAGS,deployment_threshold,OOD,ood_test_injection,complexity_bin,complex_q1,170,86,84,0.8176,0.8122,0.9999,0.9999,0.9884,1.0,1.0,0.3605,118.0,169.2,0.4788,5.0368,metrics_ablation_bins_splitC__ood-ood_test_injection.csv,bin_eval=complexity_bin:complex_q1; stage=OOD; eval_track=deployment_threshold; n_total=170; n_pos=86; n_neg=84; ood_name=ood_test_injection,OOD_BIN_COMPLEXITY_BIN_COMPLEX_Q1,,
C,ablation,M2_TFIDF_PLUS_FLAGS,deployment_threshold,OOD,ood_test_injection_standard,complexity_bin,complex_q1,997,722,275,0.5908,0.5146,0.7405,0.5241,0.018,0.0512,0.0983,0.3186,214.0,263.4042,0.5877,4.9834,metrics_ablation_bins_splitC__ood-ood_test_injection_standard.csv,bin_eval=complexity_bin:complex_q1; stage=OOD; eval_track=deployment_threshold; n_total=997; n_pos=722; n_neg=275; ood_name=ood_test_injection_standard,OOD_BIN_COMPLEXITY_BIN_COMPLEX_Q1,,
C,ablation,M2_TFIDF_PLUS_FLAGS,ranking,OOD,,complexity_bin,complex_q1,192,79,113,0.5,0.4818,0.659,0.6871,0.2025,0.2025,0.3797,0.1646,11.5,13.8854,0.8824,4.7042,metrics_ablation_bins_splitC.csv,bin_eval=complexity_bin:complex_q1; stage=OOD; eval_track=ranking; n_total=192; n_pos=79; n_neg=113,OOD_BIN_COMPLEXITY_BIN_COMPLEX_Q1,,
C,ablation,M2_TFIDF_PLUS_FLAGS,ranking,OOD,ood_test_injection,complexity_bin,complex_q1,170,86,84,0.9647,0.9646,0.9999,0.9999,0.9884,1.0,1.0,0.0,118.0,169.2,0.4788,5.0368,metrics_ablation_bins_splitC__ood-ood_test_injection.csv,bin_eval=complexity_bin:complex_q1; stage=OOD; eval_track=ranking; n_total=170; n_pos=86; n_neg=84; ood_name=ood_test_injection,OOD_BIN_COMPLEXITY_BIN_COMPLEX_Q1,,
C,ablation,M2_TFIDF_PLUS_FLAGS,ranking,OOD,ood_test_injection_standard,complexity_bin,complex_q1,997,722,275,0.7242,0.42,0.7405,0.5241,0.018,0.0512,0.0983,0.0,214.0,263.4042,0.5877,4.9834,metrics_ablation_bins_splitC__ood-ood_test_injection_standard.csv,bin_eval=complexity_bin:complex_q1; stage=OOD; eval_track=ranking; n_total=997; n_pos=722; n_neg=275; ood_name=ood_test_injection_standard,OOD_BIN_COMPLEXITY_BIN_COMPLEX_Q1,,
C,ablation,M3_TFIDF_PLUS_FLAGS_PLUS_IBVS_V1_TOTAL,deployment_threshold,OOD,,complexity_bin,complex_q1,192,79,113,0.6823,0.6561,0.676,0.6946,0.1646,0.2532,0.3544,0.5063,11.5,13.8854,0.8824,4.7042,metrics_ablation_bins_splitC.csv,bin_eval=complexity_bin:complex_q1; stage=OOD; eval_track=deployment_threshold; n_total=192; n_pos=79; n_neg=113,OOD_BIN_COMPLEXITY_BIN_COMPLEX_Q1,,
C,ablation,M3_TFIDF_PLUS_FLAGS_PLUS_IBVS_V1_TOTAL,deployment_threshold,OOD,ood_test_injection,complexity_bin,complex_q1,170,86,84,0.9529,0.9529,0.9995,0.9994,0.9535,1.0,1.0,0.093,118.0,169.2,0.4788,5.0368,metrics_ablation_bins_splitC__ood-ood_test_injection.csv,bin_eval=complexity_bin:complex_q1; stage=OOD; eval_track=deployment_threshold; n_total=170; n_pos=86; n_neg=84; ood_name=ood_test_injection,OOD_BIN_COMPLEXITY_BIN_COMPLEX_Q1,,
C,ablation,M3_TFIDF_PLUS_FLAGS_PLUS_IBVS_V1_TOTAL,deployment_threshold,OOD,ood_test_injection_standard,complexity_bin,complex_q1,997,722,275,0.665,0.4998,0.7341,0.5078,0.0028,0.0651,0.1039,0.144,214.0,263.4042,0.5877,4.9834,metrics_ablation_bins_splitC__ood-ood_test_injection_standard.csv,bin_eval=complexity_bin:complex_q1; stage=OOD; eval_track=deployment_threshold; n_total=997; n_pos=722; n_neg=275; ood_name=ood_test_injection_standard,OOD_BIN_COMPLEXITY_BIN_COMPLEX_Q1,,
C,ablation,M3_TFIDF_PLUS_FLAGS_PLUS_IBVS_V1_TOTAL,ranking,OOD,,complexity_bin,complex_q1,192,79,113,0.6302,0.6301,0.676,0.6946,0.1646,0.2532,0.3544,0.2152,11.5,13.8854,0.8824,4.7042,metrics_ablation_bins_splitC.csv,bin_eval=complexity_bin:complex_q1; stage=OOD; eval_track=ranking; n_total=192; n_pos=79; n_neg=113,OOD_BIN_COMPLEXITY_BIN_COMPLEX_Q1,,
C,ablation,M3_TFIDF_PLUS_FLAGS_PLUS_IBVS_V1_TOTAL,ranking,OOD,ood_test_injection,complexity_bin,complex_q1,170,86,84,0.9882,0.9882,0.9995,0.9994,0.9535,1.0,1.0,0.0,118.0,169.2,0.4788,5.0368,metrics_ablation_bins_splitC__ood-ood_test_injection.csv,bin_eval=complexity_bin:complex_q1; stage=OOD; eval_track=ranking; n_total=170; n_pos=86; n_neg=84; ood_name=ood_test_injection,OOD_BIN_COMPLEXITY_BIN_COMPLEX_Q1,,
C,ablation,M3_TFIDF_PLUS_FLAGS_PLUS_IBVS_V1_TOTAL,ranking,OOD,ood_test_injection_standard,complexity_bin,complex_q1,997,722,275,0.7252,0.4274,0.7341,0.5078,0.0028,0.0651,0.1039,0.0014,214.0,263.4042,0.5877,4.9834,metrics_ablation_bins_splitC__ood-ood_test_injection_standard.csv,bin_eval=complexity_bin:complex_q1; stage=OOD; eval_track=ranking; n_total=997; n_pos=722; n_neg=275; ood_name=ood_test_injection_standard,OOD_BIN_COMPLEXITY_BIN_COMPLEX_Q1,,
C,ablation,M3_TFIDF_PLUS_FLAGS_PLUS_IBVS_V2_STRUCTURED,deployment_threshold,OOD,,complexity_bin,complex_q1,192,79,113,0.6667,0.622,0.6441,0.6813,0.1266,0.2278,0.2658,0.6076,11.5,13.8854,0.8824,4.7042,metrics_ablation_bins_splitC.csv,bin_eval=complexity_bin:complex_q1; stage=OOD; eval_track=deployment_threshold; n_total=192; n_pos=79; n_neg=113,OOD_BIN_COMPLEXITY_BIN_COMPLEX_Q1,,
C,ablation,M3_TFIDF_PLUS_FLAGS_PLUS_IBVS_V2_STRUCTURED,deployment_threshold,OOD,ood_test_injection,complexity_bin,complex_q1,170,86,84,0.8588,0.8564,0.9999,0.9999,0.9884,1.0,1.0,0.2791,118.0,169.2,0.4788,5.0368,metrics_ablation_bins_splitC__ood-ood_test_injection.csv,bin_eval=complexity_bin:complex_q1; stage=OOD; eval_track=deployment_threshold; n_total=170; n_pos=86; n_neg=84; ood_name=ood_test_injection,OOD_BIN_COMPLEXITY_BIN_COMPLEX_Q1,,
C,ablation,M3_TFIDF_PLUS_FLAGS_PLUS_IBVS_V2_STRUCTURED,deployment_threshold,OOD,ood_test_injection_standard,complexity_bin,complex_q1,997,722,275,0.6419,0.5396,0.7642,0.558,0.0249,0.0873,0.151,0.2313,214.0,263.4042,0.5877,4.9834,metrics_ablation_bins_splitC__ood-ood_test_injection_standard.csv,bin_eval=complexity_bin:complex_q1; stage=OOD; eval_track=deployment_threshold; n_total=997; n_pos=722; n_neg=275; ood_name=ood_test_injection_standard,OOD_BIN_COMPLEXITY_BIN_COMPLEX_Q1,,
C,ablation,M3_TFIDF_PLUS_FLAGS_PLUS_IBVS_V2_STRUCTURED,ranking,OOD,,complexity_bin,complex_q1,192,79,113,0.5,0.4857,0.6441,0.6813,0.1266,0.2278,0.2658,0.1899,11.5,13.8854,0.8824,4.7042,metrics_ablation_bins_splitC.csv,bin_eval=complexity_bin:complex_q1; stage=OOD; eval_track=ranking; n_total=192; n_pos=79; n_neg=113,OOD_BIN_COMPLEXITY_BIN_COMPLEX_Q1,,
C,ablation,M3_TFIDF_PLUS_FLAGS_PLUS_IBVS_V2_STRUCTURED,ranking,OOD,ood_test_injection,complexity_bin,complex_q1,170,86,84,0.9588,0.9587,0.9999,0.9999,0.9884,1.0,1.0,0.0,118.0,169.2,0.4788,5.0368,metrics_ablation_bins_splitC__ood-ood_test_injection.csv,bin_eval=complexity_bin:complex_q1; stage=OOD; eval_track=ranking; n_total=170; n_pos=86; n_neg=84; ood_name=ood_test_injection,OOD_BIN_COMPLEXITY_BIN_COMPLEX_Q1,,
C,ablation,M3_TFIDF_PLUS_FLAGS_PLUS_IBVS_V2_STRUCTURED,ranking,OOD,ood_test_injection_standard,complexity_bin,complex_q1,997,722,275,0.7242,0.42,0.7642,0.558,0.0249,0.0873,0.151,0.0,214.0,263.4042,0.5877,4.9834,metrics_ablation_bins_splitC__ood-ood_test_injection_standard.csv,bin_eval=complexity_bin:complex_q1; stage=OOD; eval_track=ranking; n_total=997; n_pos=722; n_neg=275; ood_name=ood_test_injection_standard,OOD_BIN_COMPLEXITY_BIN_COMPLEX_Q1,,
C,ablation,M3_TFIDF_PLUS_FLAGS_PLUS_IBVS_V2_TAILCAL,deployment_threshold,OOD,,complexity_bin,complex_q1,192,79,113,0.6458,0.562,0.6484,0.6843,0.1266,0.1899,0.3291,0.7468,11.5,13.8854,0.8824,4.7042,metrics_ablation_bins_splitC.csv,bin_eval=complexity_bin:complex_q1; stage=OOD; eval_track=deployment_threshold; n_total=192; n_pos=79; n_neg=113,OOD_BIN_COMPLEXITY_BIN_COMPLEX_Q1,,
C,ablation,M3_TFIDF_PLUS_FLAGS_PLUS_IBVS_V2_TAILCAL,deployment_threshold,OOD,ood_test_injection,complexity_bin,complex_q1,170,86,84,0.6471,0.6006,0.9999,0.9999,0.9884,1.0,1.0,0.6977,118.0,169.2,0.4788,5.0368,metrics_ablation_bins_splitC__ood-ood_test_injection.csv,bin_eval=complexity_bin:complex_q1; stage=OOD; eval_track=deployment_threshold; n_total=170; n_pos=86; n_neg=84; ood_name=ood_test_injection,OOD_BIN_COMPLEXITY_BIN_COMPLEX_Q1,,
C,ablation,M3_TFIDF_PLUS_FLAGS_PLUS_IBVS_V2_TAILCAL,deployment_threshold,OOD,ood_test_injection_standard,complexity_bin,complex_q1,997,722,275,0.4985,0.4861,0.7461,0.5358,0.0111,0.0485,0.115,0.5485,214.0,263.4042,0.5877,4.9834,metrics_ablation_bins_splitC__ood-ood_test_injection_standard.csv,bin_eval=complexity_bin:complex_q1; stage=OOD; eval_track=deployment_threshold; n_total=997; n_pos=722; n_neg=275; ood_name=ood_test_injection_standard,OOD_BIN_COMPLEXITY_BIN_COMPLEX_Q1,,
C,ablation,M3_TFIDF_PLUS_FLAGS_PLUS_IBVS_V2_TAILCAL,ranking,OOD,,complexity_bin,complex_q1,192,79,113,0.5208,0.5088,0.6484,0.6843,0.1266,0.1899,0.3291,0.1772,11.5,13.8854,0.8824,4.7042,metrics_ablation_bins_splitC.csv,bin_eval=complexity_bin:complex_q1; stage=OOD; eval_track=ranking; n_total=192; n_pos=79; n_neg=113,OOD_BIN_COMPLEXITY_BIN_COMPLEX_Q1,,
C,ablation,M3_TFIDF_PLUS_FLAGS_PLUS_IBVS_V2_TAILCAL,ranking,OOD,ood_test_injection,complexity_bin,complex_q1,170,86,84,0.9647,0.9646,0.9999,0.9999,0.9884,1.0,1.0,0.0,118.0,169.2,0.4788,5.0368,metrics_ablation_bins_splitC__ood-ood_test_injection.csv,bin_eval=complexity_bin:complex_q1; stage=OOD; eval_track=ranking; n_total=170; n_pos=86; n_neg=84; ood_name=ood_test_injection,OOD_BIN_COMPLEXITY_BIN_COMPLEX_Q1,,
C,ablation,M3_TFIDF_PLUS_FLAGS_PLUS_IBVS_V2_TAILCAL,ranking,OOD,ood_test_injection_standard,complexity_bin,complex_q1,997,722,275,0.7242,0.42,0.7461,0.5358,0.0111,0.0485,0.115,0.0,214.0,263.4042,0.5877,4.9834,metrics_ablation_bins_splitC__ood-ood_test_injection_standard.csv,bin_eval=complexity_bin:complex_q1; stage=OOD; eval_track=ranking; n_total=997; n_pos=722; n_neg=275; ood_name=ood_test_injection_standard,OOD_BIN_COMPLEXITY_BIN_COMPLEX_Q1,,
C,ablation,M3_TFIDF_PLUS_FLAGS_PLUS_IBVS_V2_TOTAL,deployment_threshold,OOD,,complexity_bin,complex_q1,192,79,113,0.6615,0.5882,0.6603,0.6904,0.1519,0.2405,0.3418,0.7089,11.5,13.8854,0.8824,4.7042,metrics_ablation_bins_splitC.csv,bin_eval=complexity_bin:complex_q1; stage=OOD; eval_track=deployment_threshold; n_total=192; n_pos=79; n_neg=113,OOD_BIN_COMPLEXITY_BIN_COMPLEX_Q1,,
C,ablation,M3_TFIDF_PLUS_FLAGS_PLUS_IBVS_V2_TOTAL,deployment_threshold,OOD,ood_test_injection,complexity_bin,complex_q1,170,86,84,0.7882,0.7794,0.9999,0.9999,0.9884,1.0,1.0,0.4186,118.0,169.2,0.4788,5.0368,metrics_ablation_bins_splitC__ood-ood_test_injection.csv,bin_eval=complexity_bin:complex_q1; stage=OOD; eval_track=deployment_threshold; n_total=170; n_pos=86; n_neg=84; ood_name=ood_test_injection,OOD_BIN_COMPLEXITY_BIN_COMPLEX_Q1,,
C,ablation,M3_TFIDF_PLUS_FLAGS_PLUS_IBVS_V2_TOTAL,deployment_threshold,OOD,ood_test_injection_standard,complexity_bin,complex_q1,997,722,275,0.5717,0.5099,0.7504,0.5312,0.0083,0.0886,0.1454,0.3601,214.0,263.4042,0.5877,4.9834,metrics_ablation_bins_splitC__ood-ood_test_injection_standard.csv,bin_eval=complexity_bin:complex_q1; stage=OOD; eval_track=deployment_threshold; n_total=997; n_pos=722; n_neg=275; ood_name=ood_test_injection_standard,OOD_BIN_COMPLEXITY_BIN_COMPLEX_Q1,,
C,ablation,M3_TFIDF_PLUS_FLAGS_PLUS_IBVS_V2_TOTAL,ranking,OOD,,complexity_bin,complex_q1,192,79,113,0.5312,0.5225,0.6603,0.6904,0.1519,0.2405,0.3418,0.1899,11.5,13.8854,0.8824,4.7042,metrics_ablation_bins_splitC.csv,bin_eval=complexity_bin:complex_q1; stage=OOD; eval_track=ranking; n_total=192; n_pos=79; n_neg=113,OOD_BIN_COMPLEXITY_BIN_COMPLEX_Q1,,
C,ablation,M3_TFIDF_PLUS_FLAGS_PLUS_IBVS_V2_TOTAL,ranking,OOD,ood_test_injection,complexity_bin,complex_q1,170,86,84,0.9882,0.9882,0.9999,0.9999,0.9884,1.0,1.0,0.0,118.0,169.2,0.4788,5.0368,metrics_ablation_bins_splitC__ood-ood_test_injection.csv,bin_eval=complexity_bin:complex_q1; stage=OOD; eval_track=ranking; n_total=170; n_pos=86; n_neg=84; ood_name=ood_test_injection,OOD_BIN_COMPLEXITY_BIN_COMPLEX_Q1,,
C,ablation,M3_TFIDF_PLUS_FLAGS_PLUS_IBVS_V2_TOTAL,ranking,OOD,ood_test_injection_standard,complexity_bin,complex_q1,997,722,275,0.7242,0.42,0.7504,0.5312,0.0083,0.0886,0.1454,0.0,214.0,263.4042,0.5877,4.9834,metrics_ablation_bins_splitC__ood-ood_test_injection_standard.csv,bin_eval=complexity_bin:complex_q1; stage=OOD; eval_track=ranking; n_total=997; n_pos=722; n_neg=275; ood_name=ood_test_injection_standard,OOD_BIN_COMPLEXITY_BIN_COMPLEX_Q1,,
C,ablation,M3_TFIDF_PLUS_FLAGS_PLUS_IBVS_V2_TRIPWIRE,deployment_threshold,OOD,,complexity_bin,complex_q1,192,79,113,0.6667,0.583,0.6564,0.693,0.1266,0.2405,0.3291,0.7342,11.5,13.8854,0.8824,4.7042,metrics_ablation_bins_splitC.csv,bin_eval=complexity_bin:complex_q1; stage=OOD; eval_track=deployment_threshold; n_total=192; n_pos=79; n_neg=113,OOD_BIN_COMPLEXITY_BIN_COMPLEX_Q1,,
C,ablation,M3_TFIDF_PLUS_FLAGS_PLUS_IBVS_V2_TRIPWIRE,deployment_threshold,OOD,ood_test_injection,complexity_bin,complex_q1,170,86,84,0.7529,0.7385,0.9999,0.9999,0.9884,1.0,1.0,0.4884,118.0,169.2,0.4788,5.0368,metrics_ablation_bins_splitC__ood-ood_test_injection.csv,bin_eval=complexity_bin:complex_q1; stage=OOD; eval_track=deployment_threshold; n_total=170; n_pos=86; n_neg=84; ood_name=ood_test_injection,OOD_BIN_COMPLEXITY_BIN_COMPLEX_Q1,,
C,ablation,M3_TFIDF_PLUS_FLAGS_PLUS_IBVS_V2_TRIPWIRE,deployment_threshold,OOD,ood_test_injection_standard,complexity_bin,complex_q1,997,722,275,0.5266,0.4929,0.7441,0.522,0.018,0.0693,0.1247,0.4584,214.0,263.4042,0.5877,4.9834,metrics_ablation_bins_splitC__ood-ood_test_injection_standard.csv,bin_eval=complexity_bin:complex_q1; stage=OOD; eval_track=deployment_threshold; n_total=997; n_pos=722; n_neg=275; ood_name=ood_test_injection_standard,OOD_BIN_COMPLEXITY_BIN_COMPLEX_Q1,,
C,ablation,M3_TFIDF_PLUS_FLAGS_PLUS_IBVS_V2_TRIPWIRE,ranking,OOD,,complexity_bin,complex_q1,192,79,113,0.5208,0.5104,0.6564,0.693,0.1266,0.2405,0.3291,0.1899,11.5,13.8854,0.8824,4.7042,metrics_ablation_bins_splitC.csv,bin_eval=complexity_bin:complex_q1; stage=OOD; eval_track=ranking; n_total=192; n_pos=79; n_neg=113,OOD_BIN_COMPLEXITY_BIN_COMPLEX_Q1,,
C,ablation,M3_TFIDF_PLUS_FLAGS_PLUS_IBVS_V2_TRIPWIRE,ranking,OOD,ood_test_injection,complexity_bin,complex_q1,170,86,84,0.9647,0.9646,0.9999,0.9999,0.9884,1.0,1.0,0.0,118.0,169.2,0.4788,5.0368,metrics_ablation_bins_splitC__ood-ood_test_injection.csv,bin_eval=complexity_bin:complex_q1; stage=OOD; eval_track=ranking; n_total=170; n_pos=86; n_neg=84; ood_name=ood_test_injection,OOD_BIN_COMPLEXITY_BIN_COMPLEX_Q1,,
C,ablation,M3_TFIDF_PLUS_FLAGS_PLUS_IBVS_V2_TRIPWIRE,ranking,OOD,ood_test_injection_standard,complexity_bin,complex_q1,997,722,275,0.7242,0.42,0.7441,0.522,0.018,0.0693,0.1247,0.0,214.0,263.4042,0.5877,4.9834,metrics_ablation_bins_splitC__ood-ood_test_injection_standard.csv,bin_eval=complexity_bin:complex_q1; stage=OOD; eval_track=ranking; n_total=997; n_pos=722; n_neg=275; ood_name=ood_test_injection_standard,OOD_BIN_COMPLEXITY_BIN_COMPLEX_Q1,,
C,hybrid,HYBRID_SEM_ANCHORED_IBVS_BOOST,deployment_threshold,OOD,,complexity_bin,complex_q1,192,79,113,0.7708,0.7542,0.7912,0.8459,0.1139,0.4684,0.6456,0.3797,11.5,13.8854,0.8824,4.7042,metrics_hybrid_bins_splitC.csv,bin_eval=complexity_bin:complex_q1; stage=OOD; eval_track=deployment_threshold; n_total=192; n_pos=79; n_neg=113,OOD_BIN_COMPLEXITY_BIN_COMPLEX_Q1,,
C,hybrid,HYBRID_SEM_ANCHORED_IBVS_BOOST,deployment_threshold,OOD,ood_test_injection,complexity_bin,complex_q1,170,86,84,0.7824,0.7727,0.8505,0.7796,0.2907,0.6163,0.6628,0.4302,118.0,169.2,0.4788,5.0368,metrics_hybrid_bins_splitC__ood-ood_test_injection.csv,bin_eval=complexity_bin:complex_q1; stage=OOD; eval_track=deployment_threshold; n_total=170; n_pos=86; n_neg=84; ood_name=ood_test_injection,OOD_BIN_COMPLEXITY_BIN_COMPLEX_Q1,,
C,hybrid,HYBRID_SEM_ANCHORED_IBVS_BOOST,deployment_threshold,OOD,ood_test_injection_standard,complexity_bin,complex_q1,997,722,275,0.7472,0.6918,0.8647,0.7555,0.0443,0.1177,0.3172,0.1911,214.0,263.4042,0.5877,4.9834,metrics_hybrid_bins_splitC__ood-ood_test_injection_standard.csv,bin_eval=complexity_bin:complex_q1; stage=OOD; eval_track=deployment_threshold; n_total=997; n_pos=722; n_neg=275; ood_name=ood_test_injection_standard,OOD_BIN_COMPLEXITY_BIN_COMPLEX_Q1,,
C,hybrid,HYBRID_SEM_ANCHORED_IBVS_BOOST_V2,deployment_threshold,OOD,,complexity_bin,complex_q1,192,79,113,0.7708,0.7542,0.7912,0.8459,0.1139,0.4684,0.6456,0.3797,11.5,13.8854,0.8824,4.7042,metrics_hybrid_bins_splitC.csv,bin_eval=complexity_bin:complex_q1; stage=OOD; eval_track=deployment_threshold; n_total=192; n_pos=79; n_neg=113,OOD_BIN_COMPLEXITY_BIN_COMPLEX_Q1,,
C,hybrid,HYBRID_SEM_ANCHORED_IBVS_BOOST_V2,deployment_threshold,OOD,ood_test_injection,complexity_bin,complex_q1,170,86,84,0.7824,0.7727,0.8505,0.7796,0.2907,0.6163,0.6628,0.4302,118.0,169.2,0.4788,5.0368,metrics_hybrid_bins_splitC__ood-ood_test_injection.csv,bin_eval=complexity_bin:complex_q1; stage=OOD; eval_track=deployment_threshold; n_total=170; n_pos=86; n_neg=84; ood_name=ood_test_injection,OOD_BIN_COMPLEXITY_BIN_COMPLEX_Q1,,
C,hybrid,HYBRID_SEM_ANCHORED_IBVS_BOOST_V2,deployment_threshold,OOD,ood_test_injection_standard,complexity_bin,complex_q1,997,722,275,0.7472,0.6918,0.8647,0.7555,0.0443,0.1177,0.3172,0.1911,214.0,263.4042,0.5877,4.9834,metrics_hybrid_bins_splitC__ood-ood_test_injection_standard.csv,bin_eval=complexity_bin:complex_q1; stage=OOD; eval_track=deployment_threshold; n_total=997; n_pos=722; n_neg=275; ood_name=ood_test_injection_standard,OOD_BIN_COMPLEXITY_BIN_COMPLEX_Q1,,
C,hybrid,HYBRID_SEM_ANCHORED_IBVS_VETO,deployment_threshold,OOD,,complexity_bin,complex_q1,192,79,113,0.7083,0.7082,0.7912,0.8459,0.1139,0.4684,0.6456,0.1646,11.5,13.8854,0.8824,4.7042,metrics_hybrid_bins_splitC.csv,bin_eval=complexity_bin:complex_q1; stage=OOD; eval_track=deployment_threshold; n_total=192; n_pos=79; n_neg=113,OOD_BIN_COMPLEXITY_BIN_COMPLEX_Q1,,
C,hybrid,HYBRID_SEM_ANCHORED_IBVS_VETO,deployment_threshold,OOD,ood_test_injection,complexity_bin,complex_q1,170,86,84,0.7765,0.7754,0.8505,0.7796,0.2907,0.6163,0.6628,0.3023,118.0,169.2,0.4788,5.0368,metrics_hybrid_bins_splitC__ood-ood_test_injection.csv,bin_eval=complexity_bin:complex_q1; stage=OOD; eval_track=deployment_threshold; n_total=170; n_pos=86; n_neg=84; ood_name=ood_test_injection,OOD_BIN_COMPLEXITY_BIN_COMPLEX_Q1,,
C,hybrid,HYBRID_SEM_ANCHORED_IBVS_VETO,deployment_threshold,OOD,ood_test_injection_standard,complexity_bin,complex_q1,997,722,275,0.7793,0.7056,0.8647,0.7555,0.0443,0.1177,0.3172,0.1163,214.0,263.4042,0.5877,4.9834,metrics_hybrid_bins_splitC__ood-ood_test_injection_standard.csv,bin_eval=complexity_bin:complex_q1; stage=OOD; eval_track=deployment_threshold; n_total=997; n_pos=722; n_neg=275; ood_name=ood_test_injection_standard,OOD_BIN_COMPLEXITY_BIN_COMPLEX_Q1,,
C,hybrid,HYBRID_SEM_EXPERT_GATE_M1_M3,deployment_threshold,OOD,,complexity_bin,complex_q1,192,79,113,0.7396,0.719,0.6836,0.7376,0.2025,0.2025,0.3671,0.4304,11.5,13.8854,0.8824,4.7042,metrics_hybrid_bins_splitC.csv,bin_eval=complexity_bin:complex_q1; stage=OOD; eval_track=deployment_threshold; n_total=192; n_pos=79; n_neg=113,OOD_BIN_COMPLEXITY_BIN_COMPLEX_Q1,,
C,hybrid,HYBRID_SEM_EXPERT_GATE_M1_M3,deployment_threshold,OOD,ood_test_injection,complexity_bin,complex_q1,170,86,84,0.8118,0.8057,0.8955,0.8632,0.7442,0.7558,0.7558,0.3721,118.0,169.2,0.4788,5.0368,metrics_hybrid_bins_splitC__ood-ood_test_injection.csv,bin_eval=complexity_bin:complex_q1; stage=OOD; eval_track=deployment_threshold; n_total=170; n_pos=86; n_neg=84; ood_name=ood_test_injection,OOD_BIN_COMPLEXITY_BIN_COMPLEX_Q1,,
C,hybrid,HYBRID_SEM_EXPERT_GATE_M1_M3,deployment_threshold,OOD,ood_test_injection_standard,complexity_bin,complex_q1,997,722,275,0.7422,0.6619,0.8113,0.6671,0.0,0.0,0.1981,0.151,214.0,263.4042,0.5877,4.9834,metrics_hybrid_bins_splitC__ood-ood_test_injection_standard.csv,bin_eval=complexity_bin:complex_q1; stage=OOD; eval_track=deployment_threshold; n_total=997; n_pos=722; n_neg=275; ood_name=ood_test_injection_standard,OOD_BIN_COMPLEXITY_BIN_COMPLEX_Q1,,
C,hybrid,HYBRID_SEM_GATE_ELSE_M3_IBVS_V2,deployment_threshold,OOD,,complexity_bin,complex_q1,192,79,113,0.7031,0.6698,0.6217,0.6899,0.0759,0.1392,0.2532,0.5316,11.5,13.8854,0.8824,4.7042,metrics_hybrid_bins_splitC.csv,bin_eval=complexity_bin:complex_q1; stage=OOD; eval_track=deployment_threshold; n_total=192; n_pos=79; n_neg=113,OOD_BIN_COMPLEXITY_BIN_COMPLEX_Q1,,
C,hybrid,HYBRID_SEM_GATE_ELSE_M3_IBVS_V2,deployment_threshold,OOD,ood_test_injection,complexity_bin,complex_q1,170,86,84,0.8,0.7927,0.9531,0.9402,0.8023,0.8023,0.8023,0.3953,118.0,169.2,0.4788,5.0368,metrics_hybrid_bins_splitC__ood-ood_test_injection.csv,bin_eval=complexity_bin:complex_q1; stage=OOD; eval_track=deployment_threshold; n_total=170; n_pos=86; n_neg=84; ood_name=ood_test_injection,OOD_BIN_COMPLEXITY_BIN_COMPLEX_Q1,,
C,hybrid,HYBRID_SEM_GATE_ELSE_M3_IBVS_V2,deployment_threshold,OOD,ood_test_injection_standard,complexity_bin,complex_q1,997,722,275,0.7131,0.6402,0.7702,0.6095,0.0139,0.0512,0.1219,0.1967,214.0,263.4042,0.5877,4.9834,metrics_hybrid_bins_splitC__ood-ood_test_injection_standard.csv,bin_eval=complexity_bin:complex_q1; stage=OOD; eval_track=deployment_threshold; n_total=997; n_pos=722; n_neg=275; ood_name=ood_test_injection_standard,OOD_BIN_COMPLEXITY_BIN_COMPLEX_Q1,,
C,hybrid,HYBRID_SEM_LEARNED_META_FUSION,deployment_threshold,OOD,,complexity_bin,complex_q1,192,79,113,0.7656,0.7566,0.7044,0.7956,0.0,0.3038,0.443,0.3038,11.5,13.8854,0.8824,4.7042,metrics_hybrid_bins_splitC.csv,bin_eval=complexity_bin:complex_q1; stage=OOD; eval_track=deployment_threshold; n_total=192; n_pos=79; n_neg=113,OOD_BIN_COMPLEXITY_BIN_COMPLEX_Q1,,
C,hybrid,HYBRID_SEM_LEARNED_META_FUSION,deployment_threshold,OOD,ood_test_injection,complexity_bin,complex_q1,170,86,84,0.8353,0.8313,0.8539,0.8243,0.6744,0.6744,0.6744,0.3256,118.0,169.2,0.4788,5.0368,metrics_hybrid_bins_splitC__ood-ood_test_injection.csv,bin_eval=complexity_bin:complex_q1; stage=OOD; eval_track=deployment_threshold; n_total=170; n_pos=86; n_neg=84; ood_name=ood_test_injection,OOD_BIN_COMPLEXITY_BIN_COMPLEX_Q1,,
C,hybrid,HYBRID_SEM_LEARNED_META_FUSION,deployment_threshold,OOD,ood_test_injection_standard,complexity_bin,complex_q1,997,722,275,0.7753,0.701,0.8481,0.7433,0.0,0.0,0.3172,0.1205,214.0,263.4042,0.5877,4.9834,metrics_hybrid_bins_splitC__ood-ood_test_injection_standard.csv,bin_eval=complexity_bin:complex_q1; stage=OOD; eval_track=deployment_threshold; n_total=997; n_pos=722; n_neg=275; ood_name=ood_test_injection_standard,OOD_BIN_COMPLEXITY_BIN_COMPLEX_Q1,,
C,semantic,SEM_LOGREG_BGE,deployment_threshold,OOD,ood_test,complexity_bin,complex_q1,192,79,113,0.7083,0.7082,0.7912,0.8459,0.1139,0.4684,0.6456,0.1646,11.5,13.8854,0.8824,4.7042,metrics_semantic_bins_splitC.csv,bin_eval=complexity_bin:complex_q1; stage=OOD; eval_track=deployment_threshold; n_total=192; n_pos=79; n_neg=113; ood_name=ood_test,OOD_BIN_COMPLEXITY_BIN_COMPLEX_Q1,,
C,semantic,SEM_LOGREG_BGE,deployment_threshold,OOD,ood_test_injection,complexity_bin,complex_q1,170,86,84,0.7706,0.7692,0.8505,0.7796,0.2907,0.6163,0.6628,0.314,118.0,169.2,0.4788,5.0368,metrics_semantic_bins_splitC__ood-ood_test_injection.csv,bin_eval=complexity_bin:complex_q1; stage=OOD; eval_track=deployment_threshold; n_total=170; n_pos=86; n_neg=84; ood_name=ood_test_injection,OOD_BIN_COMPLEXITY_BIN_COMPLEX_Q1,,
C,semantic,SEM_LOGREG_BGE,deployment_threshold,OOD,ood_test_injection_standard,complexity_bin,complex_q1,997,722,275,0.7793,0.7056,0.8647,0.7555,0.0443,0.1177,0.3172,0.1163,214.0,263.4042,0.5877,4.9834,metrics_semantic_bins_splitC__ood-ood_test_injection_standard.csv,bin_eval=complexity_bin:complex_q1; stage=OOD; eval_track=deployment_threshold; n_total=997; n_pos=722; n_neg=275; ood_name=ood_test_injection_standard,OOD_BIN_COMPLEXITY_BIN_COMPLEX_Q1,,
C,ablation,M1_TFIDF_ONLY,deployment_threshold,OOD,,complexity_bin,complex_q2,192,93,99,0.6042,0.5159,0.7867,0.7681,0.2258,0.3441,0.4731,0.8172,14.0,14.2865,0.9474,5.0,metrics_ablation_bins_splitC.csv,bin_eval=complexity_bin:complex_q2; stage=OOD; eval_track=deployment_threshold; n_total=192; n_pos=93; n_neg=99,OOD_BIN_COMPLEXITY_BIN_COMPLEX_Q2,,
C,ablation,M1_TFIDF_ONLY,deployment_threshold,OOD,ood_test_injection_standard,complexity_bin,complex_q2,996,567,429,0.5693,0.567,0.6447,0.6011,0.0317,0.0776,0.1429,0.4356,126.0,127.8896,0.7008,5.1217,metrics_ablation_bins_splitC__ood-ood_test_injection_standard.csv,bin_eval=complexity_bin:complex_q2; stage=OOD; eval_track=deployment_threshold; n_total=996; n_pos=567; n_neg=429; ood_name=ood_test_injection_standard,OOD_BIN_COMPLEXITY_BIN_COMPLEX_Q2,,
C,ablation,M1_TFIDF_ONLY,ranking,OOD,,complexity_bin,complex_q2,192,93,99,0.7396,0.7396,0.7867,0.7681,0.2258,0.3441,0.4731,0.2258,14.0,14.2865,0.9474,5.0,metrics_ablation_bins_splitC.csv,bin_eval=complexity_bin:complex_q2; stage=OOD; eval_track=ranking; n_total=192; n_pos=93; n_neg=99,OOD_BIN_COMPLEXITY_BIN_COMPLEX_Q2,,
C,ablation,M1_TFIDF_ONLY,ranking,OOD,ood_test_injection_standard,complexity_bin,complex_q2,996,567,429,0.5924,0.438,0.6447,0.6011,0.0317,0.0776,0.1429,0.0194,126.0,127.8896,0.7008,5.1217,metrics_ablation_bins_splitC__ood-ood_test_injection_standard.csv,bin_eval=complexity_bin:complex_q2; stage=OOD; eval_track=ranking; n_total=996; n_pos=567; n_neg=429; ood_name=ood_test_injection_standard,OOD_BIN_COMPLEXITY_BIN_COMPLEX_Q2,,
C,ablation,M2_TFIDF_PLUS_FLAGS,deployment_threshold,OOD,,complexity_bin,complex_q2,192,93,99,0.6823,0.6516,0.8263,0.8284,0.1505,0.3548,0.5376,0.6022,14.0,14.2865,0.9474,5.0,metrics_ablation_bins_splitC.csv,bin_eval=complexity_bin:complex_q2; stage=OOD; eval_track=deployment_threshold; n_total=192; n_pos=93; n_neg=99,OOD_BIN_COMPLEXITY_BIN_COMPLEX_Q2,,
C,ablation,M2_TFIDF_PLUS_FLAGS,deployment_threshold,OOD,ood_test_injection_standard,complexity_bin,complex_q2,996,567,429,0.5331,0.5275,0.5759,0.5347,0.0,0.0423,0.0864,0.4356,126.0,127.8896,0.7008,5.1217,metrics_ablation_bins_splitC__ood-ood_test_injection_standard.csv,bin_eval=complexity_bin:complex_q2; stage=OOD; eval_track=deployment_threshold; n_total=996; n_pos=567; n_neg=429; ood_name=ood_test_injection_standard,OOD_BIN_COMPLEXITY_BIN_COMPLEX_Q2,,
C,ablation,M2_TFIDF_PLUS_FLAGS,ranking,OOD,,complexity_bin,complex_q2,192,93,99,0.6458,0.6129,0.8263,0.8284,0.1505,0.3548,0.5376,0.0323,14.0,14.2865,0.9474,5.0,metrics_ablation_bins_splitC.csv,bin_eval=complexity_bin:complex_q2; stage=OOD; eval_track=ranking; n_total=192; n_pos=93; n_neg=99,OOD_BIN_COMPLEXITY_BIN_COMPLEX_Q2,,
C,ablation,M2_TFIDF_PLUS_FLAGS,ranking,OOD,ood_test_injection_standard,complexity_bin,complex_q2,996,567,429,0.5733,0.3729,0.5759,0.5347,0.0,0.0423,0.0864,0.0,126.0,127.8896,0.7008,5.1217,metrics_ablation_bins_splitC__ood-ood_test_injection_standard.csv,bin_eval=complexity_bin:complex_q2; stage=OOD; eval_track=ranking; n_total=996; n_pos=567; n_neg=429; ood_name=ood_test_injection_standard,OOD_BIN_COMPLEXITY_BIN_COMPLEX_Q2,,
C,ablation,M3_TFIDF_PLUS_FLAGS_PLUS_IBVS_V1_TOTAL,deployment_threshold,OOD,,complexity_bin,complex_q2,192,93,99,0.7031,0.6917,0.7995,0.8007,0.0323,0.4194,0.4731,0.4731,14.0,14.2865,0.9474,5.0,metrics_ablation_bins_splitC.csv,bin_eval=complexity_bin:complex_q2; stage=OOD; eval_track=deployment_threshold; n_total=192; n_pos=93; n_neg=99,OOD_BIN_COMPLEXITY_BIN_COMPLEX_Q2,,
C,ablation,M3_TFIDF_PLUS_FLAGS_PLUS_IBVS_V1_TOTAL,deployment_threshold,OOD,ood_test_injection_standard,complexity_bin,complex_q2,996,567,429,0.5783,0.5256,0.5652,0.5233,0.0,0.0212,0.0794,0.1993,126.0,127.8896,0.7008,5.1217,metrics_ablation_bins_splitC__ood-ood_test_injection_standard.csv,bin_eval=complexity_bin:complex_q2; stage=OOD; eval_track=deployment_threshold; n_total=996; n_pos=567; n_neg=429; ood_name=ood_test_injection_standard,OOD_BIN_COMPLEXITY_BIN_COMPLEX_Q2,,
C,ablation,M3_TFIDF_PLUS_FLAGS_PLUS_IBVS_V1_TOTAL,ranking,OOD,,complexity_bin,complex_q2,192,93,99,0.651,0.6429,0.7995,0.8007,0.0323,0.4194,0.4731,0.172,14.0,14.2865,0.9474,5.0,metrics_ablation_bins_splitC.csv,bin_eval=complexity_bin:complex_q2; stage=OOD; eval_track=ranking; n_total=192; n_pos=93; n_neg=99,OOD_BIN_COMPLEXITY_BIN_COMPLEX_Q2,,
C,ablation,M3_TFIDF_PLUS_FLAGS_PLUS_IBVS_V1_TOTAL,ranking,OOD,ood_test_injection_standard,complexity_bin,complex_q2,996,567,429,0.5733,0.3851,0.5652,0.5233,0.0,0.0212,0.0794,0.0106,126.0,127.8896,0.7008,5.1217,metrics_ablation_bins_splitC__ood-ood_test_injection_standard.csv,bin_eval=complexity_bin:complex_q2; stage=OOD; eval_track=ranking; n_total=996; n_pos=567; n_neg=429; ood_name=ood_test_injection_standard,OOD_BIN_COMPLEXITY_BIN_COMPLEX_Q2,,
C,ablation,M3_TFIDF_PLUS_FLAGS_PLUS_IBVS_V2_STRUCTURED,deployment_threshold,OOD,,complexity_bin,complex_q2,192,93,99,0.7031,0.6786,0.8288,0.8289,0.1183,0.3978,0.5484,0.5591,14.0,14.2865,0.9474,5.0,metrics_ablation_bins_splitC.csv,bin_eval=complexity_bin:complex_q2; stage=OOD; eval_track=deployment_threshold; n_total=192; n_pos=93; n_neg=99,OOD_BIN_COMPLEXITY_BIN_COMPLEX_Q2,,
C,ablation,M3_TFIDF_PLUS_FLAGS_PLUS_IBVS_V2_STRUCTURED,deployment_threshold,OOD,ood_test_injection_standard,complexity_bin,complex_q2,996,567,429,0.5492,0.5352,0.5949,0.5439,0.0106,0.0494,0.1111,0.3651,126.0,127.8896,0.7008,5.1217,metrics_ablation_bins_splitC__ood-ood_test_injection_standard.csv,bin_eval=complexity_bin:complex_q2; stage=OOD; eval_track=deployment_threshold; n_total=996; n_pos=567; n_neg=429; ood_name=ood_test_injection_standard,OOD_BIN_COMPLEXITY_BIN_COMPLEX_Q2,,
C,ablation,M3_TFIDF_PLUS_FLAGS_PLUS_IBVS_V2_STRUCTURED,ranking,OOD,,complexity_bin,complex_q2,192,93,99,0.651,0.6223,0.8288,0.8289,0.1183,0.3978,0.5484,0.043,14.0,14.2865,0.9474,5.0,metrics_ablation_bins_splitC.csv,bin_eval=complexity_bin:complex_q2; stage=OOD; eval_track=ranking; n_total=192; n_pos=93; n_neg=99,OOD_BIN_COMPLEXITY_BIN_COMPLEX_Q2,,
C,ablation,M3_TFIDF_PLUS_FLAGS_PLUS_IBVS_V2_STRUCTURED,ranking,OOD,ood_test_injection_standard,complexity_bin,complex_q2,996,567,429,0.5733,0.3729,0.5949,0.5439,0.0106,0.0494,0.1111,0.0,126.0,127.8896,0.7008,5.1217,metrics_ablation_bins_splitC__ood-ood_test_injection_standard.csv,bin_eval=complexity_bin:complex_q2; stage=OOD; eval_track=ranking; n_total=996; n_pos=567; n_neg=429; ood_name=ood_test_injection_standard,OOD_BIN_COMPLEXITY_BIN_COMPLEX_Q2,,
C,ablation,M3_TFIDF_PLUS_FLAGS_PLUS_IBVS_V2_TAILCAL,deployment_threshold,OOD,,complexity_bin,complex_q2,192,93,99,0.625,0.5596,0.8179,0.816,0.1398,0.4086,0.5269,0.7527,14.0,14.2865,0.9474,5.0,metrics_ablation_bins_splitC.csv,bin_eval=complexity_bin:complex_q2; stage=OOD; eval_track=deployment_threshold; n_total=192; n_pos=93; n_neg=99,OOD_BIN_COMPLEXITY_BIN_COMPLEX_Q2,,
C,ablation,M3_TFIDF_PLUS_FLAGS_PLUS_IBVS_V2_TAILCAL,deployment_threshold,OOD,ood_test_injection_standard,complexity_bin,complex_q2,996,567,429,0.491,0.4874,0.5757,0.5331,0.0071,0.0247,0.0935,0.642,126.0,127.8896,0.7008,5.1217,metrics_ablation_bins_splitC__ood-ood_test_injection_standard.csv,bin_eval=complexity_bin:complex_q2; stage=OOD; eval_track=deployment_threshold; n_total=996; n_pos=567; n_neg=429; ood_name=ood_test_injection_standard,OOD_BIN_COMPLEXITY_BIN_COMPLEX_Q2,,
C,ablation,M3_TFIDF_PLUS_FLAGS_PLUS_IBVS_V2_TAILCAL,ranking,OOD,,complexity_bin,complex_q2,192,93,99,0.6458,0.6201,0.8179,0.816,0.1398,0.4086,0.5269,0.0645,14.0,14.2865,0.9474,5.0,metrics_ablation_bins_splitC.csv,bin_eval=complexity_bin:complex_q2; stage=OOD; eval_track=ranking; n_total=192; n_pos=93; n_neg=99,OOD_BIN_COMPLEXITY_BIN_COMPLEX_Q2,,
C,ablation,M3_TFIDF_PLUS_FLAGS_PLUS_IBVS_V2_TAILCAL,ranking,OOD,ood_test_injection_standard,complexity_bin,complex_q2,996,567,429,0.5733,0.3729,0.5757,0.5331,0.0071,0.0247,0.0935,0.0,126.0,127.8896,0.7008,5.1217,metrics_ablation_bins_splitC__ood-ood_test_injection_standard.csv,bin_eval=complexity_bin:complex_q2; stage=OOD; eval_track=ranking; n_total=996; n_pos=567; n_neg=429; ood_name=ood_test_injection_standard,OOD_BIN_COMPLEXITY_BIN_COMPLEX_Q2,,
C,ablation,M3_TFIDF_PLUS_FLAGS_PLUS_IBVS_V2_TOTAL,deployment_threshold,OOD,,complexity_bin,complex_q2,192,93,99,0.6667,0.625,0.8224,0.8169,0.1398,0.3978,0.4839,0.6559,14.0,14.2865,0.9474,5.0,metrics_ablation_bins_splitC.csv,bin_eval=complexity_bin:complex_q2; stage=OOD; eval_track=deployment_threshold; n_total=192; n_pos=93; n_neg=99,OOD_BIN_COMPLEXITY_BIN_COMPLEX_Q2,,
C,ablation,M3_TFIDF_PLUS_FLAGS_PLUS_IBVS_V2_TOTAL,deployment_threshold,OOD,ood_test_injection_standard,complexity_bin,complex_q2,996,567,429,0.5181,0.5163,0.5819,0.5287,0.0071,0.0547,0.1023,0.4921,126.0,127.8896,0.7008,5.1217,metrics_ablation_bins_splitC__ood-ood_test_injection_standard.csv,bin_eval=complexity_bin:complex_q2; stage=OOD; eval_track=deployment_threshold; n_total=996; n_pos=567; n_neg=429; ood_name=ood_test_injection_standard,OOD_BIN_COMPLEXITY_BIN_COMPLEX_Q2,,
C,ablation,M3_TFIDF_PLUS_FLAGS_PLUS_IBVS_V2_TOTAL,ranking,OOD,,complexity_bin,complex_q2,192,93,99,0.651,0.6288,0.8224,0.8169,0.1398,0.3978,0.4839,0.0753,14.0,14.2865,0.9474,5.0,metrics_ablation_bins_splitC.csv,bin_eval=complexity_bin:complex_q2; stage=OOD; eval_track=ranking; n_total=192; n_pos=93; n_neg=99,OOD_BIN_COMPLEXITY_BIN_COMPLEX_Q2,,
C,ablation,M3_TFIDF_PLUS_FLAGS_PLUS_IBVS_V2_TOTAL,ranking,OOD,ood_test_injection_standard,complexity_bin,complex_q2,996,567,429,0.5733,0.3729,0.5819,0.5287,0.0071,0.0547,0.1023,0.0,126.0,127.8896,0.7008,5.1217,metrics_ablation_bins_splitC__ood-ood_test_injection_standard.csv,bin_eval=complexity_bin:complex_q2; stage=OOD; eval_track=ranking; n_total=996; n_pos=567; n_neg=429; ood_name=ood_test_injection_standard,OOD_BIN_COMPLEXITY_BIN_COMPLEX_Q2,,
C,ablation,M3_TFIDF_PLUS_FLAGS_PLUS_IBVS_V2_TRIPWIRE,deployment_threshold,OOD,,complexity_bin,complex_q2,192,93,99,0.6406,0.5837,0.8197,0.8144,0.129,0.4194,0.4516,0.7204,14.0,14.2865,0.9474,5.0,metrics_ablation_bins_splitC.csv,bin_eval=complexity_bin:complex_q2; stage=OOD; eval_track=deployment_threshold; n_total=192; n_pos=93; n_neg=99,OOD_BIN_COMPLEXITY_BIN_COMPLEX_Q2,,
C,ablation,M3_TFIDF_PLUS_FLAGS_PLUS_IBVS_V2_TRIPWIRE,deployment_threshold,OOD,ood_test_injection_standard,complexity_bin,complex_q2,996,567,429,0.509,0.5085,0.584,0.5367,0.0088,0.0441,0.0952,0.582,126.0,127.8896,0.7008,5.1217,metrics_ablation_bins_splitC__ood-ood_test_injection_standard.csv,bin_eval=complexity_bin:complex_q2; stage=OOD; eval_track=deployment_threshold; n_total=996; n_pos=567; n_neg=429; ood_name=ood_test_injection_standard,OOD_BIN_COMPLEXITY_BIN_COMPLEX_Q2,,
C,ablation,M3_TFIDF_PLUS_FLAGS_PLUS_IBVS_V2_TRIPWIRE,ranking,OOD,,complexity_bin,complex_q2,192,93,99,0.6458,0.6222,0.8197,0.8144,0.129,0.4194,0.4516,0.0753,14.0,14.2865,0.9474,5.0,metrics_ablation_bins_splitC.csv,bin_eval=complexity_bin:complex_q2; stage=OOD; eval_track=ranking; n_total=192; n_pos=93; n_neg=99,OOD_BIN_COMPLEXITY_BIN_COMPLEX_Q2,,
C,ablation,M3_TFIDF_PLUS_FLAGS_PLUS_IBVS_V2_TRIPWIRE,ranking,OOD,ood_test_injection_standard,complexity_bin,complex_q2,996,567,429,0.5733,0.3729,0.584,0.5367,0.0088,0.0441,0.0952,0.0,126.0,127.8896,0.7008,5.1217,metrics_ablation_bins_splitC__ood-ood_test_injection_standard.csv,bin_eval=complexity_bin:complex_q2; stage=OOD; eval_track=ranking; n_total=996; n_pos=567; n_neg=429; ood_name=ood_test_injection_standard,OOD_BIN_COMPLEXITY_BIN_COMPLEX_Q2,,
C,hybrid,HYBRID_SEM_ANCHORED_IBVS_BOOST,deployment_threshold,OOD,,complexity_bin,complex_q2,192,93,99,0.8229,0.8206,0.8662,0.8654,0.2688,0.4086,0.6667,0.2688,14.0,14.2865,0.9474,5.0,metrics_hybrid_bins_splitC.csv,bin_eval=complexity_bin:complex_q2; stage=OOD; eval_track=deployment_threshold; n_total=192; n_pos=93; n_neg=99,OOD_BIN_COMPLEXITY_BIN_COMPLEX_Q2,,
C,hybrid,HYBRID_SEM_ANCHORED_IBVS_BOOST,deployment_threshold,OOD,ood_test_injection_standard,complexity_bin,complex_q2,996,567,429,0.6396,0.6233,0.7234,0.6754,0.0265,0.1852,0.2787,0.2557,126.0,127.8896,0.7008,5.1217,metrics_hybrid_bins_splitC__ood-ood_test_injection_standard.csv,bin_eval=complexity_bin:complex_q2; stage=OOD; eval_track=deployment_threshold; n_total=996; n_pos=567; n_neg=429; ood_name=ood_test_injection_standard,OOD_BIN_COMPLEXITY_BIN_COMPLEX_Q2,,
C,hybrid,HYBRID_SEM_ANCHORED_IBVS_BOOST_V2,deployment_threshold,OOD,,complexity_bin,complex_q2,192,93,99,0.8229,0.8206,0.8662,0.8654,0.2688,0.4086,0.6667,0.2688,14.0,14.2865,0.9474,5.0,metrics_hybrid_bins_splitC.csv,bin_eval=complexity_bin:complex_q2; stage=OOD; eval_track=deployment_threshold; n_total=192; n_pos=93; n_neg=99,OOD_BIN_COMPLEXITY_BIN_COMPLEX_Q2,,
C,hybrid,HYBRID_SEM_ANCHORED_IBVS_BOOST_V2,deployment_threshold,OOD,ood_test_injection_standard,complexity_bin,complex_q2,996,567,429,0.6396,0.6233,0.7234,0.6754,0.0265,0.1852,0.2787,0.2557,126.0,127.8896,0.7008,5.1217,metrics_hybrid_bins_splitC__ood-ood_test_injection_standard.csv,bin_eval=complexity_bin:complex_q2; stage=OOD; eval_track=deployment_threshold; n_total=996; n_pos=567; n_neg=429; ood_name=ood_test_injection_standard,OOD_BIN_COMPLEXITY_BIN_COMPLEX_Q2,,
C,hybrid,HYBRID_SEM_ANCHORED_IBVS_VETO,deployment_threshold,OOD,,complexity_bin,complex_q2,192,93,99,0.7448,0.7428,0.8662,0.8654,0.2688,0.4086,0.6667,0.1398,14.0,14.2865,0.9474,5.0,metrics_hybrid_bins_splitC.csv,bin_eval=complexity_bin:complex_q2; stage=OOD; eval_track=deployment_threshold; n_total=192; n_pos=93; n_neg=99,OOD_BIN_COMPLEXITY_BIN_COMPLEX_Q2,,
C,hybrid,HYBRID_SEM_ANCHORED_IBVS_VETO,deployment_threshold,OOD,ood_test_injection_standard,complexity_bin,complex_q2,996,567,429,0.6456,0.596,0.7234,0.6754,0.0265,0.1852,0.2787,0.1252,126.0,127.8896,0.7008,5.1217,metrics_hybrid_bins_splitC__ood-ood_test_injection_standard.csv,bin_eval=complexity_bin:complex_q2; stage=OOD; eval_track=deployment_threshold; n_total=996; n_pos=567; n_neg=429; ood_name=ood_test_injection_standard,OOD_BIN_COMPLEXITY_BIN_COMPLEX_Q2,,
C,hybrid,HYBRID_SEM_EXPERT_GATE_M1_M3,deployment_threshold,OOD,,complexity_bin,complex_q2,192,93,99,0.7865,0.78,0.8354,0.8394,0.0,0.5376,0.6559,0.3656,14.0,14.2865,0.9474,5.0,metrics_hybrid_bins_splitC.csv,bin_eval=complexity_bin:complex_q2; stage=OOD; eval_track=deployment_threshold; n_total=192; n_pos=93; n_neg=99,OOD_BIN_COMPLEXITY_BIN_COMPLEX_Q2,,
C,hybrid,HYBRID_SEM_EXPERT_GATE_M1_M3,deployment_threshold,OOD,ood_test_injection_standard,complexity_bin,complex_q2,996,567,429,0.6255,0.59,0.6716,0.6129,0.0,0.0,0.231,0.1922,126.0,127.8896,0.7008,5.1217,metrics_hybrid_bins_splitC__ood-ood_test_injection_standard.csv,bin_eval=complexity_bin:complex_q2; stage=OOD; eval_track=deployment_threshold; n_total=996; n_pos=567; n_neg=429; ood_name=ood_test_injection_standard,OOD_BIN_COMPLEXITY_BIN_COMPLEX_Q2,,
C,hybrid,HYBRID_SEM_GATE_ELSE_M3_IBVS_V2,deployment_threshold,OOD,,complexity_bin,complex_q2,192,93,99,0.8021,0.7971,0.7858,0.8013,0.129,0.2688,0.3441,0.3333,14.0,14.2865,0.9474,5.0,metrics_hybrid_bins_splitC.csv,bin_eval=complexity_bin:complex_q2; stage=OOD; eval_track=deployment_threshold; n_total=192; n_pos=93; n_neg=99,OOD_BIN_COMPLEXITY_BIN_COMPLEX_Q2,,
C,hybrid,HYBRID_SEM_GATE_ELSE_M3_IBVS_V2,deployment_threshold,OOD,ood_test_injection_standard,complexity_bin,complex_q2,996,567,429,0.5974,0.5792,0.5582,0.4969,0.0088,0.0335,0.0794,0.2928,126.0,127.8896,0.7008,5.1217,metrics_hybrid_bins_splitC__ood-ood_test_injection_standard.csv,bin_eval=complexity_bin:complex_q2; stage=OOD; eval_track=deployment_threshold; n_total=996; n_pos=567; n_neg=429; ood_name=ood_test_injection_standard,OOD_BIN_COMPLEXITY_BIN_COMPLEX_Q2,,
C,hybrid,HYBRID_SEM_LEARNED_META_FUSION,deployment_threshold,OOD,,complexity_bin,complex_q2,192,93,99,0.8125,0.8118,0.8517,0.8611,0.0,0.6022,0.6667,0.2258,14.0,14.2865,0.9474,5.0,metrics_hybrid_bins_splitC.csv,bin_eval=complexity_bin:complex_q2; stage=OOD; eval_track=deployment_threshold; n_total=192; n_pos=93; n_neg=99,OOD_BIN_COMPLEXITY_BIN_COMPLEX_Q2,,
C,hybrid,HYBRID_SEM_LEARNED_META_FUSION,deployment_threshold,OOD,ood_test_injection_standard,complexity_bin,complex_q2,996,567,429,0.6436,0.5999,0.7058,0.6622,0.0,0.1905,0.2399,0.1446,126.0,127.8896,0.7008,5.1217,metrics_hybrid_bins_splitC__ood-ood_test_injection_standard.csv,bin_eval=complexity_bin:complex_q2; stage=OOD; eval_track=deployment_threshold; n_total=996; n_pos=567; n_neg=429; ood_name=ood_test_injection_standard,OOD_BIN_COMPLEXITY_BIN_COMPLEX_Q2,,
C,semantic,SEM_LOGREG_BGE,deployment_threshold,OOD,ood_test,complexity_bin,complex_q2,192,93,99,0.7448,0.7428,0.8662,0.8654,0.2688,0.4086,0.6667,0.1398,14.0,14.2865,0.9474,5.0,metrics_semantic_bins_splitC.csv,bin_eval=complexity_bin:complex_q2; stage=OOD; eval_track=deployment_threshold; n_total=192; n_pos=93; n_neg=99; ood_name=ood_test,OOD_BIN_COMPLEXITY_BIN_COMPLEX_Q2,,
C,semantic,SEM_LOGREG_BGE,deployment_threshold,OOD,ood_test_injection_standard,complexity_bin,complex_q2,996,567,429,0.6456,0.596,0.7234,0.6754,0.0265,0.1852,0.2787,0.1252,126.0,127.8896,0.7008,5.1217,metrics_semantic_bins_splitC__ood-ood_test_injection_standard.csv,bin_eval=complexity_bin:complex_q2; stage=OOD; eval_track=deployment_threshold; n_total=996; n_pos=567; n_neg=429; ood_name=ood_test_injection_standard,OOD_BIN_COMPLEXITY_BIN_COMPLEX_Q2,,
C,ablation,M1_TFIDF_ONLY,deployment_threshold,OOD,,complexity_bin,complex_q3,192,20,172,0.9115,0.6614,0.5104,0.8459,0.25,0.4,0.5,0.75,9.0,9.2917,1.0,5.0,metrics_ablation_bins_splitC.csv,bin_eval=complexity_bin:complex_q3; stage=OOD; eval_track=deployment_threshold; n_total=192; n_pos=20; n_neg=172,OOD_BIN_COMPLEXITY_BIN_COMPLEX_Q3,,
C,ablation,M1_TFIDF_ONLY,deployment_threshold,OOD,ood_test_injection,complexity_bin,complex_q3,169,81,88,0.6864,0.6678,0.8139,0.8336,0.1605,0.321,0.4074,0.5309,28.0,62.9645,0.8462,5.401,metrics_ablation_bins_splitC__ood-ood_test_injection.csv,bin_eval=complexity_bin:complex_q3; stage=OOD; eval_track=deployment_threshold; n_total=169; n_pos=81; n_neg=88; ood_name=ood_test_injection,OOD_BIN_COMPLEXITY_BIN_COMPLEX_Q3,,
C,ablation,M1_TFIDF_ONLY,deployment_threshold,OOD,ood_test_injection_standard,complexity_bin,complex_q3,996,505,491,0.5793,0.5719,0.5989,0.6226,0.0119,0.0911,0.1683,0.5584,85.0,81.0241,0.7857,5.047,metrics_ablation_bins_splitC__ood-ood_test_injection_standard.csv,bin_eval=complexity_bin:complex_q3; stage=OOD; eval_track=deployment_threshold; n_total=996; n_pos=505; n_neg=491; ood_name=ood_test_injection_standard,OOD_BIN_COMPLEXITY_BIN_COMPLEX_Q3,,
C,ablation,M1_TFIDF_ONLY,ranking,OOD,,complexity_bin,complex_q3,192,20,172,0.7031,0.5895,0.5104,0.8459,0.25,0.4,0.5,0.15,9.0,9.2917,1.0,5.0,metrics_ablation_bins_splitC.csv,bin_eval=complexity_bin:complex_q3; stage=OOD; eval_track=ranking; n_total=192; n_pos=20; n_neg=172,OOD_BIN_COMPLEXITY_BIN_COMPLEX_Q3,,
C,ablation,M1_TFIDF_ONLY,ranking,OOD,ood_test_injection,complexity_bin,complex_q3,169,81,88,0.6391,0.6074,0.8139,0.8336,0.1605,0.321,0.4074,0.037,28.0,62.9645,0.8462,5.401,metrics_ablation_bins_splitC__ood-ood_test_injection.csv,bin_eval=complexity_bin:complex_q3; stage=OOD; eval_track=ranking; n_total=169; n_pos=81; n_neg=88; ood_name=ood_test_injection,OOD_BIN_COMPLEXITY_BIN_COMPLEX_Q3,,
C,ablation,M1_TFIDF_ONLY,ranking,OOD,ood_test_injection_standard,complexity_bin,complex_q3,996,505,491,0.5542,0.4837,0.5989,0.6226,0.0119,0.0911,0.1683,0.0891,85.0,81.0241,0.7857,5.047,metrics_ablation_bins_splitC__ood-ood_test_injection_standard.csv,bin_eval=complexity_bin:complex_q3; stage=OOD; eval_track=ranking; n_total=996; n_pos=505; n_neg=491; ood_name=ood_test_injection_standard,OOD_BIN_COMPLEXITY_BIN_COMPLEX_Q3,,
C,ablation,M2_TFIDF_PLUS_FLAGS,deployment_threshold,OOD,,complexity_bin,complex_q3,192,20,172,0.9062,0.6746,0.6096,0.9285,0.2,0.75,0.85,0.7,9.0,9.2917,1.0,5.0,metrics_ablation_bins_splitC.csv,bin_eval=complexity_bin:complex_q3; stage=OOD; eval_track=deployment_threshold; n_total=192; n_pos=20; n_neg=172,OOD_BIN_COMPLEXITY_BIN_COMPLEX_Q3,,
C,ablation,M2_TFIDF_PLUS_FLAGS,deployment_threshold,OOD,ood_test_injection,complexity_bin,complex_q3,169,81,88,0.5503,0.5445,0.5203,0.6093,0.0123,0.037,0.0494,0.5432,28.0,62.9645,0.8462,5.401,metrics_ablation_bins_splitC__ood-ood_test_injection.csv,bin_eval=complexity_bin:complex_q3; stage=OOD; eval_track=deployment_threshold; n_total=169; n_pos=81; n_neg=88; ood_name=ood_test_injection,OOD_BIN_COMPLEXITY_BIN_COMPLEX_Q3,,
C,ablation,M2_TFIDF_PLUS_FLAGS,deployment_threshold,OOD,ood_test_injection_standard,complexity_bin,complex_q3,996,505,491,0.5181,0.5179,0.5205,0.5306,0.004,0.0495,0.0891,0.505,85.0,81.0241,0.7857,5.047,metrics_ablation_bins_splitC__ood-ood_test_injection_standard.csv,bin_eval=complexity_bin:complex_q3; stage=OOD; eval_track=deployment_threshold; n_total=996; n_pos=505; n_neg=491; ood_name=ood_test_injection_standard,OOD_BIN_COMPLEXITY_BIN_COMPLEX_Q3,,
C,ablation,M2_TFIDF_PLUS_FLAGS,ranking,OOD,,complexity_bin,complex_q3,192,20,172,0.5625,0.4998,0.6096,0.9285,0.2,0.75,0.85,0.0,9.0,9.2917,1.0,5.0,metrics_ablation_bins_splitC.csv,bin_eval=complexity_bin:complex_q3; stage=OOD; eval_track=ranking; n_total=192; n_pos=20; n_neg=172,OOD_BIN_COMPLEXITY_BIN_COMPLEX_Q3,,
C,ablation,M2_TFIDF_PLUS_FLAGS,ranking,OOD,ood_test_injection,complexity_bin,complex_q3,169,81,88,0.503,0.3727,0.5203,0.6093,0.0123,0.037,0.0494,0.0,28.0,62.9645,0.8462,5.401,metrics_ablation_bins_splitC__ood-ood_test_injection.csv,bin_eval=complexity_bin:complex_q3; stage=OOD; eval_track=ranking; n_total=169; n_pos=81; n_neg=88; ood_name=ood_test_injection,OOD_BIN_COMPLEXITY_BIN_COMPLEX_Q3,,
C,ablation,M2_TFIDF_PLUS_FLAGS,ranking,OOD,ood_test_injection_standard,complexity_bin,complex_q3,996,505,491,0.5171,0.3637,0.5205,0.5306,0.004,0.0495,0.0891,0.0059,85.0,81.0241,0.7857,5.047,metrics_ablation_bins_splitC__ood-ood_test_injection_standard.csv,bin_eval=complexity_bin:complex_q3; stage=OOD; eval_track=ranking; n_total=996; n_pos=505; n_neg=491; ood_name=ood_test_injection_standard,OOD_BIN_COMPLEXITY_BIN_COMPLEX_Q3,,
C,ablation,M3_TFIDF_PLUS_FLAGS_PLUS_IBVS_V1_TOTAL,deployment_threshold,OOD,,complexity_bin,complex_q3,192,20,172,0.901,0.7512,0.5957,0.927,0.2,0.5,0.65,0.4,9.0,9.2917,1.0,5.0,metrics_ablation_bins_splitC.csv,bin_eval=complexity_bin:complex_q3; stage=OOD; eval_track=deployment_threshold; n_total=192; n_pos=20; n_neg=172,OOD_BIN_COMPLEXITY_BIN_COMPLEX_Q3,,
C,ablation,M3_TFIDF_PLUS_FLAGS_PLUS_IBVS_V1_TOTAL,deployment_threshold,OOD,ood_test_injection,complexity_bin,complex_q3,169,81,88,0.6746,0.6667,0.5219,0.6309,0.0,0.0247,0.0494,0.1358,28.0,62.9645,0.8462,5.401,metrics_ablation_bins_splitC__ood-ood_test_injection.csv,bin_eval=complexity_bin:complex_q3; stage=OOD; eval_track=deployment_threshold; n_total=169; n_pos=81; n_neg=88; ood_name=ood_test_injection,OOD_BIN_COMPLEXITY_BIN_COMPLEX_Q3,,
C,ablation,M3_TFIDF_PLUS_FLAGS_PLUS_IBVS_V1_TOTAL,deployment_threshold,OOD,ood_test_injection_standard,complexity_bin,complex_q3,996,505,491,0.5442,0.5273,0.5107,0.5242,0.002,0.0455,0.099,0.2772,85.0,81.0241,0.7857,5.047,metrics_ablation_bins_splitC__ood-ood_test_injection_standard.csv,bin_eval=complexity_bin:complex_q3; stage=OOD; eval_track=deployment_threshold; n_total=996; n_pos=505; n_neg=491; ood_name=ood_test_injection_standard,OOD_BIN_COMPLEXITY_BIN_COMPLEX_Q3,,
C,ablation,M3_TFIDF_PLUS_FLAGS_PLUS_IBVS_V1_TOTAL,ranking,OOD,,complexity_bin,complex_q3,192,20,172,0.7552,0.6508,0.5957,0.927,0.2,0.5,0.65,0.0,9.0,9.2917,1.0,5.0,metrics_ablation_bins_splitC.csv,bin_eval=complexity_bin:complex_q3; stage=OOD; eval_track=ranking; n_total=192; n_pos=20; n_neg=172,OOD_BIN_COMPLEXITY_BIN_COMPLEX_Q3,,
C,ablation,M3_TFIDF_PLUS_FLAGS_PLUS_IBVS_V1_TOTAL,ranking,OOD,ood_test_injection,complexity_bin,complex_q3,169,81,88,0.568,0.4957,0.5219,0.6309,0.0,0.0247,0.0494,0.0123,28.0,62.9645,0.8462,5.401,metrics_ablation_bins_splitC__ood-ood_test_injection.csv,bin_eval=complexity_bin:complex_q3; stage=OOD; eval_track=ranking; n_total=169; n_pos=81; n_neg=88; ood_name=ood_test_injection,OOD_BIN_COMPLEXITY_BIN_COMPLEX_Q3,,
C,ablation,M3_TFIDF_PLUS_FLAGS_PLUS_IBVS_V1_TOTAL,ranking,OOD,ood_test_injection_standard,complexity_bin,complex_q3,996,505,491,0.5241,0.4061,0.5107,0.5242,0.002,0.0455,0.099,0.0436,85.0,81.0241,0.7857,5.047,metrics_ablation_bins_splitC__ood-ood_test_injection_standard.csv,bin_eval=complexity_bin:complex_q3; stage=OOD; eval_track=ranking; n_total=996; n_pos=505; n_neg=491; ood_name=ood_test_injection_standard,OOD_BIN_COMPLEXITY_BIN_COMPLEX_Q3,,
C,ablation,M3_TFIDF_PLUS_FLAGS_PLUS_IBVS_V2_STRUCTURED,deployment_threshold,OOD,,complexity_bin,complex_q3,192,20,172,0.9115,0.7017,0.6558,0.9422,0.2,0.65,0.8,0.65,9.0,9.2917,1.0,5.0,metrics_ablation_bins_splitC.csv,bin_eval=complexity_bin:complex_q3; stage=OOD; eval_track=deployment_threshold; n_total=192; n_pos=20; n_neg=172,OOD_BIN_COMPLEXITY_BIN_COMPLEX_Q3,,
C,ablation,M3_TFIDF_PLUS_FLAGS_PLUS_IBVS_V2_STRUCTURED,deployment_threshold,OOD,ood_test_injection,complexity_bin,complex_q3,169,81,88,0.5917,0.5917,0.5463,0.6296,0.0123,0.0741,0.0741,0.3704,28.0,62.9645,0.8462,5.401,metrics_ablation_bins_splitC__ood-ood_test_injection.csv,bin_eval=complexity_bin:complex_q3; stage=OOD; eval_track=deployment_threshold; n_total=169; n_pos=81; n_neg=88; ood_name=ood_test_injection,OOD_BIN_COMPLEXITY_BIN_COMPLEX_Q3,,
C,ablation,M3_TFIDF_PLUS_FLAGS_PLUS_IBVS_V2_STRUCTURED,deployment_threshold,OOD,ood_test_injection_standard,complexity_bin,complex_q3,996,505,491,0.5291,0.5283,0.5411,0.5486,0.0079,0.0713,0.1347,0.4376,85.0,81.0241,0.7857,5.047,metrics_ablation_bins_splitC__ood-ood_test_injection_standard.csv,bin_eval=complexity_bin:complex_q3; stage=OOD; eval_track=deployment_threshold; n_total=996; n_pos=505; n_neg=491; ood_name=ood_test_injection_standard,OOD_BIN_COMPLEXITY_BIN_COMPLEX_Q3,,
C,ablation,M3_TFIDF_PLUS_FLAGS_PLUS_IBVS_V2_STRUCTURED,ranking,OOD,,complexity_bin,complex_q3,192,20,172,0.5573,0.4959,0.6558,0.9422,0.2,0.65,0.8,0.0,9.0,9.2917,1.0,5.0,metrics_ablation_bins_splitC.csv,bin_eval=complexity_bin:complex_q3; stage=OOD; eval_track=ranking; n_total=192; n_pos=20; n_neg=172,OOD_BIN_COMPLEXITY_BIN_COMPLEX_Q3,,
C,ablation,M3_TFIDF_PLUS_FLAGS_PLUS_IBVS_V2_STRUCTURED,ranking,OOD,ood_test_injection,complexity_bin,complex_q3,169,81,88,0.5089,0.3844,0.5463,0.6296,0.0123,0.0741,0.0741,0.0,28.0,62.9645,0.8462,5.401,metrics_ablation_bins_splitC__ood-ood_test_injection.csv,bin_eval=complexity_bin:complex_q3; stage=OOD; eval_track=ranking; n_total=169; n_pos=81; n_neg=88; ood_name=ood_test_injection,OOD_BIN_COMPLEXITY_BIN_COMPLEX_Q3,,
C,ablation,M3_TFIDF_PLUS_FLAGS_PLUS_IBVS_V2_STRUCTURED,ranking,OOD,ood_test_injection_standard,complexity_bin,complex_q3,996,505,491,0.5141,0.3589,0.5411,0.5486,0.0079,0.0713,0.1347,0.0079,85.0,81.0241,0.7857,5.047,metrics_ablation_bins_splitC__ood-ood_test_injection_standard.csv,bin_eval=complexity_bin:complex_q3; stage=OOD; eval_track=ranking; n_total=996; n_pos=505; n_neg=491; ood_name=ood_test_injection_standard,OOD_BIN_COMPLEXITY_BIN_COMPLEX_Q3,,
C,ablation,M3_TFIDF_PLUS_FLAGS_PLUS_IBVS_V2_TAILCAL,deployment_threshold,OOD,,complexity_bin,complex_q3,192,20,172,0.9115,0.6614,0.6219,0.9407,0.25,0.6,0.85,0.75,9.0,9.2917,1.0,5.0,metrics_ablation_bins_splitC.csv,bin_eval=complexity_bin:complex_q3; stage=OOD; eval_track=deployment_threshold; n_total=192; n_pos=20; n_neg=172,OOD_BIN_COMPLEXITY_BIN_COMPLEX_Q3,,
C,ablation,M3_TFIDF_PLUS_FLAGS_PLUS_IBVS_V2_TAILCAL,deployment_threshold,OOD,ood_test_injection,complexity_bin,complex_q3,169,81,88,0.5385,0.5178,0.5324,0.6341,0.0,0.0123,0.0741,0.6543,28.0,62.9645,0.8462,5.401,metrics_ablation_bins_splitC__ood-ood_test_injection.csv,bin_eval=complexity_bin:complex_q3; stage=OOD; eval_track=deployment_threshold; n_total=169; n_pos=81; n_neg=88; ood_name=ood_test_injection,OOD_BIN_COMPLEXITY_BIN_COMPLEX_Q3,,
C,ablation,M3_TFIDF_PLUS_FLAGS_PLUS_IBVS_V2_TAILCAL,deployment_threshold,OOD,ood_test_injection_standard,complexity_bin,complex_q3,996,505,491,0.498,0.4829,0.5307,0.5364,0.0139,0.0594,0.1208,0.6772,85.0,81.0241,0.7857,5.047,metrics_ablation_bins_splitC__ood-ood_test_injection_standard.csv,bin_eval=complexity_bin:complex_q3; stage=OOD; eval_track=deployment_threshold; n_total=996; n_pos=505; n_neg=491; ood_name=ood_test_injection_standard,OOD_BIN_COMPLEXITY_BIN_COMPLEX_Q3,,
C,ablation,M3_TFIDF_PLUS_FLAGS_PLUS_IBVS_V2_TAILCAL,ranking,OOD,,complexity_bin,complex_q3,192,20,172,0.5729,0.5074,0.6219,0.9407,0.25,0.6,0.85,0.0,9.0,9.2917,1.0,5.0,metrics_ablation_bins_splitC.csv,bin_eval=complexity_bin:complex_q3; stage=OOD; eval_track=ranking; n_total=192; n_pos=20; n_neg=172,OOD_BIN_COMPLEXITY_BIN_COMPLEX_Q3,,
C,ablation,M3_TFIDF_PLUS_FLAGS_PLUS_IBVS_V2_TAILCAL,ranking,OOD,ood_test_injection,complexity_bin,complex_q3,169,81,88,0.5089,0.3844,0.5324,0.6341,0.0,0.0123,0.0741,0.0,28.0,62.9645,0.8462,5.401,metrics_ablation_bins_splitC__ood-ood_test_injection.csv,bin_eval=complexity_bin:complex_q3; stage=OOD; eval_track=ranking; n_total=169; n_pos=81; n_neg=88; ood_name=ood_test_injection,OOD_BIN_COMPLEXITY_BIN_COMPLEX_Q3,,
C,ablation,M3_TFIDF_PLUS_FLAGS_PLUS_IBVS_V2_TAILCAL,ranking,OOD,ood_test_injection_standard,complexity_bin,complex_q3,996,505,491,0.5161,0.3648,0.5307,0.5364,0.0139,0.0594,0.1208,0.0099,85.0,81.0241,0.7857,5.047,metrics_ablation_bins_splitC__ood-ood_test_injection_standard.csv,bin_eval=complexity_bin:complex_q3; stage=OOD; eval_track=ranking; n_total=996; n_pos=505; n_neg=491; ood_name=ood_test_injection_standard,OOD_BIN_COMPLEXITY_BIN_COMPLEX_Q3,,
C,ablation,M3_TFIDF_PLUS_FLAGS_PLUS_IBVS_V2_TOTAL,deployment_threshold,OOD,,complexity_bin,complex_q3,192,20,172,0.901,0.6457,0.6001,0.9323,0.15,0.6,0.8,0.75,9.0,9.2917,1.0,5.0,metrics_ablation_bins_splitC.csv,bin_eval=complexity_bin:complex_q3; stage=OOD; eval_track=deployment_threshold; n_total=192; n_pos=20; n_neg=172,OOD_BIN_COMPLEXITY_BIN_COMPLEX_Q3,,
C,ablation,M3_TFIDF_PLUS_FLAGS_PLUS_IBVS_V2_TOTAL,deployment_threshold,OOD,ood_test_injection,complexity_bin,complex_q3,169,81,88,0.574,0.5685,0.5441,0.6322,0.0123,0.037,0.0617,0.5185,28.0,62.9645,0.8462,5.401,metrics_ablation_bins_splitC__ood-ood_test_injection.csv,bin_eval=complexity_bin:complex_q3; stage=OOD; eval_track=deployment_threshold; n_total=169; n_pos=81; n_neg=88; ood_name=ood_test_injection,OOD_BIN_COMPLEXITY_BIN_COMPLEX_Q3,,
C,ablation,M3_TFIDF_PLUS_FLAGS_PLUS_IBVS_V2_TOTAL,deployment_threshold,OOD,ood_test_injection_standard,complexity_bin,complex_q3,996,505,491,0.5131,0.5112,0.5247,0.5343,0.0079,0.0554,0.1248,0.5545,85.0,81.0241,0.7857,5.047,metrics_ablation_bins_splitC__ood-ood_test_injection_standard.csv,bin_eval=complexity_bin:complex_q3; stage=OOD; eval_track=deployment_threshold; n_total=996; n_pos=505; n_neg=491; ood_name=ood_test_injection_standard,OOD_BIN_COMPLEXITY_BIN_COMPLEX_Q3,,
C,ablation,M3_TFIDF_PLUS_FLAGS_PLUS_IBVS_V2_TOTAL,ranking,OOD,,complexity_bin,complex_q3,192,20,172,0.6354,0.5541,0.6001,0.9323,0.15,0.6,0.8,0.0,9.0,9.2917,1.0,5.0,metrics_ablation_bins_splitC.csv,bin_eval=complexity_bin:complex_q3; stage=OOD; eval_track=ranking; n_total=192; n_pos=20; n_neg=172,OOD_BIN_COMPLEXITY_BIN_COMPLEX_Q3,,
C,ablation,M3_TFIDF_PLUS_FLAGS_PLUS_IBVS_V2_TOTAL,ranking,OOD,ood_test_injection,complexity_bin,complex_q3,169,81,88,0.5089,0.3844,0.5441,0.6322,0.0123,0.037,0.0617,0.0,28.0,62.9645,0.8462,5.401,metrics_ablation_bins_splitC__ood-ood_test_injection.csv,bin_eval=complexity_bin:complex_q3; stage=OOD; eval_track=ranking; n_total=169; n_pos=81; n_neg=88; ood_name=ood_test_injection,OOD_BIN_COMPLEXITY_BIN_COMPLEX_Q3,,
C,ablation,M3_TFIDF_PLUS_FLAGS_PLUS_IBVS_V2_TOTAL,ranking,OOD,ood_test_injection_standard,complexity_bin,complex_q3,996,505,491,0.5161,0.3697,0.5247,0.5343,0.0079,0.0554,0.1248,0.0158,85.0,81.0241,0.7857,5.047,metrics_ablation_bins_splitC__ood-ood_test_injection_standard.csv,bin_eval=complexity_bin:complex_q3; stage=OOD; eval_track=ranking; n_total=996; n_pos=505; n_neg=491; ood_name=ood_test_injection_standard,OOD_BIN_COMPLEXITY_BIN_COMPLEX_Q3,,
C,ablation,M3_TFIDF_PLUS_FLAGS_PLUS_IBVS_V2_TRIPWIRE,deployment_threshold,OOD,,complexity_bin,complex_q3,192,20,172,0.8958,0.5556,0.5887,0.9334,0.1,0.55,0.75,0.9,9.0,9.2917,1.0,5.0,metrics_ablation_bins_splitC.csv,bin_eval=complexity_bin:complex_q3; stage=OOD; eval_track=deployment_threshold; n_total=192; n_pos=20; n_neg=172,OOD_BIN_COMPLEXITY_BIN_COMPLEX_Q3,,
C,ablation,M3_TFIDF_PLUS_FLAGS_PLUS_IBVS_V2_TRIPWIRE,deployment_threshold,OOD,ood_test_injection,complexity_bin,complex_q3,169,81,88,0.5148,0.4979,0.5308,0.6139,0.0123,0.0494,0.0741,0.6543,28.0,62.9645,0.8462,5.401,metrics_ablation_bins_splitC__ood-ood_test_injection.csv,bin_eval=complexity_bin:complex_q3; stage=OOD; eval_track=deployment_threshold; n_total=169; n_pos=81; n_neg=88; ood_name=ood_test_injection,OOD_BIN_COMPLEXITY_BIN_COMPLEX_Q3,,
C,ablation,M3_TFIDF_PLUS_FLAGS_PLUS_IBVS_V2_TRIPWIRE,deployment_threshold,OOD,ood_test_injection_standard,complexity_bin,complex_q3,996,505,491,0.494,0.4835,0.5275,0.5327,0.0119,0.0772,0.1168,0.6535,85.0,81.0241,0.7857,5.047,metrics_ablation_bins_splitC__ood-ood_test_injection_standard.csv,bin_eval=complexity_bin:complex_q3; stage=OOD; eval_track=deployment_threshold; n_total=996; n_pos=505; n_neg=491; ood_name=ood_test_injection_standard,OOD_BIN_COMPLEXITY_BIN_COMPLEX_Q3,,
C,ablation,M3_TFIDF_PLUS_FLAGS_PLUS_IBVS_V2_TRIPWIRE,ranking,OOD,,complexity_bin,complex_q3,192,20,172,0.599,0.5267,0.5887,0.9334,0.1,0.55,0.75,0.0,9.0,9.2917,1.0,5.0,metrics_ablation_bins_splitC.csv,bin_eval=complexity_bin:complex_q3; stage=OOD; eval_track=ranking; n_total=192; n_pos=20; n_neg=172,OOD_BIN_COMPLEXITY_BIN_COMPLEX_Q3,,
C,ablation,M3_TFIDF_PLUS_FLAGS_PLUS_IBVS_V2_TRIPWIRE,ranking,OOD,ood_test_injection,complexity_bin,complex_q3,169,81,88,0.5089,0.3844,0.5308,0.6139,0.0123,0.0494,0.0741,0.0,28.0,62.9645,0.8462,5.401,metrics_ablation_bins_splitC__ood-ood_test_injection.csv,bin_eval=complexity_bin:complex_q3; stage=OOD; eval_track=ranking; n_total=169; n_pos=81; n_neg=88; ood_name=ood_test_injection,OOD_BIN_COMPLEXITY_BIN_COMPLEX_Q3,,
C,ablation,M3_TFIDF_PLUS_FLAGS_PLUS_IBVS_V2_TRIPWIRE,ranking,OOD,ood_test_injection_standard,complexity_bin,complex_q3,996,505,491,0.5201,0.3749,0.5275,0.5327,0.0119,0.0772,0.1168,0.0119,85.0,81.0241,0.7857,5.047,metrics_ablation_bins_splitC__ood-ood_test_injection_standard.csv,bin_eval=complexity_bin:complex_q3; stage=OOD; eval_track=ranking; n_total=996; n_pos=505; n_neg=491; ood_name=ood_test_injection_standard,OOD_BIN_COMPLEXITY_BIN_COMPLEX_Q3,,
C,hybrid,HYBRID_SEM_ANCHORED_IBVS_BOOST,deployment_threshold,OOD,,complexity_bin,complex_q3,192,20,172,0.9062,0.7857,0.7096,0.8852,0.5,0.6,0.85,0.25,9.0,9.2917,1.0,5.0,metrics_hybrid_bins_splitC.csv,bin_eval=complexity_bin:complex_q3; stage=OOD; eval_track=deployment_threshold; n_total=192; n_pos=20; n_neg=172,OOD_BIN_COMPLEXITY_BIN_COMPLEX_Q3,,
C,hybrid,HYBRID_SEM_ANCHORED_IBVS_BOOST,deployment_threshold,OOD,ood_test_injection,complexity_bin,complex_q3,169,81,88,0.6095,0.6064,0.6588,0.6905,0.0123,0.2346,0.2593,0.2716,28.0,62.9645,0.8462,5.401,metrics_hybrid_bins_splitC__ood-ood_test_injection.csv,bin_eval=complexity_bin:complex_q3; stage=OOD; eval_track=deployment_threshold; n_total=169; n_pos=81; n_neg=88; ood_name=ood_test_injection,OOD_BIN_COMPLEXITY_BIN_COMPLEX_Q3,,
C,hybrid,HYBRID_SEM_ANCHORED_IBVS_BOOST,deployment_threshold,OOD,ood_test_injection_standard,complexity_bin,complex_q3,996,505,491,0.6637,0.6629,0.7025,0.7357,0.0238,0.1564,0.299,0.299,85.0,81.0241,0.7857,5.047,metrics_hybrid_bins_splitC__ood-ood_test_injection_standard.csv,bin_eval=complexity_bin:complex_q3; stage=OOD; eval_track=deployment_threshold; n_total=996; n_pos=505; n_neg=491; ood_name=ood_test_injection_standard,OOD_BIN_COMPLEXITY_BIN_COMPLEX_Q3,,
C,hybrid,HYBRID_SEM_ANCHORED_IBVS_BOOST_V2,deployment_threshold,OOD,,complexity_bin,complex_q3,192,20,172,0.9062,0.7857,0.7096,0.8852,0.5,0.6,0.85,0.25,9.0,9.2917,1.0,5.0,metrics_hybrid_bins_splitC.csv,bin_eval=complexity_bin:complex_q3; stage=OOD; eval_track=deployment_threshold; n_total=192; n_pos=20; n_neg=172,OOD_BIN_COMPLEXITY_BIN_COMPLEX_Q3,,
C,hybrid,HYBRID_SEM_ANCHORED_IBVS_BOOST_V2,deployment_threshold,OOD,ood_test_injection,complexity_bin,complex_q3,169,81,88,0.6095,0.6064,0.6588,0.6905,0.0123,0.2346,0.2593,0.2716,28.0,62.9645,0.8462,5.401,metrics_hybrid_bins_splitC__ood-ood_test_injection.csv,bin_eval=complexity_bin:complex_q3; stage=OOD; eval_track=deployment_threshold; n_total=169; n_pos=81; n_neg=88; ood_name=ood_test_injection,OOD_BIN_COMPLEXITY_BIN_COMPLEX_Q3,,
C,hybrid,HYBRID_SEM_ANCHORED_IBVS_BOOST_V2,deployment_threshold,OOD,ood_test_injection_standard,complexity_bin,complex_q3,996,505,491,0.6637,0.6629,0.7025,0.7357,0.0238,0.1564,0.299,0.299,85.0,81.0241,0.7857,5.047,metrics_hybrid_bins_splitC__ood-ood_test_injection_standard.csv,bin_eval=complexity_bin:complex_q3; stage=OOD; eval_track=deployment_threshold; n_total=996; n_pos=505; n_neg=491; ood_name=ood_test_injection_standard,OOD_BIN_COMPLEXITY_BIN_COMPLEX_Q3,,
C,hybrid,HYBRID_SEM_ANCHORED_IBVS_VETO,deployment_threshold,OOD,,complexity_bin,complex_q3,192,20,172,0.6771,0.5694,0.7096,0.8852,0.5,0.6,0.85,0.15,9.0,9.2917,1.0,5.0,metrics_hybrid_bins_splitC.csv,bin_eval=complexity_bin:complex_q3; stage=OOD; eval_track=deployment_threshold; n_total=192; n_pos=20; n_neg=172,OOD_BIN_COMPLEXITY_BIN_COMPLEX_Q3,,
C,hybrid,HYBRID_SEM_ANCHORED_IBVS_VETO,deployment_threshold,OOD,ood_test_injection,complexity_bin,complex_q3,169,81,88,0.5858,0.5571,0.6588,0.6905,0.0123,0.2346,0.2593,0.1235,28.0,62.9645,0.8462,5.401,metrics_hybrid_bins_splitC__ood-ood_test_injection.csv,bin_eval=complexity_bin:complex_q3; stage=OOD; eval_track=deployment_threshold; n_total=169; n_pos=81; n_neg=88; ood_name=ood_test_injection,OOD_BIN_COMPLEXITY_BIN_COMPLEX_Q3,,
C,hybrid,HYBRID_SEM_ANCHORED_IBVS_VETO,deployment_threshold,OOD,ood_test_injection_standard,complexity_bin,complex_q3,996,505,491,0.6596,0.6443,0.7025,0.7357,0.0238,0.1564,0.299,0.1446,85.0,81.0241,0.7857,5.047,metrics_hybrid_bins_splitC__ood-ood_test_injection_standard.csv,bin_eval=complexity_bin:complex_q3; stage=OOD; eval_track=deployment_threshold; n_total=996; n_pos=505; n_neg=491; ood_name=ood_test_injection_standard,OOD_BIN_COMPLEXITY_BIN_COMPLEX_Q3,,
C,hybrid,HYBRID_SEM_EXPERT_GATE_M1_M3,deployment_threshold,OOD,,complexity_bin,complex_q3,192,20,172,0.9167,0.8024,0.6616,0.8865,0.5,0.6,0.65,0.25,9.0,9.2917,1.0,5.0,metrics_hybrid_bins_splitC.csv,bin_eval=complexity_bin:complex_q3; stage=OOD; eval_track=deployment_threshold; n_total=192; n_pos=20; n_neg=172,OOD_BIN_COMPLEXITY_BIN_COMPLEX_Q3,,
C,hybrid,HYBRID_SEM_EXPERT_GATE_M1_M3,deployment_threshold,OOD,ood_test_injection,complexity_bin,complex_q3,169,81,88,0.6686,0.6672,0.6232,0.6867,0.0,0.0,0.2593,0.2346,28.0,62.9645,0.8462,5.401,metrics_hybrid_bins_splitC__ood-ood_test_injection.csv,bin_eval=complexity_bin:complex_q3; stage=OOD; eval_track=deployment_threshold; n_total=169; n_pos=81; n_neg=88; ood_name=ood_test_injection,OOD_BIN_COMPLEXITY_BIN_COMPLEX_Q3,,
C,hybrid,HYBRID_SEM_EXPERT_GATE_M1_M3,deployment_threshold,OOD,ood_test_injection_standard,complexity_bin,complex_q3,996,505,491,0.6335,0.6282,0.5973,0.621,0.0,0.0,0.1842,0.2574,85.0,81.0241,0.7857,5.047,metrics_hybrid_bins_splitC__ood-ood_test_injection_standard.csv,bin_eval=complexity_bin:complex_q3; stage=OOD; eval_track=deployment_threshold; n_total=996; n_pos=505; n_neg=491; ood_name=ood_test_injection_standard,OOD_BIN_COMPLEXITY_BIN_COMPLEX_Q3,,
C,hybrid,HYBRID_SEM_GATE_ELSE_M3_IBVS_V2,deployment_threshold,OOD,,complexity_bin,complex_q3,192,20,172,0.9375,0.8326,0.4895,0.8985,0.15,0.35,0.7,0.3,9.0,9.2917,1.0,5.0,metrics_hybrid_bins_splitC.csv,bin_eval=complexity_bin:complex_q3; stage=OOD; eval_track=deployment_threshold; n_total=192; n_pos=20; n_neg=172,OOD_BIN_COMPLEXITY_BIN_COMPLEX_Q3,,
C,hybrid,HYBRID_SEM_GATE_ELSE_M3_IBVS_V2,deployment_threshold,OOD,ood_test_injection,complexity_bin,complex_q3,169,81,88,0.6272,0.6272,0.5813,0.6769,0.0123,0.037,0.0988,0.3333,28.0,62.9645,0.8462,5.401,metrics_hybrid_bins_splitC__ood-ood_test_injection.csv,bin_eval=complexity_bin:complex_q3; stage=OOD; eval_track=deployment_threshold; n_total=169; n_pos=81; n_neg=88; ood_name=ood_test_injection,OOD_BIN_COMPLEXITY_BIN_COMPLEX_Q3,,
C,hybrid,HYBRID_SEM_GATE_ELSE_M3_IBVS_V2,deployment_threshold,OOD,ood_test_injection_standard,complexity_bin,complex_q3,996,505,491,0.6004,0.5994,0.5499,0.5822,0.0119,0.0752,0.103,0.3584,85.0,81.0241,0.7857,5.047,metrics_hybrid_bins_splitC__ood-ood_test_injection_standard.csv,bin_eval=complexity_bin:complex_q3; stage=OOD; eval_track=deployment_threshold; n_total=996; n_pos=505; n_neg=491; ood_name=ood_test_injection_standard,OOD_BIN_COMPLEXITY_BIN_COMPLEX_Q3,,
C,hybrid,HYBRID_SEM_LEARNED_META_FUSION,deployment_threshold,OOD,,complexity_bin,complex_q3,192,20,172,0.8958,0.7845,0.7481,0.9109,0.6,0.75,0.85,0.15,9.0,9.2917,1.0,5.0,metrics_hybrid_bins_splitC.csv,bin_eval=complexity_bin:complex_q3; stage=OOD; eval_track=deployment_threshold; n_total=192; n_pos=20; n_neg=172,OOD_BIN_COMPLEXITY_BIN_COMPLEX_Q3,,
C,hybrid,HYBRID_SEM_LEARNED_META_FUSION,deployment_threshold,OOD,ood_test_injection,complexity_bin,complex_q3,169,81,88,0.6568,0.6464,0.6685,0.7227,0.0,0.2099,0.2469,0.1358,28.0,62.9645,0.8462,5.401,metrics_hybrid_bins_splitC__ood-ood_test_injection.csv,bin_eval=complexity_bin:complex_q3; stage=OOD; eval_track=deployment_threshold; n_total=169; n_pos=81; n_neg=88; ood_name=ood_test_injection,OOD_BIN_COMPLEXITY_BIN_COMPLEX_Q3,,
C,hybrid,HYBRID_SEM_LEARNED_META_FUSION,deployment_threshold,OOD,ood_test_injection_standard,complexity_bin,complex_q3,996,505,491,0.6456,0.6346,0.6557,0.6857,0.0,0.1545,0.2475,0.1921,85.0,81.0241,0.7857,5.047,metrics_hybrid_bins_splitC__ood-ood_test_injection_standard.csv,bin_eval=complexity_bin:complex_q3; stage=OOD; eval_track=deployment_threshold; n_total=996; n_pos=505; n_neg=491; ood_name=ood_test_injection_standard,OOD_BIN_COMPLEXITY_BIN_COMPLEX_Q3,,
C,semantic,SEM_LOGREG_BGE,deployment_threshold,OOD,ood_test,complexity_bin,complex_q3,192,20,172,0.6771,0.5694,0.7096,0.8852,0.5,0.6,0.85,0.15,9.0,9.2917,1.0,5.0,metrics_semantic_bins_splitC.csv,bin_eval=complexity_bin:complex_q3; stage=OOD; eval_track=deployment_threshold; n_total=192; n_pos=20; n_neg=172; ood_name=ood_test,OOD_BIN_COMPLEXITY_BIN_COMPLEX_Q3,,
C,semantic,SEM_LOGREG_BGE,deployment_threshold,OOD,ood_test_injection,complexity_bin,complex_q3,169,81,88,0.5858,0.5571,0.6588,0.6905,0.0123,0.2346,0.2593,0.1235,28.0,62.9645,0.8462,5.401,metrics_semantic_bins_splitC__ood-ood_test_injection.csv,bin_eval=complexity_bin:complex_q3; stage=OOD; eval_track=deployment_threshold; n_total=169; n_pos=81; n_neg=88; ood_name=ood_test_injection,OOD_BIN_COMPLEXITY_BIN_COMPLEX_Q3,,
C,semantic,SEM_LOGREG_BGE,deployment_threshold,OOD,ood_test_injection_standard,complexity_bin,complex_q3,996,505,491,0.6596,0.6443,0.7025,0.7357,0.0238,0.1564,0.299,0.1446,85.0,81.0241,0.7857,5.047,metrics_semantic_bins_splitC__ood-ood_test_injection_standard.csv,bin_eval=complexity_bin:complex_q3; stage=OOD; eval_track=deployment_threshold; n_total=996; n_pos=505; n_neg=491; ood_name=ood_test_injection_standard,OOD_BIN_COMPLEXITY_BIN_COMPLEX_Q3,,
C,ablation,M1_TFIDF_ONLY,deployment_threshold,OOD,ood_test_injection,complexity_bin,complex_q4,170,3,167,0.9176,0.4785,0.0737,0.7096,0.0,0.0,0.6667,1.0,16.0,15.9824,1.0,5.3717,metrics_ablation_bins_splitC__ood-ood_test_injection.csv,bin_eval=complexity_bin:complex_q4; stage=OOD; eval_track=deployment_threshold; n_total=170; n_pos=3; n_neg=167; ood_name=ood_test_injection,OOD_BIN_COMPLEXITY_BIN_COMPLEX_Q4,,
C,ablation,M1_TFIDF_ONLY,deployment_threshold,OOD,ood_test_injection_standard,complexity_bin,complex_q4,997,199,798,0.8144,0.5755,0.4795,0.7647,0.1156,0.3216,0.392,0.8392,12.0,17.7252,1.0,4.5238,metrics_ablation_bins_splitC__ood-ood_test_injection_standard.csv,bin_eval=complexity_bin:complex_q4; stage=OOD; eval_track=deployment_threshold; n_total=997; n_pos=199; n_neg=798; ood_name=ood_test_injection_standard,OOD_BIN_COMPLEXITY_BIN_COMPLEX_Q4,,
C,ablation,M1_TFIDF_ONLY,ranking,OOD,ood_test_injection,complexity_bin,complex_q4,170,3,167,0.4647,0.3353,0.0737,0.7096,0.0,0.0,0.6667,0.3333,16.0,15.9824,1.0,5.3717,metrics_ablation_bins_splitC__ood-ood_test_injection.csv,bin_eval=complexity_bin:complex_q4; stage=OOD; eval_track=ranking; n_total=170; n_pos=3; n_neg=167; ood_name=ood_test_injection,OOD_BIN_COMPLEXITY_BIN_COMPLEX_Q4,,
C,ablation,M1_TFIDF_ONLY,ranking,OOD,ood_test_injection_standard,complexity_bin,complex_q4,997,199,798,0.7041,0.6333,0.4795,0.7647,0.1156,0.3216,0.392,0.3367,12.0,17.7252,1.0,4.5238,metrics_ablation_bins_splitC__ood-ood_test_injection_standard.csv,bin_eval=complexity_bin:complex_q4; stage=OOD; eval_track=ranking; n_total=997; n_pos=199; n_neg=798; ood_name=ood_test_injection_standard,OOD_BIN_COMPLEXITY_BIN_COMPLEX_Q4,,
C,ablation,M2_TFIDF_PLUS_FLAGS,deployment_threshold,OOD,ood_test_injection,complexity_bin,complex_q4,170,3,167,0.7471,0.4692,0.0718,0.7964,0.0,0.0,0.3333,0.3333,16.0,15.9824,1.0,5.3717,metrics_ablation_bins_splitC__ood-ood_test_injection.csv,bin_eval=complexity_bin:complex_q4; stage=OOD; eval_track=deployment_threshold; n_total=170; n_pos=3; n_neg=167; ood_name=ood_test_injection,OOD_BIN_COMPLEXITY_BIN_COMPLEX_Q4,,
C,ablation,M2_TFIDF_PLUS_FLAGS,deployment_threshold,OOD,ood_test_injection_standard,complexity_bin,complex_q4,997,199,798,0.7803,0.6108,0.3977,0.715,0.0553,0.196,0.3015,0.6985,12.0,17.7252,1.0,4.5238,metrics_ablation_bins_splitC__ood-ood_test_injection_standard.csv,bin_eval=complexity_bin:complex_q4; stage=OOD; eval_track=deployment_threshold; n_total=997; n_pos=199; n_neg=798; ood_name=ood_test_injection_standard,OOD_BIN_COMPLEXITY_BIN_COMPLEX_Q4,,
C,ablation,M2_TFIDF_PLUS_FLAGS,ranking,OOD,ood_test_injection,complexity_bin,complex_q4,170,3,167,0.0882,0.0857,0.0718,0.7964,0.0,0.0,0.3333,0.0,16.0,15.9824,1.0,5.3717,metrics_ablation_bins_splitC__ood-ood_test_injection.csv,bin_eval=complexity_bin:complex_q4; stage=OOD; eval_track=ranking; n_total=170; n_pos=3; n_neg=167; ood_name=ood_test_injection,OOD_BIN_COMPLEXITY_BIN_COMPLEX_Q4,,
C,ablation,M2_TFIDF_PLUS_FLAGS,ranking,OOD,ood_test_injection_standard,complexity_bin,complex_q4,997,199,798,0.4674,0.4593,0.3977,0.715,0.0553,0.196,0.3015,0.1357,12.0,17.7252,1.0,4.5238,metrics_ablation_bins_splitC__ood-ood_test_injection_standard.csv,bin_eval=complexity_bin:complex_q4; stage=OOD; eval_track=ranking; n_total=997; n_pos=199; n_neg=798; ood_name=ood_test_injection_standard,OOD_BIN_COMPLEXITY_BIN_COMPLEX_Q4,,
C,ablation,M3_TFIDF_PLUS_FLAGS_PLUS_IBVS_V1_TOTAL,deployment_threshold,OOD,ood_test_injection,complexity_bin,complex_q4,170,3,167,0.6706,0.4477,0.0498,0.7764,0.0,0.0,0.0,0.0,16.0,15.9824,1.0,5.3717,metrics_ablation_bins_splitC__ood-ood_test_injection.csv,bin_eval=complexity_bin:complex_q4; stage=OOD; eval_track=deployment_threshold; n_total=170; n_pos=3; n_neg=167; ood_name=ood_test_injection,OOD_BIN_COMPLEXITY_BIN_COMPLEX_Q4,,
C,ablation,M3_TFIDF_PLUS_FLAGS_PLUS_IBVS_V1_TOTAL,deployment_threshold,OOD,ood_test_injection_standard,complexity_bin,complex_q4,997,199,798,0.7412,0.6213,0.3838,0.7123,0.0553,0.196,0.3116,0.5528,12.0,17.7252,1.0,4.5238,metrics_ablation_bins_splitC__ood-ood_test_injection_standard.csv,bin_eval=complexity_bin:complex_q4; stage=OOD; eval_track=deployment_threshold; n_total=997; n_pos=199; n_neg=798; ood_name=ood_test_injection_standard,OOD_BIN_COMPLEXITY_BIN_COMPLEX_Q4,,
C,ablation,M3_TFIDF_PLUS_FLAGS_PLUS_IBVS_V1_TOTAL,ranking,OOD,ood_test_injection,complexity_bin,complex_q4,170,3,167,0.3118,0.2548,0.0498,0.7764,0.0,0.0,0.0,0.0,16.0,15.9824,1.0,5.3717,metrics_ablation_bins_splitC__ood-ood_test_injection.csv,bin_eval=complexity_bin:complex_q4; stage=OOD; eval_track=ranking; n_total=170; n_pos=3; n_neg=167; ood_name=ood_test_injection,OOD_BIN_COMPLEXITY_BIN_COMPLEX_Q4,,
C,ablation,M3_TFIDF_PLUS_FLAGS_PLUS_IBVS_V1_TOTAL,ranking,OOD,ood_test_injection_standard,complexity_bin,complex_q4,997,199,798,0.5858,0.5469,0.3838,0.7123,0.0553,0.196,0.3116,0.2663,12.0,17.7252,1.0,4.5238,metrics_ablation_bins_splitC__ood-ood_test_injection_standard.csv,bin_eval=complexity_bin:complex_q4; stage=OOD; eval_track=ranking; n_total=997; n_pos=199; n_neg=798; ood_name=ood_test_injection_standard,OOD_BIN_COMPLEXITY_BIN_COMPLEX_Q4,,
C,ablation,M3_TFIDF_PLUS_FLAGS_PLUS_IBVS_V2_STRUCTURED,deployment_threshold,OOD,ood_test_injection,complexity_bin,complex_q4,170,3,167,0.7412,0.4663,0.102,0.7904,0.0,0.3333,0.3333,0.3333,16.0,15.9824,1.0,5.3717,metrics_ablation_bins_splitC__ood-ood_test_injection.csv,bin_eval=complexity_bin:complex_q4; stage=OOD; eval_track=deployment_threshold; n_total=170; n_pos=3; n_neg=167; ood_name=ood_test_injection,OOD_BIN_COMPLEXITY_BIN_COMPLEX_Q4,,
C,ablation,M3_TFIDF_PLUS_FLAGS_PLUS_IBVS_V2_STRUCTURED,deployment_threshold,OOD,ood_test_injection_standard,complexity_bin,complex_q4,997,199,798,0.7844,0.6379,0.4159,0.7202,0.0503,0.2161,0.3568,0.6281,12.0,17.7252,1.0,4.5238,metrics_ablation_bins_splitC__ood-ood_test_injection_standard.csv,bin_eval=complexity_bin:complex_q4; stage=OOD; eval_track=deployment_threshold; n_total=997; n_pos=199; n_neg=798; ood_name=ood_test_injection_standard,OOD_BIN_COMPLEXITY_BIN_COMPLEX_Q4,,
C,ablation,M3_TFIDF_PLUS_FLAGS_PLUS_IBVS_V2_STRUCTURED,ranking,OOD,ood_test_injection,complexity_bin,complex_q4,170,3,167,0.1,0.0962,0.102,0.7904,0.0,0.3333,0.3333,0.0,16.0,15.9824,1.0,5.3717,metrics_ablation_bins_splitC__ood-ood_test_injection.csv,bin_eval=complexity_bin:complex_q4; stage=OOD; eval_track=ranking; n_total=170; n_pos=3; n_neg=167; ood_name=ood_test_injection,OOD_BIN_COMPLEXITY_BIN_COMPLEX_Q4,,
C,ablation,M3_TFIDF_PLUS_FLAGS_PLUS_IBVS_V2_STRUCTURED,ranking,OOD,ood_test_injection_standard,complexity_bin,complex_q4,997,199,798,0.4644,0.4569,0.4159,0.7202,0.0503,0.2161,0.3568,0.1307,12.0,17.7252,1.0,4.5238,metrics_ablation_bins_splitC__ood-ood_test_injection_standard.csv,bin_eval=complexity_bin:complex_q4; stage=OOD; eval_track=ranking; n_total=997; n_pos=199; n_neg=798; ood_name=ood_test_injection_standard,OOD_BIN_COMPLEXITY_BIN_COMPLEX_Q4,,
C,ablation,M3_TFIDF_PLUS_FLAGS_PLUS_IBVS_V2_TAILCAL,deployment_threshold,OOD,ood_test_injection,complexity_bin,complex_q4,170,3,167,0.8412,0.4911,0.0581,0.7625,0.0,0.0,0.3333,0.6667,16.0,15.9824,1.0,5.3717,metrics_ablation_bins_splitC__ood-ood_test_injection.csv,bin_eval=complexity_bin:complex_q4; stage=OOD; eval_track=deployment_threshold; n_total=170; n_pos=3; n_neg=167; ood_name=ood_test_injection,OOD_BIN_COMPLEXITY_BIN_COMPLEX_Q4,,
C,ablation,M3_TFIDF_PLUS_FLAGS_PLUS_IBVS_V2_TAILCAL,deployment_threshold,OOD,ood_test_injection_standard,complexity_bin,complex_q4,997,199,798,0.7984,0.5933,0.3997,0.7089,0.0603,0.206,0.3216,0.7789,12.0,17.7252,1.0,4.5238,metrics_ablation_bins_splitC__ood-ood_test_injection_standard.csv,bin_eval=complexity_bin:complex_q4; stage=OOD; eval_track=deployment_threshold; n_total=997; n_pos=199; n_neg=798; ood_name=ood_test_injection_standard,OOD_BIN_COMPLEXITY_BIN_COMPLEX_Q4,,
C,ablation,M3_TFIDF_PLUS_FLAGS_PLUS_IBVS_V2_TAILCAL,ranking,OOD,ood_test_injection,complexity_bin,complex_q4,170,3,167,0.1235,0.1167,0.0581,0.7625,0.0,0.0,0.3333,0.0,16.0,15.9824,1.0,5.3717,metrics_ablation_bins_splitC__ood-ood_test_injection.csv,bin_eval=complexity_bin:complex_q4; stage=OOD; eval_track=ranking; n_total=170; n_pos=3; n_neg=167; ood_name=ood_test_injection,OOD_BIN_COMPLEXITY_BIN_COMPLEX_Q4,,
C,ablation,M3_TFIDF_PLUS_FLAGS_PLUS_IBVS_V2_TAILCAL,ranking,OOD,ood_test_injection_standard,complexity_bin,complex_q4,997,199,798,0.4744,0.464,0.3997,0.7089,0.0603,0.206,0.3216,0.1608,12.0,17.7252,1.0,4.5238,metrics_ablation_bins_splitC__ood-ood_test_injection_standard.csv,bin_eval=complexity_bin:complex_q4; stage=OOD; eval_track=ranking; n_total=997; n_pos=199; n_neg=798; ood_name=ood_test_injection_standard,OOD_BIN_COMPLEXITY_BIN_COMPLEX_Q4,,
C,ablation,M3_TFIDF_PLUS_FLAGS_PLUS_IBVS_V2_TOTAL,deployment_threshold,OOD,ood_test_injection,complexity_bin,complex_q4,170,3,167,0.7882,0.49,0.0561,0.7465,0.0,0.0,0.3333,0.3333,16.0,15.9824,1.0,5.3717,metrics_ablation_bins_splitC__ood-ood_test_injection.csv,bin_eval=complexity_bin:complex_q4; stage=OOD; eval_track=deployment_threshold; n_total=170; n_pos=3; n_neg=167; ood_name=ood_test_injection,OOD_BIN_COMPLEXITY_BIN_COMPLEX_Q4,,
C,ablation,M3_TFIDF_PLUS_FLAGS_PLUS_IBVS_V2_TOTAL,deployment_threshold,OOD,ood_test_injection_standard,complexity_bin,complex_q4,997,199,798,0.7924,0.6232,0.4003,0.7076,0.0653,0.191,0.3266,0.6935,12.0,17.7252,1.0,4.5238,metrics_ablation_bins_splitC__ood-ood_test_injection_standard.csv,bin_eval=complexity_bin:complex_q4; stage=OOD; eval_track=deployment_threshold; n_total=997; n_pos=199; n_neg=798; ood_name=ood_test_injection_standard,OOD_BIN_COMPLEXITY_BIN_COMPLEX_Q4,,
C,ablation,M3_TFIDF_PLUS_FLAGS_PLUS_IBVS_V2_TOTAL,ranking,OOD,ood_test_injection,complexity_bin,complex_q4,170,3,167,0.1412,0.1314,0.0561,0.7465,0.0,0.0,0.3333,0.0,16.0,15.9824,1.0,5.3717,metrics_ablation_bins_splitC__ood-ood_test_injection.csv,bin_eval=complexity_bin:complex_q4; stage=OOD; eval_track=ranking; n_total=170; n_pos=3; n_neg=167; ood_name=ood_test_injection,OOD_BIN_COMPLEXITY_BIN_COMPLEX_Q4,,
C,ablation,M3_TFIDF_PLUS_FLAGS_PLUS_IBVS_V2_TOTAL,ranking,OOD,ood_test_injection_standard,complexity_bin,complex_q4,997,199,798,0.4915,0.4777,0.4003,0.7076,0.0653,0.191,0.3266,0.1759,12.0,17.7252,1.0,4.5238,metrics_ablation_bins_splitC__ood-ood_test_injection_standard.csv,bin_eval=complexity_bin:complex_q4; stage=OOD; eval_track=ranking; n_total=997; n_pos=199; n_neg=798; ood_name=ood_test_injection_standard,OOD_BIN_COMPLEXITY_BIN_COMPLEX_Q4,,
C,ablation,M3_TFIDF_PLUS_FLAGS_PLUS_IBVS_V2_TRIPWIRE,deployment_threshold,OOD,ood_test_injection,complexity_bin,complex_q4,170,3,167,0.8235,0.5098,0.0589,0.7545,0.0,0.0,0.3333,0.3333,16.0,15.9824,1.0,5.3717,metrics_ablation_bins_splitC__ood-ood_test_injection.csv,bin_eval=complexity_bin:complex_q4; stage=OOD; eval_track=deployment_threshold; n_total=170; n_pos=3; n_neg=167; ood_name=ood_test_injection,OOD_BIN_COMPLEXITY_BIN_COMPLEX_Q4,,
C,ablation,M3_TFIDF_PLUS_FLAGS_PLUS_IBVS_V2_TRIPWIRE,deployment_threshold,OOD,ood_test_injection_standard,complexity_bin,complex_q4,997,199,798,0.7974,0.6037,0.388,0.7037,0.0503,0.1859,0.3166,0.7538,12.0,17.7252,1.0,4.5238,metrics_ablation_bins_splitC__ood-ood_test_injection_standard.csv,bin_eval=complexity_bin:complex_q4; stage=OOD; eval_track=deployment_threshold; n_total=997; n_pos=199; n_neg=798; ood_name=ood_test_injection_standard,OOD_BIN_COMPLEXITY_BIN_COMPLEX_Q4,,
C,ablation,M3_TFIDF_PLUS_FLAGS_PLUS_IBVS_V2_TRIPWIRE,ranking,OOD,ood_test_injection,complexity_bin,complex_q4,170,3,167,0.1412,0.1314,0.0589,0.7545,0.0,0.0,0.3333,0.0,16.0,15.9824,1.0,5.3717,metrics_ablation_bins_splitC__ood-ood_test_injection.csv,bin_eval=complexity_bin:complex_q4; stage=OOD; eval_track=ranking; n_total=170; n_pos=3; n_neg=167; ood_name=ood_test_injection,OOD_BIN_COMPLEXITY_BIN_COMPLEX_Q4,,
C,ablation,M3_TFIDF_PLUS_FLAGS_PLUS_IBVS_V2_TRIPWIRE,ranking,OOD,ood_test_injection_standard,complexity_bin,complex_q4,997,199,798,0.4794,0.4683,0.388,0.7037,0.0503,0.1859,0.3166,0.1608,12.0,17.7252,1.0,4.5238,metrics_ablation_bins_splitC__ood-ood_test_injection_standard.csv,bin_eval=complexity_bin:complex_q4; stage=OOD; eval_track=ranking; n_total=997; n_pos=199; n_neg=798; ood_name=ood_test_injection_standard,OOD_BIN_COMPLEXITY_BIN_COMPLEX_Q4,,
C,hybrid,HYBRID_SEM_ANCHORED_IBVS_BOOST,deployment_threshold,OOD,ood_test_injection,complexity_bin,complex_q4,170,3,167,0.5647,0.3844,0.2011,0.6886,0.0,0.6667,0.6667,0.3333,16.0,15.9824,1.0,5.3717,metrics_hybrid_bins_splitC__ood-ood_test_injection.csv,bin_eval=complexity_bin:complex_q4; stage=OOD; eval_track=deployment_threshold; n_total=170; n_pos=3; n_neg=167; ood_name=ood_test_injection,OOD_BIN_COMPLEXITY_BIN_COMPLEX_Q4,,
C,hybrid,HYBRID_SEM_ANCHORED_IBVS_BOOST,deployment_threshold,OOD,ood_test_injection_standard,complexity_bin,complex_q4,997,199,798,0.8937,0.8284,0.8122,0.9254,0.5126,0.6884,0.7789,0.3065,12.0,17.7252,1.0,4.5238,metrics_hybrid_bins_splitC__ood-ood_test_injection_standard.csv,bin_eval=complexity_bin:complex_q4; stage=OOD; eval_track=deployment_threshold; n_total=997; n_pos=199; n_neg=798; ood_name=ood_test_injection_standard,OOD_BIN_COMPLEXITY_BIN_COMPLEX_Q4,,
C,hybrid,HYBRID_SEM_ANCHORED_IBVS_BOOST_V2,deployment_threshold,OOD,ood_test_injection,complexity_bin,complex_q4,170,3,167,0.5647,0.3844,0.2011,0.6886,0.0,0.6667,0.6667,0.3333,16.0,15.9824,1.0,5.3717,metrics_hybrid_bins_splitC__ood-ood_test_injection.csv,bin_eval=complexity_bin:complex_q4; stage=OOD; eval_track=deployment_threshold; n_total=170; n_pos=3; n_neg=167; ood_name=ood_test_injection,OOD_BIN_COMPLEXITY_BIN_COMPLEX_Q4,,
C,hybrid,HYBRID_SEM_ANCHORED_IBVS_BOOST_V2,deployment_threshold,OOD,ood_test_injection_standard,complexity_bin,complex_q4,997,199,798,0.8937,0.8284,0.8122,0.9254,0.5126,0.6884,0.7789,0.3065,12.0,17.7252,1.0,4.5238,metrics_hybrid_bins_splitC__ood-ood_test_injection_standard.csv,bin_eval=complexity_bin:complex_q4; stage=OOD; eval_track=deployment_threshold; n_total=997; n_pos=199; n_neg=798; ood_name=ood_test_injection_standard,OOD_BIN_COMPLEXITY_BIN_COMPLEX_Q4,,
C,hybrid,HYBRID_SEM_ANCHORED_IBVS_VETO,deployment_threshold,OOD,ood_test_injection,complexity_bin,complex_q4,170,3,167,0.4,0.3009,0.2011,0.6886,0.0,0.6667,0.6667,0.3333,16.0,15.9824,1.0,5.3717,metrics_hybrid_bins_splitC__ood-ood_test_injection.csv,bin_eval=complexity_bin:complex_q4; stage=OOD; eval_track=deployment_threshold; n_total=170; n_pos=3; n_neg=167; ood_name=ood_test_injection,OOD_BIN_COMPLEXITY_BIN_COMPLEX_Q4,,
C,hybrid,HYBRID_SEM_ANCHORED_IBVS_VETO,deployment_threshold,OOD,ood_test_injection_standard,complexity_bin,complex_q4,997,199,798,0.8325,0.7803,0.8122,0.9254,0.5126,0.6884,0.7789,0.1357,12.0,17.7252,1.0,4.5238,metrics_hybrid_bins_splitC__ood-ood_test_injection_standard.csv,bin_eval=complexity_bin:complex_q4; stage=OOD; eval_track=deployment_threshold; n_total=997; n_pos=199; n_neg=798; ood_name=ood_test_injection_standard,OOD_BIN_COMPLEXITY_BIN_COMPLEX_Q4,,
C,hybrid,HYBRID_SEM_EXPERT_GATE_M1_M3,deployment_threshold,OOD,ood_test_injection,complexity_bin,complex_q4,170,3,167,0.6647,0.4306,0.1178,0.6976,0.0,0.0,0.6667,0.3333,16.0,15.9824,1.0,5.3717,metrics_hybrid_bins_splitC__ood-ood_test_injection.csv,bin_eval=complexity_bin:complex_q4; stage=OOD; eval_track=deployment_threshold; n_total=170; n_pos=3; n_neg=167; ood_name=ood_test_injection,OOD_BIN_COMPLEXITY_BIN_COMPLEX_Q4,,
C,hybrid,HYBRID_SEM_EXPERT_GATE_M1_M3,deployment_threshold,OOD,ood_test_injection_standard,complexity_bin,complex_q4,997,199,798,0.8726,0.7906,0.6013,0.8388,0.2261,0.2864,0.4975,0.3819,12.0,17.7252,1.0,4.5238,metrics_hybrid_bins_splitC__ood-ood_test_injection_standard.csv,bin_eval=complexity_bin:complex_q4; stage=OOD; eval_track=deployment_threshold; n_total=997; n_pos=199; n_neg=798; ood_name=ood_test_injection_standard,OOD_BIN_COMPLEXITY_BIN_COMPLEX_Q4,,
C,hybrid,HYBRID_SEM_GATE_ELSE_M3_IBVS_V2,deployment_threshold,OOD,ood_test_injection,complexity_bin,complex_q4,170,3,167,0.6824,0.4387,0.0206,0.4431,0.0,0.0,0.0,0.3333,16.0,15.9824,1.0,5.3717,metrics_hybrid_bins_splitC__ood-ood_test_injection.csv,bin_eval=complexity_bin:complex_q4; stage=OOD; eval_track=deployment_threshold; n_total=170; n_pos=3; n_neg=167; ood_name=ood_test_injection,OOD_BIN_COMPLEXITY_BIN_COMPLEX_Q4,,
C,hybrid,HYBRID_SEM_GATE_ELSE_M3_IBVS_V2,deployment_threshold,OOD,ood_test_injection_standard,complexity_bin,complex_q4,997,199,798,0.8576,0.7614,0.4625,0.7979,0.0452,0.1759,0.2714,0.4422,12.0,17.7252,1.0,4.5238,metrics_hybrid_bins_splitC__ood-ood_test_injection_standard.csv,bin_eval=complexity_bin:complex_q4; stage=OOD; eval_track=deployment_threshold; n_total=997; n_pos=199; n_neg=798; ood_name=ood_test_injection_standard,OOD_BIN_COMPLEXITY_BIN_COMPLEX_Q4,,
C,hybrid,HYBRID_SEM_LEARNED_META_FUSION,deployment_threshold,OOD,ood_test_injection,complexity_bin,complex_q4,170,3,167,0.5294,0.3676,0.0951,0.6697,0.0,0.0,0.6667,0.3333,16.0,15.9824,1.0,5.3717,metrics_hybrid_bins_splitC__ood-ood_test_injection.csv,bin_eval=complexity_bin:complex_q4; stage=OOD; eval_track=deployment_threshold; n_total=170; n_pos=3; n_neg=167; ood_name=ood_test_injection,OOD_BIN_COMPLEXITY_BIN_COMPLEX_Q4,,
C,hybrid,HYBRID_SEM_LEARNED_META_FUSION,deployment_threshold,OOD,ood_test_injection_standard,complexity_bin,complex_q4,997,199,798,0.8546,0.7762,0.6617,0.8468,0.3417,0.4925,0.6583,0.3417,12.0,17.7252,1.0,4.5238,metrics_hybrid_bins_splitC__ood-ood_test_injection_standard.csv,bin_eval=complexity_bin:complex_q4; stage=OOD; eval_track=deployment_threshold; n_total=997; n_pos=199; n_neg=798; ood_name=ood_test_injection_standard,OOD_BIN_COMPLEXITY_BIN_COMPLEX_Q4,,
C,semantic,SEM_LOGREG_BGE,deployment_threshold,OOD,ood_test_injection,complexity_bin,complex_q4,170,3,167,0.4,0.3009,0.2011,0.6886,0.0,0.6667,0.6667,0.3333,16.0,15.9824,1.0,5.3717,metrics_semantic_bins_splitC__ood-ood_test_injection.csv,bin_eval=complexity_bin:complex_q4; stage=OOD; eval_track=deployment_threshold; n_total=170; n_pos=3; n_neg=167; ood_name=ood_test_injection,OOD_BIN_COMPLEXITY_BIN_COMPLEX_Q4,,
C,semantic,SEM_LOGREG_BGE,deployment_threshold,OOD,ood_test_injection_standard,complexity_bin,complex_q4,997,199,798,0.8325,0.7803,0.8122,0.9254,0.5126,0.6884,0.7789,0.1357,12.0,17.7252,1.0,4.5238,metrics_semantic_bins_splitC__ood-ood_test_injection_standard.csv,bin_eval=complexity_bin:complex_q4; stage=OOD; eval_track=deployment_threshold; n_total=997; n_pos=199; n_neg=798; ood_name=ood_test_injection_standard,OOD_BIN_COMPLEXITY_BIN_COMPLEX_Q4,,
C,ablation,M1_TFIDF_ONLY,deployment_threshold,OOD,,length_bin,len_q1,192,28,164,0.8542,0.4607,0.2613,0.4629,0.1071,0.2143,0.25,1.0,7.0,7.2083,1.0,5.125,metrics_ablation_bins_splitC.csv,bin_eval=length_bin:len_q1; stage=OOD; eval_track=deployment_threshold; n_total=192; n_pos=28; n_neg=164,OOD_BIN_LENGTH_BIN_LEN_Q1,,
C,ablation,M1_TFIDF_ONLY,deployment_threshold,OOD,ood_test_injection,length_bin,len_q1,170,1,169,0.9824,0.4955,0.0069,0.3964,0.0,0.0,0.0,1.0,6.5,6.3529,0.8167,2.9286,metrics_ablation_bins_splitC__ood-ood_test_injection.csv,bin_eval=length_bin:len_q1; stage=OOD; eval_track=deployment_threshold; n_total=170; n_pos=1; n_neg=169; ood_name=ood_test_injection,OOD_BIN_LENGTH_BIN_LEN_Q1,,
C,ablation,M1_TFIDF_ONLY,deployment_threshold,OOD,ood_test_injection_standard,length_bin,len_q1,997,116,881,0.8736,0.516,0.2111,0.6616,0.0431,0.1552,0.2155,0.9397,12.0,13.9458,1.0,4.375,metrics_ablation_bins_splitC__ood-ood_test_injection_standard.csv,bin_eval=length_bin:len_q1; stage=OOD; eval_track=deployment_threshold; n_total=997; n_pos=116; n_neg=881; ood_name=ood_test_injection_standard,OOD_BIN_LENGTH_BIN_LEN_Q1,,
C,ablation,M1_TFIDF_ONLY,ranking,OOD,,length_bin,len_q1,192,28,164,0.651,0.5021,0.2613,0.4629,0.1071,0.2143,0.25,0.6429,7.0,7.2083,1.0,5.125,metrics_ablation_bins_splitC.csv,bin_eval=length_bin:len_q1; stage=OOD; eval_track=ranking; n_total=192; n_pos=28; n_neg=164,OOD_BIN_LENGTH_BIN_LEN_Q1,,
C,ablation,M1_TFIDF_ONLY,ranking,OOD,ood_test_injection,length_bin,len_q1,170,1,169,0.7235,0.4198,0.0069,0.3964,0.0,0.0,0.0,1.0,6.5,6.3529,0.8167,2.9286,metrics_ablation_bins_splitC__ood-ood_test_injection.csv,bin_eval=length_bin:len_q1; stage=OOD; eval_track=ranking; n_total=170; n_pos=1; n_neg=169; ood_name=ood_test_injection,OOD_BIN_LENGTH_BIN_LEN_Q1,,
C,ablation,M1_TFIDF_ONLY,ranking,OOD,ood_test_injection_standard,length_bin,len_q1,997,116,881,0.67,0.5179,0.2111,0.6616,0.0431,0.1552,0.2155,0.5345,12.0,13.9458,1.0,4.375,metrics_ablation_bins_splitC__ood-ood_test_injection_standard.csv,bin_eval=length_bin:len_q1; stage=OOD; eval_track=ranking; n_total=997; n_pos=116; n_neg=881; ood_name=ood_test_injection_standard,OOD_BIN_LENGTH_BIN_LEN_Q1,,
C,ablation,M2_TFIDF_PLUS_FLAGS,deployment_threshold,OOD,,length_bin,len_q1,192,28,164,0.8594,0.5263,0.3115,0.5334,0.1071,0.2857,0.3571,0.9286,7.0,7.2083,1.0,5.125,metrics_ablation_bins_splitC.csv,bin_eval=length_bin:len_q1; stage=OOD; eval_track=deployment_threshold; n_total=192; n_pos=28; n_neg=164,OOD_BIN_LENGTH_BIN_LEN_Q1,,
C,ablation,M2_TFIDF_PLUS_FLAGS,deployment_threshold,OOD,ood_test_injection,length_bin,len_q1,170,1,169,0.9059,0.4753,0.0333,0.8284,0.0,0.0,0.0,1.0,6.5,6.3529,0.8167,2.9286,metrics_ablation_bins_splitC__ood-ood_test_injection.csv,bin_eval=length_bin:len_q1; stage=OOD; eval_track=deployment_threshold; n_total=170; n_pos=1; n_neg=169; ood_name=ood_test_injection,OOD_BIN_LENGTH_BIN_LEN_Q1,,
C,ablation,M2_TFIDF_PLUS_FLAGS,deployment_threshold,OOD,ood_test_injection_standard,length_bin,len_q1,997,116,881,0.8154,0.5642,0.1972,0.6272,0.0345,0.1466,0.2069,0.7586,12.0,13.9458,1.0,4.375,metrics_ablation_bins_splitC__ood-ood_test_injection_standard.csv,bin_eval=length_bin:len_q1; stage=OOD; eval_track=deployment_threshold; n_total=997; n_pos=116; n_neg=881; ood_name=ood_test_injection_standard,OOD_BIN_LENGTH_BIN_LEN_Q1,,
C,ablation,M2_TFIDF_PLUS_FLAGS,ranking,OOD,,length_bin,len_q1,192,28,164,0.5469,0.4427,0.3115,0.5334,0.1071,0.2857,0.3571,0.6071,7.0,7.2083,1.0,5.125,metrics_ablation_bins_splitC.csv,bin_eval=length_bin:len_q1; stage=OOD; eval_track=ranking; n_total=192; n_pos=28; n_neg=164,OOD_BIN_LENGTH_BIN_LEN_Q1,,
C,ablation,M2_TFIDF_PLUS_FLAGS,ranking,OOD,ood_test_injection,length_bin,len_q1,170,1,169,0.5118,0.349,0.0333,0.8284,0.0,0.0,0.0,0.0,6.5,6.3529,0.8167,2.9286,metrics_ablation_bins_splitC__ood-ood_test_injection.csv,bin_eval=length_bin:len_q1; stage=OOD; eval_track=ranking; n_total=170; n_pos=1; n_neg=169; ood_name=ood_test_injection,OOD_BIN_LENGTH_BIN_LEN_Q1,,
C,ablation,M2_TFIDF_PLUS_FLAGS,ranking,OOD,ood_test_injection_standard,length_bin,len_q1,997,116,881,0.4002,0.3709,0.1972,0.6272,0.0345,0.1466,0.2069,0.2069,12.0,13.9458,1.0,4.375,metrics_ablation_bins_splitC__ood-ood_test_injection_standard.csv,bin_eval=length_bin:len_q1; stage=OOD; eval_track=ranking; n_total=997; n_pos=116; n_neg=881; ood_name=ood_test_injection_standard,OOD_BIN_LENGTH_BIN_LEN_Q1,,
C,ablation,M3_TFIDF_PLUS_FLAGS_PLUS_IBVS_V1_TOTAL,deployment_threshold,OOD,,length_bin,len_q1,192,28,164,0.8542,0.5482,0.2837,0.5405,0.0357,0.25,0.3214,0.8929,7.0,7.2083,1.0,5.125,metrics_ablation_bins_splitC.csv,bin_eval=length_bin:len_q1; stage=OOD; eval_track=deployment_threshold; n_total=192; n_pos=28; n_neg=164,OOD_BIN_LENGTH_BIN_LEN_Q1,,
C,ablation,M3_TFIDF_PLUS_FLAGS_PLUS_IBVS_V1_TOTAL,deployment_threshold,OOD,ood_test_injection,length_bin,len_q1,170,1,169,0.8765,0.5104,0.0455,0.8757,0.0,0.0,0.0,0.0,6.5,6.3529,0.8167,2.9286,metrics_ablation_bins_splitC__ood-ood_test_injection.csv,bin_eval=length_bin:len_q1; stage=OOD; eval_track=deployment_threshold; n_total=170; n_pos=1; n_neg=169; ood_name=ood_test_injection,OOD_BIN_LENGTH_BIN_LEN_Q1,,
C,ablation,M3_TFIDF_PLUS_FLAGS_PLUS_IBVS_V1_TOTAL,deployment_threshold,OOD,ood_test_injection_standard,length_bin,len_q1,997,116,881,0.7623,0.5644,0.1994,0.6387,0.0345,0.1207,0.25,0.6207,12.0,13.9458,1.0,4.375,metrics_ablation_bins_splitC__ood-ood_test_injection_standard.csv,bin_eval=length_bin:len_q1; stage=OOD; eval_track=deployment_threshold; n_total=997; n_pos=116; n_neg=881; ood_name=ood_test_injection_standard,OOD_BIN_LENGTH_BIN_LEN_Q1,,
C,ablation,M3_TFIDF_PLUS_FLAGS_PLUS_IBVS_V1_TOTAL,ranking,OOD,,length_bin,len_q1,192,28,164,0.7083,0.5495,0.2837,0.5405,0.0357,0.25,0.3214,0.6071,7.0,7.2083,1.0,5.125,metrics_ablation_bins_splitC.csv,bin_eval=length_bin:len_q1; stage=OOD; eval_track=ranking; n_total=192; n_pos=28; n_neg=164,OOD_BIN_LENGTH_BIN_LEN_Q1,,
C,ablation,M3_TFIDF_PLUS_FLAGS_PLUS_IBVS_V1_TOTAL,ranking,OOD,ood_test_injection,length_bin,len_q1,170,1,169,0.6529,0.4107,0.0455,0.8757,0.0,0.0,0.0,0.0,6.5,6.3529,0.8167,2.9286,metrics_ablation_bins_splitC__ood-ood_test_injection.csv,bin_eval=length_bin:len_q1; stage=OOD; eval_track=ranking; n_total=170; n_pos=1; n_neg=169; ood_name=ood_test_injection,OOD_BIN_LENGTH_BIN_LEN_Q1,,
C,ablation,M3_TFIDF_PLUS_FLAGS_PLUS_IBVS_V1_TOTAL,ranking,OOD,ood_test_injection_standard,length_bin,len_q1,997,116,881,0.5376,0.4531,0.1994,0.6387,0.0345,0.1207,0.25,0.3793,12.0,13.9458,1.0,4.375,metrics_ablation_bins_splitC__ood-ood_test_injection_standard.csv,bin_eval=length_bin:len_q1; stage=OOD; eval_track=ranking; n_total=997; n_pos=116; n_neg=881; ood_name=ood_test_injection_standard,OOD_BIN_LENGTH_BIN_LEN_Q1,,
C,ablation,M3_TFIDF_PLUS_FLAGS_PLUS_IBVS_V2_STRUCTURED,deployment_threshold,OOD,,length_bin,len_q1,192,28,164,0.8646,0.5568,0.3052,0.5195,0.1071,0.3214,0.3214,0.8929,7.0,7.2083,1.0,5.125,metrics_ablation_bins_splitC.csv,bin_eval=length_bin:len_q1; stage=OOD; eval_track=deployment_threshold; n_total=192; n_pos=28; n_neg=164,OOD_BIN_LENGTH_BIN_LEN_Q1,,
C,ablation,M3_TFIDF_PLUS_FLAGS_PLUS_IBVS_V2_STRUCTURED,deployment_threshold,OOD,ood_test_injection,length_bin,len_q1,170,1,169,0.8941,0.472,0.0345,0.8343,0.0,0.0,0.0,1.0,6.5,6.3529,0.8167,2.9286,metrics_ablation_bins_splitC__ood-ood_test_injection.csv,bin_eval=length_bin:len_q1; stage=OOD; eval_track=deployment_threshold; n_total=170; n_pos=1; n_neg=169; ood_name=ood_test_injection,OOD_BIN_LENGTH_BIN_LEN_Q1,,
C,ablation,M3_TFIDF_PLUS_FLAGS_PLUS_IBVS_V2_STRUCTURED,deployment_threshold,OOD,ood_test_injection_standard,length_bin,len_q1,997,116,881,0.8114,0.5815,0.2185,0.637,0.0259,0.1552,0.25,0.6983,12.0,13.9458,1.0,4.375,metrics_ablation_bins_splitC__ood-ood_test_injection_standard.csv,bin_eval=length_bin:len_q1; stage=OOD; eval_track=deployment_threshold; n_total=997; n_pos=116; n_neg=881; ood_name=ood_test_injection_standard,OOD_BIN_LENGTH_BIN_LEN_Q1,,
C,ablation,M3_TFIDF_PLUS_FLAGS_PLUS_IBVS_V2_STRUCTURED,ranking,OOD,,length_bin,len_q1,192,28,164,0.5625,0.4527,0.3052,0.5195,0.1071,0.3214,0.3214,0.6071,7.0,7.2083,1.0,5.125,metrics_ablation_bins_splitC.csv,bin_eval=length_bin:len_q1; stage=OOD; eval_track=ranking; n_total=192; n_pos=28; n_neg=164,OOD_BIN_LENGTH_BIN_LEN_Q1,,
C,ablation,M3_TFIDF_PLUS_FLAGS_PLUS_IBVS_V2_STRUCTURED,ranking,OOD,ood_test_injection,length_bin,len_q1,170,1,169,0.5118,0.349,0.0345,0.8343,0.0,0.0,0.0,0.0,6.5,6.3529,0.8167,2.9286,metrics_ablation_bins_splitC__ood-ood_test_injection.csv,bin_eval=length_bin:len_q1; stage=OOD; eval_track=ranking; n_total=170; n_pos=1; n_neg=169; ood_name=ood_test_injection,OOD_BIN_LENGTH_BIN_LEN_Q1,,
C,ablation,M3_TFIDF_PLUS_FLAGS_PLUS_IBVS_V2_STRUCTURED,ranking,OOD,ood_test_injection_standard,length_bin,len_q1,997,116,881,0.3952,0.3677,0.2185,0.637,0.0259,0.1552,0.25,0.1983,12.0,13.9458,1.0,4.375,metrics_ablation_bins_splitC__ood-ood_test_injection_standard.csv,bin_eval=length_bin:len_q1; stage=OOD; eval_track=ranking; n_total=997; n_pos=116; n_neg=881; ood_name=ood_test_injection_standard,OOD_BIN_LENGTH_BIN_LEN_Q1,,
C,ablation,M3_TFIDF_PLUS_FLAGS_PLUS_IBVS_V2_TAILCAL,deployment_threshold,OOD,,length_bin,len_q1,192,28,164,0.849,0.4592,0.2975,0.5219,0.1071,0.3214,0.3214,1.0,7.0,7.2083,1.0,5.125,metrics_ablation_bins_splitC.csv,bin_eval=length_bin:len_q1; stage=OOD; eval_track=deployment_threshold; n_total=192; n_pos=28; n_neg=164,OOD_BIN_LENGTH_BIN_LEN_Q1,,
C,ablation,M3_TFIDF_PLUS_FLAGS_PLUS_IBVS_V2_TAILCAL,deployment_threshold,OOD,ood_test_injection,length_bin,len_q1,170,1,169,0.9353,0.4833,0.0323,0.8225,0.0,0.0,0.0,1.0,6.5,6.3529,0.8167,2.9286,metrics_ablation_bins_splitC__ood-ood_test_injection.csv,bin_eval=length_bin:len_q1; stage=OOD; eval_track=deployment_threshold; n_total=170; n_pos=1; n_neg=169; ood_name=ood_test_injection,OOD_BIN_LENGTH_BIN_LEN_Q1,,
C,ablation,M3_TFIDF_PLUS_FLAGS_PLUS_IBVS_V2_TAILCAL,deployment_threshold,OOD,ood_test_injection_standard,length_bin,len_q1,997,116,881,0.8455,0.5682,0.2161,0.6246,0.069,0.1638,0.2328,0.8103,12.0,13.9458,1.0,4.375,metrics_ablation_bins_splitC__ood-ood_test_injection_standard.csv,bin_eval=length_bin:len_q1; stage=OOD; eval_track=deployment_threshold; n_total=997; n_pos=116; n_neg=881; ood_name=ood_test_injection_standard,OOD_BIN_LENGTH_BIN_LEN_Q1,,
C,ablation,M3_TFIDF_PLUS_FLAGS_PLUS_IBVS_V2_TAILCAL,ranking,OOD,,length_bin,len_q1,192,28,164,0.5625,0.4527,0.2975,0.5219,0.1071,0.3214,0.3214,0.6071,7.0,7.2083,1.0,5.125,metrics_ablation_bins_splitC.csv,bin_eval=length_bin:len_q1; stage=OOD; eval_track=ranking; n_total=192; n_pos=28; n_neg=164,OOD_BIN_LENGTH_BIN_LEN_Q1,,
C,ablation,M3_TFIDF_PLUS_FLAGS_PLUS_IBVS_V2_TAILCAL,ranking,OOD,ood_test_injection,length_bin,len_q1,170,1,169,0.5235,0.3545,0.0323,0.8225,0.0,0.0,0.0,0.0,6.5,6.3529,0.8167,2.9286,metrics_ablation_bins_splitC__ood-ood_test_injection.csv,bin_eval=length_bin:len_q1; stage=OOD; eval_track=ranking; n_total=170; n_pos=1; n_neg=169; ood_name=ood_test_injection,OOD_BIN_LENGTH_BIN_LEN_Q1,,
C,ablation,M3_TFIDF_PLUS_FLAGS_PLUS_IBVS_V2_TAILCAL,ranking,OOD,ood_test_injection_standard,length_bin,len_q1,997,116,881,0.4082,0.3747,0.2161,0.6246,0.069,0.1638,0.2328,0.2414,12.0,13.9458,1.0,4.375,metrics_ablation_bins_splitC__ood-ood_test_injection_standard.csv,bin_eval=length_bin:len_q1; stage=OOD; eval_track=ranking; n_total=997; n_pos=116; n_neg=881; ood_name=ood_test_injection_standard,OOD_BIN_LENGTH_BIN_LEN_Q1,,
C,ablation,M3_TFIDF_PLUS_FLAGS_PLUS_IBVS_V2_TOTAL,deployment_threshold,OOD,,length_bin,len_q1,192,28,164,0.849,0.4592,0.3049,0.5336,0.1071,0.3214,0.3214,1.0,7.0,7.2083,1.0,5.125,metrics_ablation_bins_splitC.csv,bin_eval=length_bin:len_q1; stage=OOD; eval_track=deployment_threshold; n_total=192; n_pos=28; n_neg=164,OOD_BIN_LENGTH_BIN_LEN_Q1,,
C,ablation,M3_TFIDF_PLUS_FLAGS_PLUS_IBVS_V2_TOTAL,deployment_threshold,OOD,ood_test_injection,length_bin,len_q1,170,1,169,0.9059,0.4753,0.0294,0.8047,0.0,0.0,0.0,1.0,6.5,6.3529,0.8167,2.9286,metrics_ablation_bins_splitC__ood-ood_test_injection.csv,bin_eval=length_bin:len_q1; stage=OOD; eval_track=deployment_threshold; n_total=170; n_pos=1; n_neg=169; ood_name=ood_test_injection,OOD_BIN_LENGTH_BIN_LEN_Q1,,
C,ablation,M3_TFIDF_PLUS_FLAGS_PLUS_IBVS_V2_TOTAL,deployment_threshold,OOD,ood_test_injection_standard,length_bin,len_q1,997,116,881,0.8265,0.5733,0.2215,0.6295,0.0862,0.1466,0.2414,0.7586,12.0,13.9458,1.0,4.375,metrics_ablation_bins_splitC__ood-ood_test_injection_standard.csv,bin_eval=length_bin:len_q1; stage=OOD; eval_track=deployment_threshold; n_total=997; n_pos=116; n_neg=881; ood_name=ood_test_injection_standard,OOD_BIN_LENGTH_BIN_LEN_Q1,,
C,ablation,M3_TFIDF_PLUS_FLAGS_PLUS_IBVS_V2_TOTAL,ranking,OOD,,length_bin,len_q1,192,28,164,0.5885,0.4693,0.3049,0.5336,0.1071,0.3214,0.3214,0.6071,7.0,7.2083,1.0,5.125,metrics_ablation_bins_splitC.csv,bin_eval=length_bin:len_q1; stage=OOD; eval_track=ranking; n_total=192; n_pos=28; n_neg=164,OOD_BIN_LENGTH_BIN_LEN_Q1,,
C,ablation,M3_TFIDF_PLUS_FLAGS_PLUS_IBVS_V2_TOTAL,ranking,OOD,ood_test_injection,length_bin,len_q1,170,1,169,0.5588,0.3704,0.0294,0.8047,0.0,0.0,0.0,0.0,6.5,6.3529,0.8167,2.9286,metrics_ablation_bins_splitC__ood-ood_test_injection.csv,bin_eval=length_bin:len_q1; stage=OOD; eval_track=ranking; n_total=170; n_pos=1; n_neg=169; ood_name=ood_test_injection,OOD_BIN_LENGTH_BIN_LEN_Q1,,
C,ablation,M3_TFIDF_PLUS_FLAGS_PLUS_IBVS_V2_TOTAL,ranking,OOD,ood_test_injection_standard,length_bin,len_q1,997,116,881,0.4283,0.3883,0.2215,0.6295,0.0862,0.1466,0.2414,0.2586,12.0,13.9458,1.0,4.375,metrics_ablation_bins_splitC__ood-ood_test_injection_standard.csv,bin_eval=length_bin:len_q1; stage=OOD; eval_track=ranking; n_total=997; n_pos=116; n_neg=881; ood_name=ood_test_injection_standard,OOD_BIN_LENGTH_BIN_LEN_Q1,,
C,ablation,M3_TFIDF_PLUS_FLAGS_PLUS_IBVS_V2_TRIPWIRE,deployment_threshold,OOD,,length_bin,len_q1,192,28,164,0.849,0.4592,0.3034,0.5389,0.1071,0.3214,0.3214,1.0,7.0,7.2083,1.0,5.125,metrics_ablation_bins_splitC.csv,bin_eval=length_bin:len_q1; stage=OOD; eval_track=deployment_threshold; n_total=192; n_pos=28; n_neg=164,OOD_BIN_LENGTH_BIN_LEN_Q1,,
C,ablation,M3_TFIDF_PLUS_FLAGS_PLUS_IBVS_V2_TRIPWIRE,deployment_threshold,OOD,ood_test_injection,length_bin,len_q1,170,1,169,0.9235,0.4801,0.0263,0.7811,0.0,0.0,0.0,1.0,6.5,6.3529,0.8167,2.9286,metrics_ablation_bins_splitC__ood-ood_test_injection.csv,bin_eval=length_bin:len_q1; stage=OOD; eval_track=deployment_threshold; n_total=170; n_pos=1; n_neg=169; ood_name=ood_test_injection,OOD_BIN_LENGTH_BIN_LEN_Q1,,
C,ablation,M3_TFIDF_PLUS_FLAGS_PLUS_IBVS_V2_TRIPWIRE,deployment_threshold,OOD,ood_test_injection_standard,length_bin,len_q1,997,116,881,0.8355,0.5599,0.2053,0.625,0.0345,0.1379,0.2155,0.8103,12.0,13.9458,1.0,4.375,metrics_ablation_bins_splitC__ood-ood_test_injection_standard.csv,bin_eval=length_bin:len_q1; stage=OOD; eval_track=deployment_threshold; n_total=997; n_pos=116; n_neg=881; ood_name=ood_test_injection_standard,OOD_BIN_LENGTH_BIN_LEN_Q1,,
C,ablation,M3_TFIDF_PLUS_FLAGS_PLUS_IBVS_V2_TRIPWIRE,ranking,OOD,,length_bin,len_q1,192,28,164,0.6042,0.4794,0.3034,0.5389,0.1071,0.3214,0.3214,0.6071,7.0,7.2083,1.0,5.125,metrics_ablation_bins_splitC.csv,bin_eval=length_bin:len_q1; stage=OOD; eval_track=ranking; n_total=192; n_pos=28; n_neg=164,OOD_BIN_LENGTH_BIN_LEN_Q1,,
C,ablation,M3_TFIDF_PLUS_FLAGS_PLUS_IBVS_V2_TRIPWIRE,ranking,OOD,ood_test_injection,length_bin,len_q1,170,1,169,0.5412,0.3625,0.0263,0.7811,0.0,0.0,0.0,0.0,6.5,6.3529,0.8167,2.9286,metrics_ablation_bins_splitC__ood-ood_test_injection.csv,bin_eval=length_bin:len_q1; stage=OOD; eval_track=ranking; n_total=170; n_pos=1; n_neg=169; ood_name=ood_test_injection,OOD_BIN_LENGTH_BIN_LEN_Q1,,
C,ablation,M3_TFIDF_PLUS_FLAGS_PLUS_IBVS_V2_TRIPWIRE,ranking,OOD,ood_test_injection_standard,length_bin,len_q1,997,116,881,0.4162,0.38,0.2053,0.625,0.0345,0.1379,0.2155,0.25,12.0,13.9458,1.0,4.375,metrics_ablation_bins_splitC__ood-ood_test_injection_standard.csv,bin_eval=length_bin:len_q1; stage=OOD; eval_track=ranking; n_total=997; n_pos=116; n_neg=881; ood_name=ood_test_injection_standard,OOD_BIN_LENGTH_BIN_LEN_Q1,,
C,hybrid,HYBRID_SEM_ANCHORED_IBVS_BOOST,deployment_threshold,OOD,,length_bin,len_q1,192,28,164,0.8438,0.6768,0.5123,0.8299,0.1786,0.3214,0.4286,0.5714,7.0,7.2083,1.0,5.125,metrics_hybrid_bins_splitC.csv,bin_eval=length_bin:len_q1; stage=OOD; eval_track=deployment_threshold; n_total=192; n_pos=28; n_neg=164,OOD_BIN_LENGTH_BIN_LEN_Q1,,
C,hybrid,HYBRID_SEM_ANCHORED_IBVS_BOOST,deployment_threshold,OOD,ood_test_injection,length_bin,len_q1,170,1,169,0.7765,0.4371,0.0068,0.1302,0.0,0.0,0.0,1.0,6.5,6.3529,0.8167,2.9286,metrics_hybrid_bins_splitC__ood-ood_test_injection.csv,bin_eval=length_bin:len_q1; stage=OOD; eval_track=deployment_threshold; n_total=170; n_pos=1; n_neg=169; ood_name=ood_test_injection,OOD_BIN_LENGTH_BIN_LEN_Q1,,
C,hybrid,HYBRID_SEM_ANCHORED_IBVS_BOOST,deployment_threshold,OOD,ood_test_injection_standard,length_bin,len_q1,997,116,881,0.9228,0.8257,0.8004,0.9476,0.5776,0.7586,0.8362,0.2414,12.0,13.9458,1.0,4.375,metrics_hybrid_bins_splitC__ood-ood_test_injection_standard.csv,bin_eval=length_bin:len_q1; stage=OOD; eval_track=deployment_threshold; n_total=997; n_pos=116; n_neg=881; ood_name=ood_test_injection_standard,OOD_BIN_LENGTH_BIN_LEN_Q1,,
C,hybrid,HYBRID_SEM_ANCHORED_IBVS_BOOST_V2,deployment_threshold,OOD,,length_bin,len_q1,192,28,164,0.8438,0.6768,0.5123,0.8299,0.1786,0.3214,0.4286,0.5714,7.0,7.2083,1.0,5.125,metrics_hybrid_bins_splitC.csv,bin_eval=length_bin:len_q1; stage=OOD; eval_track=deployment_threshold; n_total=192; n_pos=28; n_neg=164,OOD_BIN_LENGTH_BIN_LEN_Q1,,
C,hybrid,HYBRID_SEM_ANCHORED_IBVS_BOOST_V2,deployment_threshold,OOD,ood_test_injection,length_bin,len_q1,170,1,169,0.7765,0.4371,0.0068,0.1302,0.0,0.0,0.0,1.0,6.5,6.3529,0.8167,2.9286,metrics_hybrid_bins_splitC__ood-ood_test_injection.csv,bin_eval=length_bin:len_q1; stage=OOD; eval_track=deployment_threshold; n_total=170; n_pos=1; n_neg=169; ood_name=ood_test_injection,OOD_BIN_LENGTH_BIN_LEN_Q1,,
C,hybrid,HYBRID_SEM_ANCHORED_IBVS_BOOST_V2,deployment_threshold,OOD,ood_test_injection_standard,length_bin,len_q1,997,116,881,0.9228,0.8257,0.8004,0.9476,0.5776,0.7586,0.8362,0.2414,12.0,13.9458,1.0,4.375,metrics_hybrid_bins_splitC__ood-ood_test_injection_standard.csv,bin_eval=length_bin:len_q1; stage=OOD; eval_track=deployment_threshold; n_total=997; n_pos=116; n_neg=881; ood_name=ood_test_injection_standard,OOD_BIN_LENGTH_BIN_LEN_Q1,,
C,hybrid,HYBRID_SEM_ANCHORED_IBVS_VETO,deployment_threshold,OOD,,length_bin,len_q1,192,28,164,0.6927,0.6037,0.5123,0.8299,0.1786,0.3214,0.4286,0.25,7.0,7.2083,1.0,5.125,metrics_hybrid_bins_splitC.csv,bin_eval=length_bin:len_q1; stage=OOD; eval_track=deployment_threshold; n_total=192; n_pos=28; n_neg=164,OOD_BIN_LENGTH_BIN_LEN_Q1,,
C,hybrid,HYBRID_SEM_ANCHORED_IBVS_VETO,deployment_threshold,OOD,ood_test_injection,length_bin,len_q1,170,1,169,0.6,0.375,0.0068,0.1302,0.0,0.0,0.0,1.0,6.5,6.3529,0.8167,2.9286,metrics_hybrid_bins_splitC__ood-ood_test_injection.csv,bin_eval=length_bin:len_q1; stage=OOD; eval_track=deployment_threshold; n_total=170; n_pos=1; n_neg=169; ood_name=ood_test_injection,OOD_BIN_LENGTH_BIN_LEN_Q1,,
C,hybrid,HYBRID_SEM_ANCHORED_IBVS_VETO,deployment_threshold,OOD,ood_test_injection_standard,length_bin,len_q1,997,116,881,0.8365,0.7334,0.8004,0.9476,0.5776,0.7586,0.8362,0.0776,12.0,13.9458,1.0,4.375,metrics_hybrid_bins_splitC__ood-ood_test_injection_standard.csv,bin_eval=length_bin:len_q1; stage=OOD; eval_track=deployment_threshold; n_total=997; n_pos=116; n_neg=881; ood_name=ood_test_injection_standard,OOD_BIN_LENGTH_BIN_LEN_Q1,,
C,hybrid,HYBRID_SEM_EXPERT_GATE_M1_M3,deployment_threshold,OOD,,length_bin,len_q1,192,28,164,0.849,0.6485,0.3659,0.6033,0.0,0.2857,0.3571,0.6786,7.0,7.2083,1.0,5.125,metrics_hybrid_bins_splitC.csv,bin_eval=length_bin:len_q1; stage=OOD; eval_track=deployment_threshold; n_total=192; n_pos=28; n_neg=164,OOD_BIN_LENGTH_BIN_LEN_Q1,,
C,hybrid,HYBRID_SEM_EXPERT_GATE_M1_M3,deployment_threshold,OOD,ood_test_injection,length_bin,len_q1,170,1,169,0.8353,0.4551,0.0065,0.1331,0.0,0.0,0.0,1.0,6.5,6.3529,0.8167,2.9286,metrics_hybrid_bins_splitC__ood-ood_test_injection.csv,bin_eval=length_bin:len_q1; stage=OOD; eval_track=deployment_threshold; n_total=170; n_pos=1; n_neg=169; ood_name=ood_test_injection,OOD_BIN_LENGTH_BIN_LEN_Q1,,
C,hybrid,HYBRID_SEM_EXPERT_GATE_M1_M3,deployment_threshold,OOD,ood_test_injection_standard,length_bin,len_q1,997,116,881,0.8907,0.7409,0.472,0.8088,0.2672,0.3276,0.5086,0.4397,12.0,13.9458,1.0,4.375,metrics_hybrid_bins_splitC__ood-ood_test_injection_standard.csv,bin_eval=length_bin:len_q1; stage=OOD; eval_track=deployment_threshold; n_total=997; n_pos=116; n_neg=881; ood_name=ood_test_injection_standard,OOD_BIN_LENGTH_BIN_LEN_Q1,,
C,hybrid,HYBRID_SEM_GATE_ELSE_M3_IBVS_V2,deployment_threshold,OOD,,length_bin,len_q1,192,28,164,0.875,0.692,0.3325,0.4739,0.1071,0.3571,0.4286,0.6429,7.0,7.2083,1.0,5.125,metrics_hybrid_bins_splitC.csv,bin_eval=length_bin:len_q1; stage=OOD; eval_track=deployment_threshold; n_total=192; n_pos=28; n_neg=164,OOD_BIN_LENGTH_BIN_LEN_Q1,,
C,hybrid,HYBRID_SEM_GATE_ELSE_M3_IBVS_V2,deployment_threshold,OOD,ood_test_injection,length_bin,len_q1,170,1,169,0.8529,0.4603,0.0106,0.4497,0.0,0.0,0.0,1.0,6.5,6.3529,0.8167,2.9286,metrics_hybrid_bins_splitC__ood-ood_test_injection.csv,bin_eval=length_bin:len_q1; stage=OOD; eval_track=deployment_threshold; n_total=170; n_pos=1; n_neg=169; ood_name=ood_test_injection,OOD_BIN_LENGTH_BIN_LEN_Q1,,
C,hybrid,HYBRID_SEM_GATE_ELSE_M3_IBVS_V2,deployment_threshold,OOD,ood_test_injection_standard,length_bin,len_q1,997,116,881,0.8887,0.738,0.2496,0.7423,0.0259,0.1034,0.1724,0.4397,12.0,13.9458,1.0,4.375,metrics_hybrid_bins_splitC__ood-ood_test_injection_standard.csv,bin_eval=length_bin:len_q1; stage=OOD; eval_track=deployment_threshold; n_total=997; n_pos=116; n_neg=881; ood_name=ood_test_injection_standard,OOD_BIN_LENGTH_BIN_LEN_Q1,,
C,hybrid,HYBRID_SEM_LEARNED_META_FUSION,deployment_threshold,OOD,,length_bin,len_q1,192,28,164,0.8802,0.7105,0.4113,0.7404,0.0,0.3929,0.3929,0.6071,7.0,7.2083,1.0,5.125,metrics_hybrid_bins_splitC.csv,bin_eval=length_bin:len_q1; stage=OOD; eval_track=deployment_threshold; n_total=192; n_pos=28; n_neg=164,OOD_BIN_LENGTH_BIN_LEN_Q1,,
C,hybrid,HYBRID_SEM_LEARNED_META_FUSION,deployment_threshold,OOD,ood_test_injection,length_bin,len_q1,170,1,169,0.7588,0.4314,0.0061,0.0858,0.0,0.0,0.0,1.0,6.5,6.3529,0.8167,2.9286,metrics_hybrid_bins_splitC__ood-ood_test_injection.csv,bin_eval=length_bin:len_q1; stage=OOD; eval_track=deployment_threshold; n_total=170; n_pos=1; n_neg=169; ood_name=ood_test_injection,OOD_BIN_LENGTH_BIN_LEN_Q1,,
C,hybrid,HYBRID_SEM_LEARNED_META_FUSION,deployment_threshold,OOD,ood_test_injection_standard,length_bin,len_q1,997,116,881,0.8736,0.7351,0.5745,0.8335,0.3966,0.5431,0.6466,0.3534,12.0,13.9458,1.0,4.375,metrics_hybrid_bins_splitC__ood-ood_test_injection_standard.csv,bin_eval=length_bin:len_q1; stage=OOD; eval_track=deployment_threshold; n_total=997; n_pos=116; n_neg=881; ood_name=ood_test_injection_standard,OOD_BIN_LENGTH_BIN_LEN_Q1,,
C,semantic,SEM_LOGREG_BGE,deployment_threshold,OOD,ood_test,length_bin,len_q1,192,28,164,0.6927,0.6037,0.5123,0.8299,0.1786,0.3214,0.4286,0.25,7.0,7.2083,1.0,5.125,metrics_semantic_bins_splitC.csv,bin_eval=length_bin:len_q1; stage=OOD; eval_track=deployment_threshold; n_total=192; n_pos=28; n_neg=164; ood_name=ood_test,OOD_BIN_LENGTH_BIN_LEN_Q1,,
C,semantic,SEM_LOGREG_BGE,deployment_threshold,OOD,ood_test_injection,length_bin,len_q1,170,1,169,0.6,0.375,0.0068,0.1302,0.0,0.0,0.0,1.0,6.5,6.3529,0.8167,2.9286,metrics_semantic_bins_splitC__ood-ood_test_injection.csv,bin_eval=length_bin:len_q1; stage=OOD; eval_track=deployment_threshold; n_total=170; n_pos=1; n_neg=169; ood_name=ood_test_injection,OOD_BIN_LENGTH_BIN_LEN_Q1,,
C,semantic,SEM_LOGREG_BGE,deployment_threshold,OOD,ood_test_injection_standard,length_bin,len_q1,997,116,881,0.8365,0.7334,0.8004,0.9476,0.5776,0.7586,0.8362,0.0776,12.0,13.9458,1.0,4.375,metrics_semantic_bins_splitC__ood-ood_test_injection_standard.csv,bin_eval=length_bin:len_q1; stage=OOD; eval_track=deployment_threshold; n_total=997; n_pos=116; n_neg=881; ood_name=ood_test_injection_standard,OOD_BIN_LENGTH_BIN_LEN_Q1,,
C,ablation,M1_TFIDF_ONLY,deployment_threshold,OOD,,length_bin,len_q2,192,84,108,0.5833,0.4195,0.5932,0.5681,0.1071,0.2143,0.2857,0.9405,10.0,10.0312,1.0,4.8889,metrics_ablation_bins_splitC.csv,bin_eval=length_bin:len_q2; stage=OOD; eval_track=deployment_threshold; n_total=192; n_pos=84; n_neg=108,OOD_BIN_LENGTH_BIN_LEN_Q2,,
C,ablation,M1_TFIDF_ONLY,deployment_threshold,OOD,ood_test_injection,length_bin,len_q2,169,6,163,0.8817,0.5833,0.3407,0.9223,0.1667,0.1667,0.5,0.5,18.0,19.3314,0.9375,5.15,metrics_ablation_bins_splitC__ood-ood_test_injection.csv,bin_eval=length_bin:len_q2; stage=OOD; eval_track=deployment_threshold; n_total=169; n_pos=6; n_neg=163; ood_name=ood_test_injection,OOD_BIN_LENGTH_BIN_LEN_Q2,,
C,ablation,M1_TFIDF_ONLY,deployment_threshold,OOD,ood_test_injection_standard,length_bin,len_q2,996,524,472,0.5542,0.546,0.6055,0.5984,0.0248,0.0706,0.1641,0.6011,78.0,73.7791,0.7853,4.9795,metrics_ablation_bins_splitC__ood-ood_test_injection_standard.csv,bin_eval=length_bin:len_q2; stage=OOD; eval_track=deployment_threshold; n_total=996; n_pos=524; n_neg=472; ood_name=ood_test_injection_standard,OOD_BIN_LENGTH_BIN_LEN_Q2,,
C,ablation,M1_TFIDF_ONLY,ranking,OOD,,length_bin,len_q2,192,84,108,0.5938,0.5753,0.5932,0.5681,0.1071,0.2143,0.2857,0.5595,10.0,10.0312,1.0,4.8889,metrics_ablation_bins_splitC.csv,bin_eval=length_bin:len_q2; stage=OOD; eval_track=ranking; n_total=192; n_pos=84; n_neg=108,OOD_BIN_LENGTH_BIN_LEN_Q2,,
C,ablation,M1_TFIDF_ONLY,ranking,OOD,ood_test_injection,length_bin,len_q2,169,6,163,0.426,0.3433,0.3407,0.9223,0.1667,0.1667,0.5,0.0,18.0,19.3314,0.9375,5.15,metrics_ablation_bins_splitC__ood-ood_test_injection.csv,bin_eval=length_bin:len_q2; stage=OOD; eval_track=ranking; n_total=169; n_pos=6; n_neg=163; ood_name=ood_test_injection,OOD_BIN_LENGTH_BIN_LEN_Q2,,
C,ablation,M1_TFIDF_ONLY,ranking,OOD,ood_test_injection_standard,length_bin,len_q2,996,524,472,0.5572,0.4775,0.6055,0.5984,0.0248,0.0706,0.1641,0.0992,78.0,73.7791,0.7853,4.9795,metrics_ablation_bins_splitC__ood-ood_test_injection_standard.csv,bin_eval=length_bin:len_q2; stage=OOD; eval_track=ranking; n_total=996; n_pos=524; n_neg=472; ood_name=ood_test_injection_standard,OOD_BIN_LENGTH_BIN_LEN_Q2,,
C,ablation,M2_TFIDF_PLUS_FLAGS,deployment_threshold,OOD,,length_bin,len_q2,192,84,108,0.6198,0.5032,0.6045,0.5887,0.0833,0.2381,0.2738,0.8452,10.0,10.0312,1.0,4.8889,metrics_ablation_bins_splitC.csv,bin_eval=length_bin:len_q2; stage=OOD; eval_track=deployment_threshold; n_total=192; n_pos=84; n_neg=108,OOD_BIN_LENGTH_BIN_LEN_Q2,,
C,ablation,M2_TFIDF_PLUS_FLAGS,deployment_threshold,OOD,ood_test_injection,length_bin,len_q2,169,6,163,0.6805,0.4916,0.3174,0.8691,0.1667,0.3333,0.3333,0.0,18.0,19.3314,0.9375,5.15,metrics_ablation_bins_splitC__ood-ood_test_injection.csv,bin_eval=length_bin:len_q2; stage=OOD; eval_track=deployment_threshold; n_total=169; n_pos=6; n_neg=163; ood_name=ood_test_injection,OOD_BIN_LENGTH_BIN_LEN_Q2,,
C,ablation,M2_TFIDF_PLUS_FLAGS,deployment_threshold,OOD,ood_test_injection_standard,length_bin,len_q2,996,524,472,0.492,0.4917,0.5158,0.4873,0.0076,0.0439,0.0725,0.5095,78.0,73.7791,0.7853,4.9795,metrics_ablation_bins_splitC__ood-ood_test_injection_standard.csv,bin_eval=length_bin:len_q2; stage=OOD; eval_track=deployment_threshold; n_total=996; n_pos=524; n_neg=472; ood_name=ood_test_injection_standard,OOD_BIN_LENGTH_BIN_LEN_Q2,,
C,ablation,M2_TFIDF_PLUS_FLAGS,ranking,OOD,,length_bin,len_q2,192,84,108,0.5208,0.52,0.6045,0.5887,0.0833,0.2381,0.2738,0.3571,10.0,10.0312,1.0,4.8889,metrics_ablation_bins_splitC.csv,bin_eval=length_bin:len_q2; stage=OOD; eval_track=ranking; n_total=192; n_pos=84; n_neg=108,OOD_BIN_LENGTH_BIN_LEN_Q2,,
C,ablation,M2_TFIDF_PLUS_FLAGS,ranking,OOD,ood_test_injection,length_bin,len_q2,169,6,163,0.0769,0.0769,0.3174,0.8691,0.1667,0.3333,0.3333,0.0,18.0,19.3314,0.9375,5.15,metrics_ablation_bins_splitC__ood-ood_test_injection.csv,bin_eval=length_bin:len_q2; stage=OOD; eval_track=ranking; n_total=169; n_pos=6; n_neg=163; ood_name=ood_test_injection,OOD_BIN_LENGTH_BIN_LEN_Q2,,
C,ablation,M2_TFIDF_PLUS_FLAGS,ranking,OOD,ood_test_injection_standard,length_bin,len_q2,996,524,472,0.5231,0.3491,0.5158,0.4873,0.0076,0.0439,0.0725,0.0115,78.0,73.7791,0.7853,4.9795,metrics_ablation_bins_splitC__ood-ood_test_injection_standard.csv,bin_eval=length_bin:len_q2; stage=OOD; eval_track=ranking; n_total=996; n_pos=524; n_neg=472; ood_name=ood_test_injection_standard,OOD_BIN_LENGTH_BIN_LEN_Q2,,
C,ablation,M3_TFIDF_PLUS_FLAGS_PLUS_IBVS_V1_TOTAL,deployment_threshold,OOD,,length_bin,len_q2,192,84,108,0.6198,0.5375,0.5991,0.5597,0.1786,0.2024,0.2738,0.7738,10.0,10.0312,1.0,4.8889,metrics_ablation_bins_splitC.csv,bin_eval=length_bin:len_q2; stage=OOD; eval_track=deployment_threshold; n_total=192; n_pos=84; n_neg=108,OOD_BIN_LENGTH_BIN_LEN_Q2,,
C,ablation,M3_TFIDF_PLUS_FLAGS_PLUS_IBVS_V1_TOTAL,deployment_threshold,OOD,ood_test_injection,length_bin,len_q2,169,6,163,0.5621,0.4229,0.1588,0.8364,0.0,0.3333,0.3333,0.0,18.0,19.3314,0.9375,5.15,metrics_ablation_bins_splitC__ood-ood_test_injection.csv,bin_eval=length_bin:len_q2; stage=OOD; eval_track=deployment_threshold; n_total=169; n_pos=6; n_neg=163; ood_name=ood_test_injection,OOD_BIN_LENGTH_BIN_LEN_Q2,,
C,ablation,M3_TFIDF_PLUS_FLAGS_PLUS_IBVS_V1_TOTAL,deployment_threshold,OOD,ood_test_injection_standard,length_bin,len_q2,996,524,472,0.502,0.475,0.5003,0.4679,0.0057,0.0382,0.084,0.3073,78.0,73.7791,0.7853,4.9795,metrics_ablation_bins_splitC__ood-ood_test_injection_standard.csv,bin_eval=length_bin:len_q2; stage=OOD; eval_track=deployment_threshold; n_total=996; n_pos=524; n_neg=472; ood_name=ood_test_injection_standard,OOD_BIN_LENGTH_BIN_LEN_Q2,,
C,ablation,M3_TFIDF_PLUS_FLAGS_PLUS_IBVS_V1_TOTAL,ranking,OOD,,length_bin,len_q2,192,84,108,0.6094,0.5989,0.5991,0.5597,0.1786,0.2024,0.2738,0.4881,10.0,10.0312,1.0,4.8889,metrics_ablation_bins_splitC.csv,bin_eval=length_bin:len_q2; stage=OOD; eval_track=ranking; n_total=192; n_pos=84; n_neg=108,OOD_BIN_LENGTH_BIN_LEN_Q2,,
C,ablation,M3_TFIDF_PLUS_FLAGS_PLUS_IBVS_V1_TOTAL,ranking,OOD,ood_test_injection,length_bin,len_q2,169,6,163,0.2544,0.2285,0.1588,0.8364,0.0,0.3333,0.3333,0.0,18.0,19.3314,0.9375,5.15,metrics_ablation_bins_splitC__ood-ood_test_injection.csv,bin_eval=length_bin:len_q2; stage=OOD; eval_track=ranking; n_total=169; n_pos=6; n_neg=163; ood_name=ood_test_injection,OOD_BIN_LENGTH_BIN_LEN_Q2,,
C,ablation,M3_TFIDF_PLUS_FLAGS_PLUS_IBVS_V1_TOTAL,ranking,OOD,ood_test_injection_standard,length_bin,len_q2,996,524,472,0.5151,0.3676,0.5003,0.4679,0.0057,0.0382,0.084,0.0515,78.0,73.7791,0.7853,4.9795,metrics_ablation_bins_splitC__ood-ood_test_injection_standard.csv,bin_eval=length_bin:len_q2; stage=OOD; eval_track=ranking; n_total=996; n_pos=524; n_neg=472; ood_name=ood_test_injection_standard,OOD_BIN_LENGTH_BIN_LEN_Q2,,
C,ablation,M3_TFIDF_PLUS_FLAGS_PLUS_IBVS_V2_STRUCTURED,deployment_threshold,OOD,,length_bin,len_q2,192,84,108,0.6198,0.5096,0.5881,0.5776,0.0595,0.2024,0.2857,0.8333,10.0,10.0312,1.0,4.8889,metrics_ablation_bins_splitC.csv,bin_eval=length_bin:len_q2; stage=OOD; eval_track=deployment_threshold; n_total=192; n_pos=84; n_neg=108,OOD_BIN_LENGTH_BIN_LEN_Q2,,
C,ablation,M3_TFIDF_PLUS_FLAGS_PLUS_IBVS_V2_STRUCTURED,deployment_threshold,OOD,ood_test_injection,length_bin,len_q2,169,6,163,0.6509,0.474,0.3612,0.862,0.3333,0.3333,0.5,0.0,18.0,19.3314,0.9375,5.15,metrics_ablation_bins_splitC__ood-ood_test_injection.csv,bin_eval=length_bin:len_q2; stage=OOD; eval_track=deployment_threshold; n_total=169; n_pos=6; n_neg=163; ood_name=ood_test_injection,OOD_BIN_LENGTH_BIN_LEN_Q2,,
C,ablation,M3_TFIDF_PLUS_FLAGS_PLUS_IBVS_V2_STRUCTURED,deployment_threshold,OOD,ood_test_injection_standard,length_bin,len_q2,996,524,472,0.511,0.5075,0.5382,0.5013,0.021,0.0553,0.1164,0.4332,78.0,73.7791,0.7853,4.9795,metrics_ablation_bins_splitC__ood-ood_test_injection_standard.csv,bin_eval=length_bin:len_q2; stage=OOD; eval_track=deployment_threshold; n_total=996; n_pos=524; n_neg=472; ood_name=ood_test_injection_standard,OOD_BIN_LENGTH_BIN_LEN_Q2,,
C,ablation,M3_TFIDF_PLUS_FLAGS_PLUS_IBVS_V2_STRUCTURED,ranking,OOD,,length_bin,len_q2,192,84,108,0.5156,0.514,0.5881,0.5776,0.0595,0.2024,0.2857,0.3452,10.0,10.0312,1.0,4.8889,metrics_ablation_bins_splitC.csv,bin_eval=length_bin:len_q2; stage=OOD; eval_track=ranking; n_total=192; n_pos=84; n_neg=108,OOD_BIN_LENGTH_BIN_LEN_Q2,,
C,ablation,M3_TFIDF_PLUS_FLAGS_PLUS_IBVS_V2_STRUCTURED,ranking,OOD,ood_test_injection,length_bin,len_q2,169,6,163,0.0888,0.0885,0.3612,0.862,0.3333,0.3333,0.5,0.0,18.0,19.3314,0.9375,5.15,metrics_ablation_bins_splitC__ood-ood_test_injection.csv,bin_eval=length_bin:len_q2; stage=OOD; eval_track=ranking; n_total=169; n_pos=6; n_neg=163; ood_name=ood_test_injection,OOD_BIN_LENGTH_BIN_LEN_Q2,,
C,ablation,M3_TFIDF_PLUS_FLAGS_PLUS_IBVS_V2_STRUCTURED,ranking,OOD,ood_test_injection_standard,length_bin,len_q2,996,524,472,0.5221,0.3486,0.5382,0.5013,0.021,0.0553,0.1164,0.0134,78.0,73.7791,0.7853,4.9795,metrics_ablation_bins_splitC__ood-ood_test_injection_standard.csv,bin_eval=length_bin:len_q2; stage=OOD; eval_track=ranking; n_total=996; n_pos=524; n_neg=472; ood_name=ood_test_injection_standard,OOD_BIN_LENGTH_BIN_LEN_Q2,,
C,ablation,M3_TFIDF_PLUS_FLAGS_PLUS_IBVS_V2_TAILCAL,deployment_threshold,OOD,,length_bin,len_q2,192,84,108,0.5938,0.4506,0.5902,0.5843,0.0476,0.2143,0.2976,0.9048,10.0,10.0312,1.0,4.8889,metrics_ablation_bins_splitC.csv,bin_eval=length_bin:len_q2; stage=OOD; eval_track=deployment_threshold; n_total=192; n_pos=84; n_neg=108,OOD_BIN_LENGTH_BIN_LEN_Q2,,
C,ablation,M3_TFIDF_PLUS_FLAGS_PLUS_IBVS_V2_TAILCAL,deployment_threshold,OOD,ood_test_injection,length_bin,len_q2,169,6,163,0.7751,0.5219,0.2105,0.8579,0.1667,0.3333,0.3333,0.3333,18.0,19.3314,0.9375,5.15,metrics_ablation_bins_splitC__ood-ood_test_injection.csv,bin_eval=length_bin:len_q2; stage=OOD; eval_track=deployment_threshold; n_total=169; n_pos=6; n_neg=163; ood_name=ood_test_injection,OOD_BIN_LENGTH_BIN_LEN_Q2,,
C,ablation,M3_TFIDF_PLUS_FLAGS_PLUS_IBVS_V2_TAILCAL,deployment_threshold,OOD,ood_test_injection_standard,length_bin,len_q2,996,524,472,0.4759,0.4647,0.5211,0.4887,0.0172,0.0496,0.0859,0.6851,78.0,73.7791,0.7853,4.9795,metrics_ablation_bins_splitC__ood-ood_test_injection_standard.csv,bin_eval=length_bin:len_q2; stage=OOD; eval_track=deployment_threshold; n_total=996; n_pos=524; n_neg=472; ood_name=ood_test_injection_standard,OOD_BIN_LENGTH_BIN_LEN_Q2,,
C,ablation,M3_TFIDF_PLUS_FLAGS_PLUS_IBVS_V2_TAILCAL,ranking,OOD,,length_bin,len_q2,192,84,108,0.5417,0.5412,0.5902,0.5843,0.0476,0.2143,0.2976,0.3452,10.0,10.0312,1.0,4.8889,metrics_ablation_bins_splitC.csv,bin_eval=length_bin:len_q2; stage=OOD; eval_track=ranking; n_total=192; n_pos=84; n_neg=108,OOD_BIN_LENGTH_BIN_LEN_Q2,,
C,ablation,M3_TFIDF_PLUS_FLAGS_PLUS_IBVS_V2_TAILCAL,ranking,OOD,ood_test_injection,length_bin,len_q2,169,6,163,0.1065,0.1054,0.2105,0.8579,0.1667,0.3333,0.3333,0.0,18.0,19.3314,0.9375,5.15,metrics_ablation_bins_splitC__ood-ood_test_injection.csv,bin_eval=length_bin:len_q2; stage=OOD; eval_track=ranking; n_total=169; n_pos=6; n_neg=163; ood_name=ood_test_injection,OOD_BIN_LENGTH_BIN_LEN_Q2,,
C,ablation,M3_TFIDF_PLUS_FLAGS_PLUS_IBVS_V2_TAILCAL,ranking,OOD,ood_test_injection_standard,length_bin,len_q2,996,524,472,0.5211,0.35,0.5211,0.4887,0.0172,0.0496,0.0859,0.0172,78.0,73.7791,0.7853,4.9795,metrics_ablation_bins_splitC__ood-ood_test_injection_standard.csv,bin_eval=length_bin:len_q2; stage=OOD; eval_track=ranking; n_total=996; n_pos=524; n_neg=472; ood_name=ood_test_injection_standard,OOD_BIN_LENGTH_BIN_LEN_Q2,,
C,ablation,M3_TFIDF_PLUS_FLAGS_PLUS_IBVS_V2_TOTAL,deployment_threshold,OOD,,length_bin,len_q2,192,84,108,0.599,0.4615,0.59,0.5877,0.0476,0.2143,0.2976,0.8929,10.0,10.0312,1.0,4.8889,metrics_ablation_bins_splitC.csv,bin_eval=length_bin:len_q2; stage=OOD; eval_track=deployment_threshold; n_total=192; n_pos=84; n_neg=108,OOD_BIN_LENGTH_BIN_LEN_Q2,,
C,ablation,M3_TFIDF_PLUS_FLAGS_PLUS_IBVS_V2_TOTAL,deployment_threshold,OOD,ood_test_injection,length_bin,len_q2,169,6,163,0.7278,0.5213,0.331,0.8589,0.1667,0.3333,0.3333,0.0,18.0,19.3314,0.9375,5.15,metrics_ablation_bins_splitC__ood-ood_test_injection.csv,bin_eval=length_bin:len_q2; stage=OOD; eval_track=deployment_threshold; n_total=169; n_pos=6; n_neg=163; ood_name=ood_test_injection,OOD_BIN_LENGTH_BIN_LEN_Q2,,
C,ablation,M3_TFIDF_PLUS_FLAGS_PLUS_IBVS_V2_TOTAL,deployment_threshold,OOD,ood_test_injection_standard,length_bin,len_q2,996,524,472,0.4819,0.4817,0.5181,0.4859,0.0038,0.0553,0.0821,0.563,78.0,73.7791,0.7853,4.9795,metrics_ablation_bins_splitC__ood-ood_test_injection_standard.csv,bin_eval=length_bin:len_q2; stage=OOD; eval_track=deployment_threshold; n_total=996; n_pos=524; n_neg=472; ood_name=ood_test_injection_standard,OOD_BIN_LENGTH_BIN_LEN_Q2,,
C,ablation,M3_TFIDF_PLUS_FLAGS_PLUS_IBVS_V2_TOTAL,ranking,OOD,,length_bin,len_q2,192,84,108,0.5833,0.5832,0.59,0.5877,0.0476,0.2143,0.2976,0.3571,10.0,10.0312,1.0,4.8889,metrics_ablation_bins_splitC.csv,bin_eval=length_bin:len_q2; stage=OOD; eval_track=ranking; n_total=192; n_pos=84; n_neg=108,OOD_BIN_LENGTH_BIN_LEN_Q2,,
C,ablation,M3_TFIDF_PLUS_FLAGS_PLUS_IBVS_V2_TOTAL,ranking,OOD,ood_test_injection,length_bin,len_q2,169,6,163,0.1124,0.1109,0.331,0.8589,0.1667,0.3333,0.3333,0.0,18.0,19.3314,0.9375,5.15,metrics_ablation_bins_splitC__ood-ood_test_injection.csv,bin_eval=length_bin:len_q2; stage=OOD; eval_track=ranking; n_total=169; n_pos=6; n_neg=163; ood_name=ood_test_injection,OOD_BIN_LENGTH_BIN_LEN_Q2,,
C,ablation,M3_TFIDF_PLUS_FLAGS_PLUS_IBVS_V2_TOTAL,ranking,OOD,ood_test_injection_standard,length_bin,len_q2,996,524,472,0.5181,0.3504,0.5181,0.4859,0.0038,0.0553,0.0821,0.0248,78.0,73.7791,0.7853,4.9795,metrics_ablation_bins_splitC__ood-ood_test_injection_standard.csv,bin_eval=length_bin:len_q2; stage=OOD; eval_track=ranking; n_total=996; n_pos=524; n_neg=472; ood_name=ood_test_injection_standard,OOD_BIN_LENGTH_BIN_LEN_Q2,,
C,ablation,M3_TFIDF_PLUS_FLAGS_PLUS_IBVS_V2_TRIPWIRE,deployment_threshold,OOD,,length_bin,len_q2,192,84,108,0.5885,0.4395,0.5713,0.5784,0.0476,0.1786,0.2976,0.9167,10.0,10.0312,1.0,4.8889,metrics_ablation_bins_splitC.csv,bin_eval=length_bin:len_q2; stage=OOD; eval_track=deployment_threshold; n_total=192; n_pos=84; n_neg=108,OOD_BIN_LENGTH_BIN_LEN_Q2,,
C,ablation,M3_TFIDF_PLUS_FLAGS_PLUS_IBVS_V2_TRIPWIRE,deployment_threshold,OOD,ood_test_injection,length_bin,len_q2,169,6,163,0.7515,0.5227,0.3539,0.8548,0.3333,0.3333,0.3333,0.1667,18.0,19.3314,0.9375,5.15,metrics_ablation_bins_splitC__ood-ood_test_injection.csv,bin_eval=length_bin:len_q2; stage=OOD; eval_track=deployment_threshold; n_total=169; n_pos=6; n_neg=163; ood_name=ood_test_injection,OOD_BIN_LENGTH_BIN_LEN_Q2,,
C,ablation,M3_TFIDF_PLUS_FLAGS_PLUS_IBVS_V2_TRIPWIRE,deployment_threshold,OOD,ood_test_injection_standard,length_bin,len_q2,996,524,472,0.489,0.4825,0.5168,0.4832,0.0134,0.0401,0.0935,0.6412,78.0,73.7791,0.7853,4.9795,metrics_ablation_bins_splitC__ood-ood_test_injection_standard.csv,bin_eval=length_bin:len_q2; stage=OOD; eval_track=deployment_threshold; n_total=996; n_pos=524; n_neg=472; ood_name=ood_test_injection_standard,OOD_BIN_LENGTH_BIN_LEN_Q2,,
C,ablation,M3_TFIDF_PLUS_FLAGS_PLUS_IBVS_V2_TRIPWIRE,ranking,OOD,,length_bin,len_q2,192,84,108,0.5417,0.5412,0.5713,0.5784,0.0476,0.1786,0.2976,0.3452,10.0,10.0312,1.0,4.8889,metrics_ablation_bins_splitC.csv,bin_eval=length_bin:len_q2; stage=OOD; eval_track=ranking; n_total=192; n_pos=84; n_neg=108,OOD_BIN_LENGTH_BIN_LEN_Q2,,
C,ablation,M3_TFIDF_PLUS_FLAGS_PLUS_IBVS_V2_TRIPWIRE,ranking,OOD,ood_test_injection,length_bin,len_q2,169,6,163,0.1065,0.1054,0.3539,0.8548,0.3333,0.3333,0.3333,0.0,18.0,19.3314,0.9375,5.15,metrics_ablation_bins_splitC__ood-ood_test_injection.csv,bin_eval=length_bin:len_q2; stage=OOD; eval_track=ranking; n_total=169; n_pos=6; n_neg=163; ood_name=ood_test_injection,OOD_BIN_LENGTH_BIN_LEN_Q2,,
C,ablation,M3_TFIDF_PLUS_FLAGS_PLUS_IBVS_V2_TRIPWIRE,ranking,OOD,ood_test_injection_standard,length_bin,len_q2,996,524,472,0.5221,0.3523,0.5168,0.4832,0.0134,0.0401,0.0935,0.0172,78.0,73.7791,0.7853,4.9795,metrics_ablation_bins_splitC__ood-ood_test_injection_standard.csv,bin_eval=length_bin:len_q2; stage=OOD; eval_track=ranking; n_total=996; n_pos=524; n_neg=472; ood_name=ood_test_injection_standard,OOD_BIN_LENGTH_BIN_LEN_Q2,,
C,hybrid,HYBRID_SEM_ANCHORED_IBVS_BOOST,deployment_threshold,OOD,,length_bin,len_q2,192,84,108,0.6875,0.6396,0.7556,0.7837,0.2857,0.3095,0.4286,0.631,10.0,10.0312,1.0,4.8889,metrics_hybrid_bins_splitC.csv,bin_eval=length_bin:len_q2; stage=OOD; eval_track=deployment_threshold; n_total=192; n_pos=84; n_neg=108,OOD_BIN_LENGTH_BIN_LEN_Q2,,
C,hybrid,HYBRID_SEM_ANCHORED_IBVS_BOOST,deployment_threshold,OOD,ood_test_injection,length_bin,len_q2,169,6,163,0.5562,0.4106,0.3258,0.7924,0.0,0.6667,0.6667,0.1667,18.0,19.3314,0.9375,5.15,metrics_hybrid_bins_splitC__ood-ood_test_injection.csv,bin_eval=length_bin:len_q2; stage=OOD; eval_track=deployment_threshold; n_total=169; n_pos=6; n_neg=163; ood_name=ood_test_injection,OOD_BIN_LENGTH_BIN_LEN_Q2,,
C,hybrid,HYBRID_SEM_ANCHORED_IBVS_BOOST,deployment_threshold,OOD,ood_test_injection_standard,length_bin,len_q2,996,524,472,0.6496,0.6476,0.7152,0.7285,0.042,0.1489,0.2939,0.3111,78.0,73.7791,0.7853,4.9795,metrics_hybrid_bins_splitC__ood-ood_test_injection_standard.csv,bin_eval=length_bin:len_q2; stage=OOD; eval_track=deployment_threshold; n_total=996; n_pos=524; n_neg=472; ood_name=ood_test_injection_standard,OOD_BIN_LENGTH_BIN_LEN_Q2,,
C,hybrid,HYBRID_SEM_ANCHORED_IBVS_BOOST_V2,deployment_threshold,OOD,,length_bin,len_q2,192,84,108,0.6875,0.6396,0.7556,0.7837,0.2857,0.3095,0.4286,0.631,10.0,10.0312,1.0,4.8889,metrics_hybrid_bins_splitC.csv,bin_eval=length_bin:len_q2; stage=OOD; eval_track=deployment_threshold; n_total=192; n_pos=84; n_neg=108,OOD_BIN_LENGTH_BIN_LEN_Q2,,
C,hybrid,HYBRID_SEM_ANCHORED_IBVS_BOOST_V2,deployment_threshold,OOD,ood_test_injection,length_bin,len_q2,169,6,163,0.5562,0.4106,0.3258,0.7924,0.0,0.6667,0.6667,0.1667,18.0,19.3314,0.9375,5.15,metrics_hybrid_bins_splitC__ood-ood_test_injection.csv,bin_eval=length_bin:len_q2; stage=OOD; eval_track=deployment_threshold; n_total=169; n_pos=6; n_neg=163; ood_name=ood_test_injection,OOD_BIN_LENGTH_BIN_LEN_Q2,,
C,hybrid,HYBRID_SEM_ANCHORED_IBVS_BOOST_V2,deployment_threshold,OOD,ood_test_injection_standard,length_bin,len_q2,996,524,472,0.6496,0.6476,0.7152,0.7285,0.042,0.1489,0.2939,0.3111,78.0,73.7791,0.7853,4.9795,metrics_hybrid_bins_splitC__ood-ood_test_injection_standard.csv,bin_eval=length_bin:len_q2; stage=OOD; eval_track=deployment_threshold; n_total=996; n_pos=524; n_neg=472; ood_name=ood_test_injection_standard,OOD_BIN_LENGTH_BIN_LEN_Q2,,
C,hybrid,HYBRID_SEM_ANCHORED_IBVS_VETO,deployment_threshold,OOD,,length_bin,len_q2,192,84,108,0.6667,0.6661,0.7556,0.7837,0.2857,0.3095,0.4286,0.2857,10.0,10.0312,1.0,4.8889,metrics_hybrid_bins_splitC.csv,bin_eval=length_bin:len_q2; stage=OOD; eval_track=deployment_threshold; n_total=192; n_pos=84; n_neg=108,OOD_BIN_LENGTH_BIN_LEN_Q2,,
C,hybrid,HYBRID_SEM_ANCHORED_IBVS_VETO,deployment_threshold,OOD,ood_test_injection,length_bin,len_q2,169,6,163,0.4083,0.3262,0.3258,0.7924,0.0,0.6667,0.6667,0.1667,18.0,19.3314,0.9375,5.15,metrics_hybrid_bins_splitC__ood-ood_test_injection.csv,bin_eval=length_bin:len_q2; stage=OOD; eval_track=deployment_threshold; n_total=169; n_pos=6; n_neg=163; ood_name=ood_test_injection,OOD_BIN_LENGTH_BIN_LEN_Q2,,
C,hybrid,HYBRID_SEM_ANCHORED_IBVS_VETO,deployment_threshold,OOD,ood_test_injection_standard,length_bin,len_q2,996,524,472,0.6586,0.6394,0.7152,0.7285,0.042,0.1489,0.2939,0.1546,78.0,73.7791,0.7853,4.9795,metrics_hybrid_bins_splitC__ood-ood_test_injection_standard.csv,bin_eval=length_bin:len_q2; stage=OOD; eval_track=deployment_threshold; n_total=996; n_pos=524; n_neg=472; ood_name=ood_test_injection_standard,OOD_BIN_LENGTH_BIN_LEN_Q2,,
C,hybrid,HYBRID_SEM_EXPERT_GATE_M1_M3,deployment_threshold,OOD,,length_bin,len_q2,192,84,108,0.7031,0.662,0.665,0.6337,0.25,0.2976,0.3452,0.5952,10.0,10.0312,1.0,4.8889,metrics_hybrid_bins_splitC.csv,bin_eval=length_bin:len_q2; stage=OOD; eval_track=deployment_threshold; n_total=192; n_pos=84; n_neg=108,OOD_BIN_LENGTH_BIN_LEN_Q2,,
C,hybrid,HYBRID_SEM_EXPERT_GATE_M1_M3,deployment_threshold,OOD,ood_test_injection,length_bin,len_q2,169,6,163,0.6391,0.4562,0.2024,0.8492,0.0,0.0,0.6667,0.1667,18.0,19.3314,0.9375,5.15,metrics_hybrid_bins_splitC__ood-ood_test_injection.csv,bin_eval=length_bin:len_q2; stage=OOD; eval_track=deployment_threshold; n_total=169; n_pos=6; n_neg=163; ood_name=ood_test_injection,OOD_BIN_LENGTH_BIN_LEN_Q2,,
C,hybrid,HYBRID_SEM_EXPERT_GATE_M1_M3,deployment_threshold,OOD,ood_test_injection_standard,length_bin,len_q2,996,524,472,0.6235,0.6141,0.6135,0.6,0.0,0.0,0.1947,0.2595,78.0,73.7791,0.7853,4.9795,metrics_hybrid_bins_splitC__ood-ood_test_injection_standard.csv,bin_eval=length_bin:len_q2; stage=OOD; eval_track=deployment_threshold; n_total=996; n_pos=524; n_neg=472; ood_name=ood_test_injection_standard,OOD_BIN_LENGTH_BIN_LEN_Q2,,
C,hybrid,HYBRID_SEM_GATE_ELSE_M3_IBVS_V2,deployment_threshold,OOD,,length_bin,len_q2,192,84,108,0.6875,0.6257,0.5888,0.5816,0.1071,0.1667,0.2857,0.6786,10.0,10.0312,1.0,4.8889,metrics_hybrid_bins_splitC.csv,bin_eval=length_bin:len_q2; stage=OOD; eval_track=deployment_threshold; n_total=192; n_pos=84; n_neg=108,OOD_BIN_LENGTH_BIN_LEN_Q2,,
C,hybrid,HYBRID_SEM_GATE_ELSE_M3_IBVS_V2,deployment_threshold,OOD,ood_test_injection,length_bin,len_q2,169,6,163,0.645,0.4595,0.2061,0.591,0.1667,0.1667,0.1667,0.1667,18.0,19.3314,0.9375,5.15,metrics_hybrid_bins_splitC__ood-ood_test_injection.csv,bin_eval=length_bin:len_q2; stage=OOD; eval_track=deployment_threshold; n_total=169; n_pos=6; n_neg=163; ood_name=ood_test_injection,OOD_BIN_LENGTH_BIN_LEN_Q2,,
C,hybrid,HYBRID_SEM_GATE_ELSE_M3_IBVS_V2,deployment_threshold,OOD,ood_test_injection_standard,length_bin,len_q2,996,524,472,0.5833,0.58,0.5424,0.5366,0.0153,0.0515,0.0916,0.3607,78.0,73.7791,0.7853,4.9795,metrics_hybrid_bins_splitC__ood-ood_test_injection_standard.csv,bin_eval=length_bin:len_q2; stage=OOD; eval_track=deployment_threshold; n_total=996; n_pos=524; n_neg=472; ood_name=ood_test_injection_standard,OOD_BIN_LENGTH_BIN_LEN_Q2,,
C,hybrid,HYBRID_SEM_LEARNED_META_FUSION,deployment_threshold,OOD,,length_bin,len_q2,192,84,108,0.6823,0.6516,0.6884,0.7121,0.2381,0.3095,0.3929,0.5595,10.0,10.0312,1.0,4.8889,metrics_hybrid_bins_splitC.csv,bin_eval=length_bin:len_q2; stage=OOD; eval_track=deployment_threshold; n_total=192; n_pos=84; n_neg=108,OOD_BIN_LENGTH_BIN_LEN_Q2,,
C,hybrid,HYBRID_SEM_LEARNED_META_FUSION,deployment_threshold,OOD,ood_test_injection,length_bin,len_q2,169,6,163,0.5207,0.391,0.2073,0.8466,0.0,0.0,0.6667,0.1667,18.0,19.3314,0.9375,5.15,metrics_hybrid_bins_splitC__ood-ood_test_injection.csv,bin_eval=length_bin:len_q2; stage=OOD; eval_track=deployment_threshold; n_total=169; n_pos=6; n_neg=163; ood_name=ood_test_injection,OOD_BIN_LENGTH_BIN_LEN_Q2,,
C,hybrid,HYBRID_SEM_LEARNED_META_FUSION,deployment_threshold,OOD,ood_test_injection_standard,length_bin,len_q2,996,524,472,0.6265,0.6108,0.6641,0.6636,0.0,0.1508,0.2634,0.2137,78.0,73.7791,0.7853,4.9795,metrics_hybrid_bins_splitC__ood-ood_test_injection_standard.csv,bin_eval=length_bin:len_q2; stage=OOD; eval_track=deployment_threshold; n_total=996; n_pos=524; n_neg=472; ood_name=ood_test_injection_standard,OOD_BIN_LENGTH_BIN_LEN_Q2,,
C,semantic,SEM_LOGREG_BGE,deployment_threshold,OOD,ood_test,length_bin,len_q2,192,84,108,0.6667,0.6661,0.7556,0.7837,0.2857,0.3095,0.4286,0.2857,10.0,10.0312,1.0,4.8889,metrics_semantic_bins_splitC.csv,bin_eval=length_bin:len_q2; stage=OOD; eval_track=deployment_threshold; n_total=192; n_pos=84; n_neg=108; ood_name=ood_test,OOD_BIN_LENGTH_BIN_LEN_Q2,,
C,semantic,SEM_LOGREG_BGE,deployment_threshold,OOD,ood_test_injection,length_bin,len_q2,169,6,163,0.4083,0.3262,0.3258,0.7924,0.0,0.6667,0.6667,0.1667,18.0,19.3314,0.9375,5.15,metrics_semantic_bins_splitC__ood-ood_test_injection.csv,bin_eval=length_bin:len_q2; stage=OOD; eval_track=deployment_threshold; n_total=169; n_pos=6; n_neg=163; ood_name=ood_test_injection,OOD_BIN_LENGTH_BIN_LEN_Q2,,
C,semantic,SEM_LOGREG_BGE,deployment_threshold,OOD,ood_test_injection_standard,length_bin,len_q2,996,524,472,0.6586,0.6394,0.7152,0.7285,0.042,0.1489,0.2939,0.1546,78.0,73.7791,0.7853,4.9795,metrics_semantic_bins_splitC__ood-ood_test_injection_standard.csv,bin_eval=length_bin:len_q2; stage=OOD; eval_track=deployment_threshold; n_total=996; n_pos=524; n_neg=472; ood_name=ood_test_injection_standard,OOD_BIN_LENGTH_BIN_LEN_Q2,,
C,ablation,M1_TFIDF_ONLY,deployment_threshold,OOD,,length_bin,len_q3,192,113,79,0.474,0.4149,0.7418,0.6382,0.0885,0.177,0.2566,0.8673,13.0,13.026,1.0,4.9167,metrics_ablation_bins_splitC.csv,bin_eval=length_bin:len_q3; stage=OOD; eval_track=deployment_threshold; n_total=192; n_pos=113; n_neg=79,OOD_BIN_LENGTH_BIN_LEN_Q3,,
C,ablation,M1_TFIDF_ONLY,deployment_threshold,OOD,ood_test_injection,length_bin,len_q3,169,162,7,0.5503,0.4073,0.9717,0.6764,0.0494,0.0494,0.0494,0.4568,132.0,138.7101,0.6803,5.645,metrics_ablation_bins_splitC__ood-ood_test_injection.csv,bin_eval=length_bin:len_q3; stage=OOD; eval_track=deployment_threshold; n_total=169; n_pos=162; n_neg=7; ood_name=ood_test_injection,OOD_BIN_LENGTH_BIN_LEN_Q3,,
C,ablation,M1_TFIDF_ONLY,deployment_threshold,OOD,ood_test_injection_standard,length_bin,len_q3,996,619,377,0.5402,0.5319,0.6471,0.5394,0.0113,0.0533,0.1163,0.4588,126.0,127.3022,0.7054,5.1505,metrics_ablation_bins_splitC__ood-ood_test_injection_standard.csv,bin_eval=length_bin:len_q3; stage=OOD; eval_track=deployment_threshold; n_total=996; n_pos=619; n_neg=377; ood_name=ood_test_injection_standard,OOD_BIN_LENGTH_BIN_LEN_Q3,,
C,ablation,M1_TFIDF_ONLY,ranking,OOD,,length_bin,len_q3,192,113,79,0.6354,0.6306,0.7418,0.6382,0.0885,0.177,0.2566,0.3628,13.0,13.026,1.0,4.9167,metrics_ablation_bins_splitC.csv,bin_eval=length_bin:len_q3; stage=OOD; eval_track=ranking; n_total=192; n_pos=113; n_neg=79,OOD_BIN_LENGTH_BIN_LEN_Q3,,
C,ablation,M1_TFIDF_ONLY,ranking,OOD,ood_test_injection,length_bin,len_q3,169,162,7,0.9408,0.6274,0.9717,0.6764,0.0494,0.0494,0.0494,0.0309,132.0,138.7101,0.6803,5.645,metrics_ablation_bins_splitC__ood-ood_test_injection.csv,bin_eval=length_bin:len_q3; stage=OOD; eval_track=ranking; n_total=169; n_pos=162; n_neg=7; ood_name=ood_test_injection,OOD_BIN_LENGTH_BIN_LEN_Q3,,
C,ablation,M1_TFIDF_ONLY,ranking,OOD,ood_test_injection_standard,length_bin,len_q3,996,619,377,0.6185,0.4057,0.6471,0.5394,0.0113,0.0533,0.1163,0.021,126.0,127.3022,0.7054,5.1505,metrics_ablation_bins_splitC__ood-ood_test_injection_standard.csv,bin_eval=length_bin:len_q3; stage=OOD; eval_track=ranking; n_total=996; n_pos=619; n_neg=377; ood_name=ood_test_injection_standard,OOD_BIN_LENGTH_BIN_LEN_Q3,,
C,ablation,M2_TFIDF_PLUS_FLAGS,deployment_threshold,OOD,,length_bin,len_q3,192,113,79,0.4948,0.4626,0.7077,0.6151,0.0619,0.1239,0.1504,0.7876,13.0,13.026,1.0,4.9167,metrics_ablation_bins_splitC.csv,bin_eval=length_bin:len_q3; stage=OOD; eval_track=deployment_threshold; n_total=192; n_pos=113; n_neg=79,OOD_BIN_LENGTH_BIN_LEN_Q3,,
C,ablation,M2_TFIDF_PLUS_FLAGS,deployment_threshold,OOD,ood_test_injection,length_bin,len_q3,169,162,7,0.4793,0.3429,0.9226,0.3166,0.0062,0.0062,0.0062,0.5123,132.0,138.7101,0.6803,5.645,metrics_ablation_bins_splitC__ood-ood_test_injection.csv,bin_eval=length_bin:len_q3; stage=OOD; eval_track=deployment_threshold; n_total=169; n_pos=162; n_neg=7; ood_name=ood_test_injection,OOD_BIN_LENGTH_BIN_LEN_Q3,,
C,ablation,M2_TFIDF_PLUS_FLAGS,deployment_threshold,OOD,ood_test_injection_standard,length_bin,len_q3,996,619,377,0.5241,0.5134,0.6304,0.5265,0.0065,0.0485,0.1002,0.4588,126.0,127.3022,0.7054,5.1505,metrics_ablation_bins_splitC__ood-ood_test_injection_standard.csv,bin_eval=length_bin:len_q3; stage=OOD; eval_track=deployment_threshold; n_total=996; n_pos=619; n_neg=377; ood_name=ood_test_injection_standard,OOD_BIN_LENGTH_BIN_LEN_Q3,,
C,ablation,M2_TFIDF_PLUS_FLAGS,ranking,OOD,,length_bin,len_q3,192,113,79,0.599,0.476,0.7077,0.6151,0.0619,0.1239,0.1504,0.0796,13.0,13.026,1.0,4.9167,metrics_ablation_bins_splitC.csv,bin_eval=length_bin:len_q3; stage=OOD; eval_track=ranking; n_total=192; n_pos=113; n_neg=79,OOD_BIN_LENGTH_BIN_LEN_Q3,,
C,ablation,M2_TFIDF_PLUS_FLAGS,ranking,OOD,ood_test_injection,length_bin,len_q3,169,162,7,0.9645,0.6159,0.9226,0.3166,0.0062,0.0062,0.0062,0.0,132.0,138.7101,0.6803,5.645,metrics_ablation_bins_splitC__ood-ood_test_injection.csv,bin_eval=length_bin:len_q3; stage=OOD; eval_track=ranking; n_total=169; n_pos=162; n_neg=7; ood_name=ood_test_injection,OOD_BIN_LENGTH_BIN_LEN_Q3,,
C,ablation,M2_TFIDF_PLUS_FLAGS,ranking,OOD,ood_test_injection_standard,length_bin,len_q3,996,619,377,0.6225,0.3862,0.6304,0.5265,0.0065,0.0485,0.1002,0.0,126.0,127.3022,0.7054,5.1505,metrics_ablation_bins_splitC__ood-ood_test_injection_standard.csv,bin_eval=length_bin:len_q3; stage=OOD; eval_track=ranking; n_total=996; n_pos=619; n_neg=377; ood_name=ood_test_injection_standard,OOD_BIN_LENGTH_BIN_LEN_Q3,,
C,ablation,M3_TFIDF_PLUS_FLAGS_PLUS_IBVS_V1_TOTAL,deployment_threshold,OOD,,length_bin,len_q3,192,113,79,0.5365,0.5328,0.7197,0.6084,0.0973,0.1858,0.2478,0.6195,13.0,13.026,1.0,4.9167,metrics_ablation_bins_splitC.csv,bin_eval=length_bin:len_q3; stage=OOD; eval_track=deployment_threshold; n_total=192; n_pos=113; n_neg=79,OOD_BIN_LENGTH_BIN_LEN_Q3,,
C,ablation,M3_TFIDF_PLUS_FLAGS_PLUS_IBVS_V1_TOTAL,deployment_threshold,OOD,ood_test_injection,length_bin,len_q3,169,162,7,0.8402,0.5205,0.9324,0.3545,0.0247,0.0247,0.0247,0.1358,132.0,138.7101,0.6803,5.645,metrics_ablation_bins_splitC__ood-ood_test_injection.csv,bin_eval=length_bin:len_q3; stage=OOD; eval_track=deployment_threshold; n_total=169; n_pos=162; n_neg=7; ood_name=ood_test_injection,OOD_BIN_LENGTH_BIN_LEN_Q3,,
C,ablation,M3_TFIDF_PLUS_FLAGS_PLUS_IBVS_V1_TOTAL,deployment_threshold,OOD,ood_test_injection_standard,length_bin,len_q3,996,619,377,0.5934,0.5219,0.6273,0.521,0.0048,0.0355,0.0937,0.2116,126.0,127.3022,0.7054,5.1505,metrics_ablation_bins_splitC__ood-ood_test_injection_standard.csv,bin_eval=length_bin:len_q3; stage=OOD; eval_track=deployment_threshold; n_total=996; n_pos=619; n_neg=377; ood_name=ood_test_injection_standard,OOD_BIN_LENGTH_BIN_LEN_Q3,,
C,ablation,M3_TFIDF_PLUS_FLAGS_PLUS_IBVS_V1_TOTAL,ranking,OOD,,length_bin,len_q3,192,113,79,0.5885,0.5546,0.7197,0.6084,0.0973,0.1858,0.2478,0.2655,13.0,13.026,1.0,4.9167,metrics_ablation_bins_splitC.csv,bin_eval=length_bin:len_q3; stage=OOD; eval_track=ranking; n_total=192; n_pos=113; n_neg=79,OOD_BIN_LENGTH_BIN_LEN_Q3,,
C,ablation,M3_TFIDF_PLUS_FLAGS_PLUS_IBVS_V1_TOTAL,ranking,OOD,ood_test_injection,length_bin,len_q3,169,162,7,0.9586,0.6005,0.9324,0.3545,0.0247,0.0247,0.0247,0.0062,132.0,138.7101,0.6803,5.645,metrics_ablation_bins_splitC__ood-ood_test_injection.csv,bin_eval=length_bin:len_q3; stage=OOD; eval_track=ranking; n_total=169; n_pos=162; n_neg=7; ood_name=ood_test_injection,OOD_BIN_LENGTH_BIN_LEN_Q3,,
C,ablation,M3_TFIDF_PLUS_FLAGS_PLUS_IBVS_V1_TOTAL,ranking,OOD,ood_test_injection_standard,length_bin,len_q3,996,619,377,0.6205,0.402,0.6273,0.521,0.0048,0.0355,0.0937,0.0145,126.0,127.3022,0.7054,5.1505,metrics_ablation_bins_splitC__ood-ood_test_injection_standard.csv,bin_eval=length_bin:len_q3; stage=OOD; eval_track=ranking; n_total=996; n_pos=619; n_neg=377; ood_name=ood_test_injection_standard,OOD_BIN_LENGTH_BIN_LEN_Q3,,
C,ablation,M3_TFIDF_PLUS_FLAGS_PLUS_IBVS_V2_STRUCTURED,deployment_threshold,OOD,,length_bin,len_q3,192,113,79,0.5156,0.4969,0.7209,0.6265,0.0531,0.177,0.1947,0.7257,13.0,13.026,1.0,4.9167,metrics_ablation_bins_splitC.csv,bin_eval=length_bin:len_q3; stage=OOD; eval_track=deployment_threshold; n_total=192; n_pos=113; n_neg=79,OOD_BIN_LENGTH_BIN_LEN_Q3,,
C,ablation,M3_TFIDF_PLUS_FLAGS_PLUS_IBVS_V2_STRUCTURED,deployment_threshold,OOD,ood_test_injection,length_bin,len_q3,169,162,7,0.6213,0.3975,0.9301,0.3298,0.0185,0.0185,0.0185,0.358,132.0,138.7101,0.6803,5.645,metrics_ablation_bins_splitC__ood-ood_test_injection.csv,bin_eval=length_bin:len_q3; stage=OOD; eval_track=deployment_threshold; n_total=169; n_pos=162; n_neg=7; ood_name=ood_test_injection,OOD_BIN_LENGTH_BIN_LEN_Q3,,
C,ablation,M3_TFIDF_PLUS_FLAGS_PLUS_IBVS_V2_STRUCTURED,deployment_threshold,OOD,ood_test_injection_standard,length_bin,len_q3,996,619,377,0.5402,0.5188,0.6457,0.5406,0.0145,0.0549,0.1131,0.3958,126.0,127.3022,0.7054,5.1505,metrics_ablation_bins_splitC__ood-ood_test_injection_standard.csv,bin_eval=length_bin:len_q3; stage=OOD; eval_track=deployment_threshold; n_total=996; n_pos=619; n_neg=377; ood_name=ood_test_injection_standard,OOD_BIN_LENGTH_BIN_LEN_Q3,,
C,ablation,M3_TFIDF_PLUS_FLAGS_PLUS_IBVS_V2_STRUCTURED,ranking,OOD,,length_bin,len_q3,192,113,79,0.5885,0.4822,0.7209,0.6265,0.0531,0.177,0.1947,0.115,13.0,13.026,1.0,4.9167,metrics_ablation_bins_splitC.csv,bin_eval=length_bin:len_q3; stage=OOD; eval_track=ranking; n_total=192; n_pos=113; n_neg=79,OOD_BIN_LENGTH_BIN_LEN_Q3,,
C,ablation,M3_TFIDF_PLUS_FLAGS_PLUS_IBVS_V2_STRUCTURED,ranking,OOD,ood_test_injection,length_bin,len_q3,169,162,7,0.9645,0.6159,0.9301,0.3298,0.0185,0.0185,0.0185,0.0,132.0,138.7101,0.6803,5.645,metrics_ablation_bins_splitC__ood-ood_test_injection.csv,bin_eval=length_bin:len_q3; stage=OOD; eval_track=ranking; n_total=169; n_pos=162; n_neg=7; ood_name=ood_test_injection,OOD_BIN_LENGTH_BIN_LEN_Q3,,
C,ablation,M3_TFIDF_PLUS_FLAGS_PLUS_IBVS_V2_STRUCTURED,ranking,OOD,ood_test_injection_standard,length_bin,len_q3,996,619,377,0.6225,0.3862,0.6457,0.5406,0.0145,0.0549,0.1131,0.0,126.0,127.3022,0.7054,5.1505,metrics_ablation_bins_splitC__ood-ood_test_injection_standard.csv,bin_eval=length_bin:len_q3; stage=OOD; eval_track=ranking; n_total=996; n_pos=619; n_neg=377; ood_name=ood_test_injection_standard,OOD_BIN_LENGTH_BIN_LEN_Q3,,
C,ablation,M3_TFIDF_PLUS_FLAGS_PLUS_IBVS_V2_TAILCAL,deployment_threshold,OOD,,length_bin,len_q3,192,113,79,0.4896,0.4383,0.721,0.625,0.0442,0.1593,0.2212,0.8407,13.0,13.026,1.0,4.9167,metrics_ablation_bins_splitC.csv,bin_eval=length_bin:len_q3; stage=OOD; eval_track=deployment_threshold; n_total=192; n_pos=113; n_neg=79,OOD_BIN_LENGTH_BIN_LEN_Q3,,
C,ablation,M3_TFIDF_PLUS_FLAGS_PLUS_IBVS_V2_TAILCAL,deployment_threshold,OOD,ood_test_injection,length_bin,len_q3,169,162,7,0.3905,0.3026,0.9321,0.3757,0.0123,0.0123,0.0123,0.6111,132.0,138.7101,0.6803,5.645,metrics_ablation_bins_splitC__ood-ood_test_injection.csv,bin_eval=length_bin:len_q3; stage=OOD; eval_track=deployment_threshold; n_total=169; n_pos=162; n_neg=7; ood_name=ood_test_injection,OOD_BIN_LENGTH_BIN_LEN_Q3,,
C,ablation,M3_TFIDF_PLUS_FLAGS_PLUS_IBVS_V2_TAILCAL,deployment_threshold,OOD,ood_test_injection_standard,length_bin,len_q3,996,619,377,0.4739,0.473,0.6323,0.5311,0.0113,0.0258,0.0905,0.6511,126.0,127.3022,0.7054,5.1505,metrics_ablation_bins_splitC__ood-ood_test_injection_standard.csv,bin_eval=length_bin:len_q3; stage=OOD; eval_track=deployment_threshold; n_total=996; n_pos=619; n_neg=377; ood_name=ood_test_injection_standard,OOD_BIN_LENGTH_BIN_LEN_Q3,,
C,ablation,M3_TFIDF_PLUS_FLAGS_PLUS_IBVS_V2_TAILCAL,ranking,OOD,,length_bin,len_q3,192,113,79,0.6042,0.5105,0.721,0.625,0.0442,0.1593,0.2212,0.115,13.0,13.026,1.0,4.9167,metrics_ablation_bins_splitC.csv,bin_eval=length_bin:len_q3; stage=OOD; eval_track=ranking; n_total=192; n_pos=113; n_neg=79,OOD_BIN_LENGTH_BIN_LEN_Q3,,
C,ablation,M3_TFIDF_PLUS_FLAGS_PLUS_IBVS_V2_TAILCAL,ranking,OOD,ood_test_injection,length_bin,len_q3,169,162,7,0.9645,0.6159,0.9321,0.3757,0.0123,0.0123,0.0123,0.0,132.0,138.7101,0.6803,5.645,metrics_ablation_bins_splitC__ood-ood_test_injection.csv,bin_eval=length_bin:len_q3; stage=OOD; eval_track=ranking; n_total=169; n_pos=162; n_neg=7; ood_name=ood_test_injection,OOD_BIN_LENGTH_BIN_LEN_Q3,,
C,ablation,M3_TFIDF_PLUS_FLAGS_PLUS_IBVS_V2_TAILCAL,ranking,OOD,ood_test_injection_standard,length_bin,len_q3,996,619,377,0.6225,0.3862,0.6323,0.5311,0.0113,0.0258,0.0905,0.0,126.0,127.3022,0.7054,5.1505,metrics_ablation_bins_splitC__ood-ood_test_injection_standard.csv,bin_eval=length_bin:len_q3; stage=OOD; eval_track=ranking; n_total=996; n_pos=619; n_neg=377; ood_name=ood_test_injection_standard,OOD_BIN_LENGTH_BIN_LEN_Q3,,
C,ablation,M3_TFIDF_PLUS_FLAGS_PLUS_IBVS_V2_TOTAL,deployment_threshold,OOD,,length_bin,len_q3,192,113,79,0.5104,0.4778,0.7193,0.6194,0.0442,0.1858,0.2301,0.7788,13.0,13.026,1.0,4.9167,metrics_ablation_bins_splitC.csv,bin_eval=length_bin:len_q3; stage=OOD; eval_track=deployment_threshold; n_total=192; n_pos=113; n_neg=79,OOD_BIN_LENGTH_BIN_LEN_Q3,,
C,ablation,M3_TFIDF_PLUS_FLAGS_PLUS_IBVS_V2_TOTAL,deployment_threshold,OOD,ood_test_injection,length_bin,len_q3,169,162,7,0.5148,0.3701,0.9368,0.3871,0.0185,0.0185,0.0185,0.4815,132.0,138.7101,0.6803,5.645,metrics_ablation_bins_splitC__ood-ood_test_injection.csv,bin_eval=length_bin:len_q3; stage=OOD; eval_track=deployment_threshold; n_total=169; n_pos=162; n_neg=7; ood_name=ood_test_injection,OOD_BIN_LENGTH_BIN_LEN_Q3,,
C,ablation,M3_TFIDF_PLUS_FLAGS_PLUS_IBVS_V2_TOTAL,deployment_threshold,OOD,ood_test_injection_standard,length_bin,len_q3,996,619,377,0.512,0.5077,0.6364,0.5236,0.0065,0.0372,0.1276,0.5121,126.0,127.3022,0.7054,5.1505,metrics_ablation_bins_splitC__ood-ood_test_injection_standard.csv,bin_eval=length_bin:len_q3; stage=OOD; eval_track=deployment_threshold; n_total=996; n_pos=619; n_neg=377; ood_name=ood_test_injection_standard,OOD_BIN_LENGTH_BIN_LEN_Q3,,
C,ablation,M3_TFIDF_PLUS_FLAGS_PLUS_IBVS_V2_TOTAL,ranking,OOD,,length_bin,len_q3,192,113,79,0.5938,0.5084,0.7193,0.6194,0.0442,0.1858,0.2301,0.1416,13.0,13.026,1.0,4.9167,metrics_ablation_bins_splitC.csv,bin_eval=length_bin:len_q3; stage=OOD; eval_track=ranking; n_total=192; n_pos=113; n_neg=79,OOD_BIN_LENGTH_BIN_LEN_Q3,,
C,ablation,M3_TFIDF_PLUS_FLAGS_PLUS_IBVS_V2_TOTAL,ranking,OOD,ood_test_injection,length_bin,len_q3,169,162,7,0.9645,0.6159,0.9368,0.3871,0.0185,0.0185,0.0185,0.0,132.0,138.7101,0.6803,5.645,metrics_ablation_bins_splitC__ood-ood_test_injection.csv,bin_eval=length_bin:len_q3; stage=OOD; eval_track=ranking; n_total=169; n_pos=162; n_neg=7; ood_name=ood_test_injection,OOD_BIN_LENGTH_BIN_LEN_Q3,,
C,ablation,M3_TFIDF_PLUS_FLAGS_PLUS_IBVS_V2_TOTAL,ranking,OOD,ood_test_injection_standard,length_bin,len_q3,996,619,377,0.6225,0.3862,0.6364,0.5236,0.0065,0.0372,0.1276,0.0,126.0,127.3022,0.7054,5.1505,metrics_ablation_bins_splitC__ood-ood_test_injection_standard.csv,bin_eval=length_bin:len_q3; stage=OOD; eval_track=ranking; n_total=996; n_pos=619; n_neg=377; ood_name=ood_test_injection_standard,OOD_BIN_LENGTH_BIN_LEN_Q3,,
C,ablation,M3_TFIDF_PLUS_FLAGS_PLUS_IBVS_V2_TRIPWIRE,deployment_threshold,OOD,,length_bin,len_q3,192,113,79,0.4896,0.4383,0.7103,0.6112,0.0619,0.177,0.1947,0.8407,13.0,13.026,1.0,4.9167,metrics_ablation_bins_splitC.csv,bin_eval=length_bin:len_q3; stage=OOD; eval_track=deployment_threshold; n_total=192; n_pos=113; n_neg=79,OOD_BIN_LENGTH_BIN_LEN_Q3,,
C,ablation,M3_TFIDF_PLUS_FLAGS_PLUS_IBVS_V2_TRIPWIRE,deployment_threshold,OOD,ood_test_injection,length_bin,len_q3,169,162,7,0.4083,0.3056,0.9237,0.3395,0.0,0.0,0.0,0.5864,132.0,138.7101,0.6803,5.645,metrics_ablation_bins_splitC__ood-ood_test_injection.csv,bin_eval=length_bin:len_q3; stage=OOD; eval_track=deployment_threshold; n_total=169; n_pos=162; n_neg=7; ood_name=ood_test_injection,OOD_BIN_LENGTH_BIN_LEN_Q3,,
C,ablation,M3_TFIDF_PLUS_FLAGS_PLUS_IBVS_V2_TRIPWIRE,deployment_threshold,OOD,ood_test_injection_standard,length_bin,len_q3,996,619,377,0.4759,0.4759,0.635,0.5248,0.0097,0.0533,0.0889,0.6123,126.0,127.3022,0.7054,5.1505,metrics_ablation_bins_splitC__ood-ood_test_injection_standard.csv,bin_eval=length_bin:len_q3; stage=OOD; eval_track=deployment_threshold; n_total=996; n_pos=619; n_neg=377; ood_name=ood_test_injection_standard,OOD_BIN_LENGTH_BIN_LEN_Q3,,
C,ablation,M3_TFIDF_PLUS_FLAGS_PLUS_IBVS_V2_TRIPWIRE,ranking,OOD,,length_bin,len_q3,192,113,79,0.5833,0.4847,0.7103,0.6112,0.0619,0.177,0.1947,0.1327,13.0,13.026,1.0,4.9167,metrics_ablation_bins_splitC.csv,bin_eval=length_bin:len_q3; stage=OOD; eval_track=ranking; n_total=192; n_pos=113; n_neg=79,OOD_BIN_LENGTH_BIN_LEN_Q3,,
C,ablation,M3_TFIDF_PLUS_FLAGS_PLUS_IBVS_V2_TRIPWIRE,ranking,OOD,ood_test_injection,length_bin,len_q3,169,162,7,0.9645,0.6159,0.9237,0.3395,0.0,0.0,0.0,0.0,132.0,138.7101,0.6803,5.645,metrics_ablation_bins_splitC__ood-ood_test_injection.csv,bin_eval=length_bin:len_q3; stage=OOD; eval_track=ranking; n_total=169; n_pos=162; n_neg=7; ood_name=ood_test_injection,OOD_BIN_LENGTH_BIN_LEN_Q3,,
C,ablation,M3_TFIDF_PLUS_FLAGS_PLUS_IBVS_V2_TRIPWIRE,ranking,OOD,ood_test_injection_standard,length_bin,len_q3,996,619,377,0.6225,0.3862,0.635,0.5248,0.0097,0.0533,0.0889,0.0,126.0,127.3022,0.7054,5.1505,metrics_ablation_bins_splitC__ood-ood_test_injection_standard.csv,bin_eval=length_bin:len_q3; stage=OOD; eval_track=ranking; n_total=996; n_pos=619; n_neg=377; ood_name=ood_test_injection_standard,OOD_BIN_LENGTH_BIN_LEN_Q3,,
C,hybrid,HYBRID_SEM_ANCHORED_IBVS_BOOST,deployment_threshold,OOD,,length_bin,len_q3,192,113,79,0.7188,0.7186,0.8621,0.7845,0.2655,0.3628,0.6018,0.4071,13.0,13.026,1.0,4.9167,metrics_hybrid_bins_splitC.csv,bin_eval=length_bin:len_q3; stage=OOD; eval_track=deployment_threshold; n_total=192; n_pos=113; n_neg=79,OOD_BIN_LENGTH_BIN_LEN_Q3,,
C,hybrid,HYBRID_SEM_ANCHORED_IBVS_BOOST,deployment_threshold,OOD,ood_test_injection,length_bin,len_q3,169,162,7,0.6686,0.4172,0.9657,0.4982,0.1605,0.1605,0.1605,0.3086,132.0,138.7101,0.6803,5.645,metrics_hybrid_bins_splitC__ood-ood_test_injection.csv,bin_eval=length_bin:len_q3; stage=OOD; eval_track=deployment_threshold; n_total=169; n_pos=162; n_neg=7; ood_name=ood_test_injection,OOD_BIN_LENGTH_BIN_LEN_Q3,,
C,hybrid,HYBRID_SEM_ANCHORED_IBVS_BOOST,deployment_threshold,OOD,ood_test_injection_standard,length_bin,len_q3,996,619,377,0.6386,0.6075,0.7415,0.647,0.0194,0.1551,0.2488,0.2601,126.0,127.3022,0.7054,5.1505,metrics_hybrid_bins_splitC__ood-ood_test_injection_standard.csv,bin_eval=length_bin:len_q3; stage=OOD; eval_track=deployment_threshold; n_total=996; n_pos=619; n_neg=377; ood_name=ood_test_injection_standard,OOD_BIN_LENGTH_BIN_LEN_Q3,,
C,hybrid,HYBRID_SEM_ANCHORED_IBVS_BOOST_V2,deployment_threshold,OOD,,length_bin,len_q3,192,113,79,0.7188,0.7186,0.8621,0.7845,0.2655,0.3628,0.6018,0.4071,13.0,13.026,1.0,4.9167,metrics_hybrid_bins_splitC.csv,bin_eval=length_bin:len_q3; stage=OOD; eval_track=deployment_threshold; n_total=192; n_pos=113; n_neg=79,OOD_BIN_LENGTH_BIN_LEN_Q3,,
C,hybrid,HYBRID_SEM_ANCHORED_IBVS_BOOST_V2,deployment_threshold,OOD,ood_test_injection,length_bin,len_q3,169,162,7,0.6686,0.4172,0.9657,0.4982,0.1605,0.1605,0.1605,0.3086,132.0,138.7101,0.6803,5.645,metrics_hybrid_bins_splitC__ood-ood_test_injection.csv,bin_eval=length_bin:len_q3; stage=OOD; eval_track=deployment_threshold; n_total=169; n_pos=162; n_neg=7; ood_name=ood_test_injection,OOD_BIN_LENGTH_BIN_LEN_Q3,,
C,hybrid,HYBRID_SEM_ANCHORED_IBVS_BOOST_V2,deployment_threshold,OOD,ood_test_injection_standard,length_bin,len_q3,996,619,377,0.6386,0.6075,0.7415,0.647,0.0194,0.1551,0.2488,0.2601,126.0,127.3022,0.7054,5.1505,metrics_hybrid_bins_splitC__ood-ood_test_injection_standard.csv,bin_eval=length_bin:len_q3; stage=OOD; eval_track=deployment_threshold; n_total=996; n_pos=619; n_neg=377; ood_name=ood_test_injection_standard,OOD_BIN_LENGTH_BIN_LEN_Q3,,
C,hybrid,HYBRID_SEM_ANCHORED_IBVS_VETO,deployment_threshold,OOD,,length_bin,len_q3,192,113,79,0.6927,0.6809,0.8621,0.7845,0.2655,0.3628,0.6018,0.2478,13.0,13.026,1.0,4.9167,metrics_hybrid_bins_splitC.csv,bin_eval=length_bin:len_q3; stage=OOD; eval_track=deployment_threshold; n_total=192; n_pos=113; n_neg=79,OOD_BIN_LENGTH_BIN_LEN_Q3,,
C,hybrid,HYBRID_SEM_ANCHORED_IBVS_VETO,deployment_threshold,OOD,ood_test_injection,length_bin,len_q3,169,162,7,0.8107,0.4477,0.9657,0.4982,0.1605,0.1605,0.1605,0.1543,132.0,138.7101,0.6803,5.645,metrics_hybrid_bins_splitC__ood-ood_test_injection.csv,bin_eval=length_bin:len_q3; stage=OOD; eval_track=deployment_threshold; n_total=169; n_pos=162; n_neg=7; ood_name=ood_test_injection,OOD_BIN_LENGTH_BIN_LEN_Q3,,
C,hybrid,HYBRID_SEM_ANCHORED_IBVS_VETO,deployment_threshold,OOD,ood_test_injection_standard,length_bin,len_q3,996,619,377,0.6466,0.5638,0.7415,0.647,0.0194,0.1551,0.2488,0.1292,126.0,127.3022,0.7054,5.1505,metrics_hybrid_bins_splitC__ood-ood_test_injection_standard.csv,bin_eval=length_bin:len_q3; stage=OOD; eval_track=deployment_threshold; n_total=996; n_pos=619; n_neg=377; ood_name=ood_test_injection_standard,OOD_BIN_LENGTH_BIN_LEN_Q3,,
C,hybrid,HYBRID_SEM_EXPERT_GATE_M1_M3,deployment_threshold,OOD,,length_bin,len_q3,192,113,79,0.6719,0.6712,0.7947,0.7222,0.0,0.3451,0.3451,0.469,13.0,13.026,1.0,4.9167,metrics_hybrid_bins_splitC.csv,bin_eval=length_bin:len_q3; stage=OOD; eval_track=deployment_threshold; n_total=192; n_pos=113; n_neg=79,OOD_BIN_LENGTH_BIN_LEN_Q3,,
C,hybrid,HYBRID_SEM_EXPERT_GATE_M1_M3,deployment_threshold,OOD,ood_test_injection,length_bin,len_q3,169,162,7,0.7219,0.4391,0.9491,0.3713,0.0,0.0,0.0,0.2531,132.0,138.7101,0.6803,5.645,metrics_hybrid_bins_splitC__ood-ood_test_injection.csv,bin_eval=length_bin:len_q3; stage=OOD; eval_track=deployment_threshold; n_total=169; n_pos=162; n_neg=7; ood_name=ood_test_injection,OOD_BIN_LENGTH_BIN_LEN_Q3,,
C,hybrid,HYBRID_SEM_EXPERT_GATE_M1_M3,deployment_threshold,OOD,ood_test_injection_standard,length_bin,len_q3,996,619,377,0.6225,0.5643,0.6847,0.5761,0.0,0.0,0.2149,0.2052,126.0,127.3022,0.7054,5.1505,metrics_hybrid_bins_splitC__ood-ood_test_injection_standard.csv,bin_eval=length_bin:len_q3; stage=OOD; eval_track=deployment_threshold; n_total=996; n_pos=619; n_neg=377; ood_name=ood_test_injection_standard,OOD_BIN_LENGTH_BIN_LEN_Q3,,
C,hybrid,HYBRID_SEM_GATE_ELSE_M3_IBVS_V2,deployment_threshold,OOD,,length_bin,len_q3,192,113,79,0.651,0.6503,0.6902,0.6252,0.0354,0.0973,0.0973,0.4867,13.0,13.026,1.0,4.9167,metrics_hybrid_bins_splitC.csv,bin_eval=length_bin:len_q3; stage=OOD; eval_track=deployment_threshold; n_total=192; n_pos=113; n_neg=79,OOD_BIN_LENGTH_BIN_LEN_Q3,,
C,hybrid,HYBRID_SEM_GATE_ELSE_M3_IBVS_V2,deployment_threshold,OOD,ood_test_injection,length_bin,len_q3,169,162,7,0.6331,0.4025,0.9365,0.4665,0.0123,0.0123,0.0123,0.3457,132.0,138.7101,0.6803,5.645,metrics_hybrid_bins_splitC__ood-ood_test_injection.csv,bin_eval=length_bin:len_q3; stage=OOD; eval_track=deployment_threshold; n_total=169; n_pos=162; n_neg=7; ood_name=ood_test_injection,OOD_BIN_LENGTH_BIN_LEN_Q3,,
C,hybrid,HYBRID_SEM_GATE_ELSE_M3_IBVS_V2,deployment_threshold,OOD,ood_test_injection_standard,length_bin,len_q3,996,619,377,0.5904,0.5604,0.6081,0.494,0.0081,0.0404,0.0695,0.315,126.0,127.3022,0.7054,5.1505,metrics_hybrid_bins_splitC__ood-ood_test_injection_standard.csv,bin_eval=length_bin:len_q3; stage=OOD; eval_track=deployment_threshold; n_total=996; n_pos=619; n_neg=377; ood_name=ood_test_injection_standard,OOD_BIN_LENGTH_BIN_LEN_Q3,,
C,hybrid,HYBRID_SEM_LEARNED_META_FUSION,deployment_threshold,OOD,,length_bin,len_q3,192,113,79,0.6771,0.6748,0.8082,0.7441,0.0,0.3894,0.4513,0.354,13.0,13.026,1.0,4.9167,metrics_hybrid_bins_splitC.csv,bin_eval=length_bin:len_q3; stage=OOD; eval_track=deployment_threshold; n_total=192; n_pos=113; n_neg=79,OOD_BIN_LENGTH_BIN_LEN_Q3,,
C,hybrid,HYBRID_SEM_LEARNED_META_FUSION,deployment_threshold,OOD,ood_test_injection,length_bin,len_q3,169,162,7,0.8107,0.4768,0.9588,0.4198,0.1543,0.1543,0.1543,0.1605,132.0,138.7101,0.6803,5.645,metrics_hybrid_bins_splitC__ood-ood_test_injection.csv,bin_eval=length_bin:len_q3; stage=OOD; eval_track=deployment_threshold; n_total=169; n_pos=162; n_neg=7; ood_name=ood_test_injection,OOD_BIN_LENGTH_BIN_LEN_Q3,,
C,hybrid,HYBRID_SEM_LEARNED_META_FUSION,deployment_threshold,OOD,ood_test_injection_standard,length_bin,len_q3,996,619,377,0.6496,0.5794,0.7242,0.6344,0.0,0.0,0.2003,0.1486,126.0,127.3022,0.7054,5.1505,metrics_hybrid_bins_splitC__ood-ood_test_injection_standard.csv,bin_eval=length_bin:len_q3; stage=OOD; eval_track=deployment_threshold; n_total=996; n_pos=619; n_neg=377; ood_name=ood_test_injection_standard,OOD_BIN_LENGTH_BIN_LEN_Q3,,
C,semantic,SEM_LOGREG_BGE,deployment_threshold,OOD,ood_test,length_bin,len_q3,192,113,79,0.6927,0.6809,0.8621,0.7845,0.2655,0.3628,0.6018,0.2478,13.0,13.026,1.0,4.9167,metrics_semantic_bins_splitC.csv,bin_eval=length_bin:len_q3; stage=OOD; eval_track=deployment_threshold; n_total=192; n_pos=113; n_neg=79; ood_name=ood_test,OOD_BIN_LENGTH_BIN_LEN_Q3,,
C,semantic,SEM_LOGREG_BGE,deployment_threshold,OOD,ood_test_injection,length_bin,len_q3,169,162,7,0.8107,0.4477,0.9657,0.4982,0.1605,0.1605,0.1605,0.1543,132.0,138.7101,0.6803,5.645,metrics_semantic_bins_splitC__ood-ood_test_injection.csv,bin_eval=length_bin:len_q3; stage=OOD; eval_track=deployment_threshold; n_total=169; n_pos=162; n_neg=7; ood_name=ood_test_injection,OOD_BIN_LENGTH_BIN_LEN_Q3,,
C,semantic,SEM_LOGREG_BGE,deployment_threshold,OOD,ood_test_injection_standard,length_bin,len_q3,996,619,377,0.6466,0.5638,0.7415,0.647,0.0194,0.1551,0.2488,0.1292,126.0,127.3022,0.7054,5.1505,metrics_semantic_bins_splitC__ood-ood_test_injection_standard.csv,bin_eval=length_bin:len_q3; stage=OOD; eval_track=deployment_threshold; n_total=996; n_pos=619; n_neg=377; ood_name=ood_test_injection_standard,OOD_BIN_LENGTH_BIN_LEN_Q3,,
C,ablation,M1_TFIDF_ONLY,deployment_threshold,OOD,,length_bin,len_q4,192,159,33,0.3021,0.3021,0.8804,0.6026,0.0818,0.1006,0.1321,0.8176,18.0,19.3958,0.9444,5.0,metrics_ablation_bins_splitC.csv,bin_eval=length_bin:len_q4; stage=OOD; eval_track=deployment_threshold; n_total=192; n_pos=159; n_neg=33,OOD_BIN_LENGTH_BIN_LEN_Q4,,
C,ablation,M1_TFIDF_ONLY,deployment_threshold,OOD,ood_test_injection_standard,length_bin,len_q4,997,734,263,0.6239,0.5041,0.792,0.5629,0.0599,0.1185,0.1594,0.2425,217.0,275.008,0.5932,5.0547,metrics_ablation_bins_splitC__ood-ood_test_injection_standard.csv,bin_eval=length_bin:len_q4; stage=OOD; eval_track=deployment_threshold; n_total=997; n_pos=734; n_neg=263; ood_name=ood_test_injection_standard,OOD_BIN_LENGTH_BIN_LEN_Q4,,
C,ablation,M1_TFIDF_ONLY,ranking,OOD,,length_bin,len_q4,192,159,33,0.6615,0.5454,0.8804,0.6026,0.0818,0.1006,0.1321,0.2956,18.0,19.3958,0.9444,5.0,metrics_ablation_bins_splitC.csv,bin_eval=length_bin:len_q4; stage=OOD; eval_track=ranking; n_total=192; n_pos=159; n_neg=33,OOD_BIN_LENGTH_BIN_LEN_Q4,,
C,ablation,M1_TFIDF_ONLY,ranking,OOD,ood_test_injection_standard,length_bin,len_q4,997,734,263,0.7382,0.4392,0.792,0.5629,0.0599,0.1185,0.1594,0.0027,217.0,275.008,0.5932,5.0547,metrics_ablation_bins_splitC__ood-ood_test_injection_standard.csv,bin_eval=length_bin:len_q4; stage=OOD; eval_track=ranking; n_total=997; n_pos=734; n_neg=263; ood_name=ood_test_injection_standard,OOD_BIN_LENGTH_BIN_LEN_Q4,,
C,ablation,M2_TFIDF_PLUS_FLAGS,deployment_threshold,OOD,,length_bin,len_q4,192,159,33,0.4479,0.4254,0.8891,0.6183,0.1195,0.1572,0.2138,0.6101,18.0,19.3958,0.9444,5.0,metrics_ablation_bins_splitC.csv,bin_eval=length_bin:len_q4; stage=OOD; eval_track=deployment_threshold; n_total=192; n_pos=159; n_neg=33,OOD_BIN_LENGTH_BIN_LEN_Q4,,
C,ablation,M2_TFIDF_PLUS_FLAGS,deployment_threshold,OOD,ood_test_injection_standard,length_bin,len_q4,997,734,263,0.5908,0.505,0.7516,0.5091,0.0232,0.0654,0.139,0.3161,217.0,275.008,0.5932,5.0547,metrics_ablation_bins_splitC__ood-ood_test_injection_standard.csv,bin_eval=length_bin:len_q4; stage=OOD; eval_track=deployment_threshold; n_total=997; n_pos=734; n_neg=263; ood_name=ood_test_injection_standard,OOD_BIN_LENGTH_BIN_LEN_Q4,,
C,ablation,M2_TFIDF_PLUS_FLAGS,ranking,OOD,,length_bin,len_q4,192,159,33,0.8073,0.472,0.8891,0.6183,0.1195,0.1572,0.2138,0.0314,18.0,19.3958,0.9444,5.0,metrics_ablation_bins_splitC.csv,bin_eval=length_bin:len_q4; stage=OOD; eval_track=ranking; n_total=192; n_pos=159; n_neg=33,OOD_BIN_LENGTH_BIN_LEN_Q4,,
C,ablation,M2_TFIDF_PLUS_FLAGS,ranking,OOD,ood_test_injection_standard,length_bin,len_q4,997,734,263,0.7362,0.424,0.7516,0.5091,0.0232,0.0654,0.139,0.0,217.0,275.008,0.5932,5.0547,metrics_ablation_bins_splitC__ood-ood_test_injection_standard.csv,bin_eval=length_bin:len_q4; stage=OOD; eval_track=ranking; n_total=997; n_pos=734; n_neg=263; ood_name=ood_test_injection_standard,OOD_BIN_LENGTH_BIN_LEN_Q4,,
C,ablation,M3_TFIDF_PLUS_FLAGS_PLUS_IBVS_V1_TOTAL,deployment_threshold,OOD,,length_bin,len_q4,192,159,33,0.5938,0.5135,0.8786,0.6112,0.0503,0.0755,0.1447,0.3962,18.0,19.3958,0.9444,5.0,metrics_ablation_bins_splitC.csv,bin_eval=length_bin:len_q4; stage=OOD; eval_track=deployment_threshold; n_total=192; n_pos=159; n_neg=33,OOD_BIN_LENGTH_BIN_LEN_Q4,,
C,ablation,M3_TFIDF_PLUS_FLAGS_PLUS_IBVS_V1_TOTAL,deployment_threshold,OOD,ood_test_injection_standard,length_bin,len_q4,997,734,263,0.671,0.4909,0.7463,0.4968,0.0041,0.0926,0.1403,0.1403,217.0,275.008,0.5932,5.0547,metrics_ablation_bins_splitC__ood-ood_test_injection_standard.csv,bin_eval=length_bin:len_q4; stage=OOD; eval_track=deployment_threshold; n_total=997; n_pos=734; n_neg=263; ood_name=ood_test_injection_standard,OOD_BIN_LENGTH_BIN_LEN_Q4,,
C,ablation,M3_TFIDF_PLUS_FLAGS_PLUS_IBVS_V1_TOTAL,ranking,OOD,,length_bin,len_q4,192,159,33,0.7604,0.4884,0.8786,0.6112,0.0503,0.0755,0.1447,0.1006,18.0,19.3958,0.9444,5.0,metrics_ablation_bins_splitC.csv,bin_eval=length_bin:len_q4; stage=OOD; eval_track=ranking; n_total=192; n_pos=159; n_neg=33,OOD_BIN_LENGTH_BIN_LEN_Q4,,
C,ablation,M3_TFIDF_PLUS_FLAGS_PLUS_IBVS_V1_TOTAL,ranking,OOD,ood_test_injection_standard,length_bin,len_q4,997,734,263,0.7352,0.4274,0.7463,0.4968,0.0041,0.0926,0.1403,0.0027,217.0,275.008,0.5932,5.0547,metrics_ablation_bins_splitC__ood-ood_test_injection_standard.csv,bin_eval=length_bin:len_q4; stage=OOD; eval_track=ranking; n_total=997; n_pos=734; n_neg=263; ood_name=ood_test_injection_standard,OOD_BIN_LENGTH_BIN_LEN_Q4,,
C,ablation,M3_TFIDF_PLUS_FLAGS_PLUS_IBVS_V2_STRUCTURED,deployment_threshold,OOD,,length_bin,len_q4,192,159,33,0.4896,0.4556,0.8853,0.6156,0.1069,0.1321,0.195,0.5535,18.0,19.3958,0.9444,5.0,metrics_ablation_bins_splitC.csv,bin_eval=length_bin:len_q4; stage=OOD; eval_track=deployment_threshold; n_total=192; n_pos=159; n_neg=33,OOD_BIN_LENGTH_BIN_LEN_Q4,,
C,ablation,M3_TFIDF_PLUS_FLAGS_PLUS_IBVS_V2_STRUCTURED,deployment_threshold,OOD,ood_test_injection_standard,length_bin,len_q4,997,734,263,0.6419,0.5254,0.7785,0.5476,0.0286,0.0913,0.1757,0.2275,217.0,275.008,0.5932,5.0547,metrics_ablation_bins_splitC__ood-ood_test_injection_standard.csv,bin_eval=length_bin:len_q4; stage=OOD; eval_track=deployment_threshold; n_total=997; n_pos=734; n_neg=263; ood_name=ood_test_injection_standard,OOD_BIN_LENGTH_BIN_LEN_Q4,,
C,ablation,M3_TFIDF_PLUS_FLAGS_PLUS_IBVS_V2_STRUCTURED,ranking,OOD,,length_bin,len_q4,192,159,33,0.8073,0.472,0.8853,0.6156,0.1069,0.1321,0.195,0.0314,18.0,19.3958,0.9444,5.0,metrics_ablation_bins_splitC.csv,bin_eval=length_bin:len_q4; stage=OOD; eval_track=ranking; n_total=192; n_pos=159; n_neg=33,OOD_BIN_LENGTH_BIN_LEN_Q4,,
C,ablation,M3_TFIDF_PLUS_FLAGS_PLUS_IBVS_V2_STRUCTURED,ranking,OOD,ood_test_injection_standard,length_bin,len_q4,997,734,263,0.7362,0.424,0.7785,0.5476,0.0286,0.0913,0.1757,0.0,217.0,275.008,0.5932,5.0547,metrics_ablation_bins_splitC__ood-ood_test_injection_standard.csv,bin_eval=length_bin:len_q4; stage=OOD; eval_track=ranking; n_total=997; n_pos=734; n_neg=263; ood_name=ood_test_injection_standard,OOD_BIN_LENGTH_BIN_LEN_Q4,,
C,ablation,M3_TFIDF_PLUS_FLAGS_PLUS_IBVS_V2_TAILCAL,deployment_threshold,OOD,,length_bin,len_q4,192,159,33,0.349,0.345,0.8792,0.5975,0.1321,0.1321,0.1635,0.7421,18.0,19.3958,0.9444,5.0,metrics_ablation_bins_splitC.csv,bin_eval=length_bin:len_q4; stage=OOD; eval_track=deployment_threshold; n_total=192; n_pos=159; n_neg=33,OOD_BIN_LENGTH_BIN_LEN_Q4,,
C,ablation,M3_TFIDF_PLUS_FLAGS_PLUS_IBVS_V2_TAILCAL,deployment_threshold,OOD,ood_test_injection_standard,length_bin,len_q4,997,734,263,0.4905,0.4739,0.7557,0.5192,0.0082,0.0722,0.1431,0.5463,217.0,275.008,0.5932,5.0547,metrics_ablation_bins_splitC__ood-ood_test_injection_standard.csv,bin_eval=length_bin:len_q4; stage=OOD; eval_track=deployment_threshold; n_total=997; n_pos=734; n_neg=263; ood_name=ood_test_injection_standard,OOD_BIN_LENGTH_BIN_LEN_Q4,,
C,ablation,M3_TFIDF_PLUS_FLAGS_PLUS_IBVS_V2_TAILCAL,ranking,OOD,,length_bin,len_q4,192,159,33,0.7969,0.4435,0.8792,0.5975,0.1321,0.1321,0.1635,0.0377,18.0,19.3958,0.9444,5.0,metrics_ablation_bins_splitC.csv,bin_eval=length_bin:len_q4; stage=OOD; eval_track=ranking; n_total=192; n_pos=159; n_neg=33,OOD_BIN_LENGTH_BIN_LEN_Q4,,
C,ablation,M3_TFIDF_PLUS_FLAGS_PLUS_IBVS_V2_TAILCAL,ranking,OOD,ood_test_injection_standard,length_bin,len_q4,997,734,263,0.7362,0.424,0.7557,0.5192,0.0082,0.0722,0.1431,0.0,217.0,275.008,0.5932,5.0547,metrics_ablation_bins_splitC__ood-ood_test_injection_standard.csv,bin_eval=length_bin:len_q4; stage=OOD; eval_track=ranking; n_total=997; n_pos=734; n_neg=263; ood_name=ood_test_injection_standard,OOD_BIN_LENGTH_BIN_LEN_Q4,,
C,ablation,M3_TFIDF_PLUS_FLAGS_PLUS_IBVS_V2_TOTAL,deployment_threshold,OOD,,length_bin,len_q4,192,159,33,0.4219,0.4084,0.8894,0.6198,0.1069,0.1447,0.2327,0.6541,18.0,19.3958,0.9444,5.0,metrics_ablation_bins_splitC.csv,bin_eval=length_bin:len_q4; stage=OOD; eval_track=deployment_threshold; n_total=192; n_pos=159; n_neg=33,OOD_BIN_LENGTH_BIN_LEN_Q4,,
C,ablation,M3_TFIDF_PLUS_FLAGS_PLUS_IBVS_V2_TOTAL,deployment_threshold,OOD,ood_test_injection_standard,length_bin,len_q4,997,734,263,0.5747,0.502,0.768,0.523,0.0327,0.1144,0.1608,0.3501,217.0,275.008,0.5932,5.0547,metrics_ablation_bins_splitC__ood-ood_test_injection_standard.csv,bin_eval=length_bin:len_q4; stage=OOD; eval_track=deployment_threshold; n_total=997; n_pos=734; n_neg=263; ood_name=ood_test_injection_standard,OOD_BIN_LENGTH_BIN_LEN_Q4,,
C,ablation,M3_TFIDF_PLUS_FLAGS_PLUS_IBVS_V2_TOTAL,ranking,OOD,,length_bin,len_q4,192,159,33,0.8021,0.4921,0.8894,0.6198,0.1069,0.1447,0.2327,0.044,18.0,19.3958,0.9444,5.0,metrics_ablation_bins_splitC.csv,bin_eval=length_bin:len_q4; stage=OOD; eval_track=ranking; n_total=192; n_pos=159; n_neg=33,OOD_BIN_LENGTH_BIN_LEN_Q4,,
C,ablation,M3_TFIDF_PLUS_FLAGS_PLUS_IBVS_V2_TOTAL,ranking,OOD,ood_test_injection_standard,length_bin,len_q4,997,734,263,0.7362,0.424,0.768,0.523,0.0327,0.1144,0.1608,0.0,217.0,275.008,0.5932,5.0547,metrics_ablation_bins_splitC__ood-ood_test_injection_standard.csv,bin_eval=length_bin:len_q4; stage=OOD; eval_track=ranking; n_total=997; n_pos=734; n_neg=263; ood_name=ood_test_injection_standard,OOD_BIN_LENGTH_BIN_LEN_Q4,,
C,ablation,M3_TFIDF_PLUS_FLAGS_PLUS_IBVS_V2_TRIPWIRE,deployment_threshold,OOD,,length_bin,len_q4,192,159,33,0.3698,0.3669,0.8941,0.6289,0.1132,0.1509,0.2264,0.7358,18.0,19.3958,0.9444,5.0,metrics_ablation_bins_splitC.csv,bin_eval=length_bin:len_q4; stage=OOD; eval_track=deployment_threshold; n_total=192; n_pos=159; n_neg=33,OOD_BIN_LENGTH_BIN_LEN_Q4,,
C,ablation,M3_TFIDF_PLUS_FLAGS_PLUS_IBVS_V2_TRIPWIRE,deployment_threshold,OOD,ood_test_injection_standard,length_bin,len_q4,997,734,263,0.5266,0.4864,0.7553,0.5122,0.0177,0.0763,0.1444,0.4523,217.0,275.008,0.5932,5.0547,metrics_ablation_bins_splitC__ood-ood_test_injection_standard.csv,bin_eval=length_bin:len_q4; stage=OOD; eval_track=deployment_threshold; n_total=997; n_pos=734; n_neg=263; ood_name=ood_test_injection_standard,OOD_BIN_LENGTH_BIN_LEN_Q4,,
C,ablation,M3_TFIDF_PLUS_FLAGS_PLUS_IBVS_V2_TRIPWIRE,ranking,OOD,,length_bin,len_q4,192,159,33,0.7969,0.4675,0.8941,0.6289,0.1132,0.1509,0.2264,0.044,18.0,19.3958,0.9444,5.0,metrics_ablation_bins_splitC.csv,bin_eval=length_bin:len_q4; stage=OOD; eval_track=ranking; n_total=192; n_pos=159; n_neg=33,OOD_BIN_LENGTH_BIN_LEN_Q4,,
C,ablation,M3_TFIDF_PLUS_FLAGS_PLUS_IBVS_V2_TRIPWIRE,ranking,OOD,ood_test_injection_standard,length_bin,len_q4,997,734,263,0.7362,0.424,0.7553,0.5122,0.0177,0.0763,0.1444,0.0,217.0,275.008,0.5932,5.0547,metrics_ablation_bins_splitC__ood-ood_test_injection_standard.csv,bin_eval=length_bin:len_q4; stage=OOD; eval_track=ranking; n_total=997; n_pos=734; n_neg=263; ood_name=ood_test_injection_standard,OOD_BIN_LENGTH_BIN_LEN_Q4,,
C,hybrid,HYBRID_SEM_ANCHORED_IBVS_BOOST,deployment_threshold,OOD,,length_bin,len_q4,192,159,33,0.7292,0.6571,0.9651,0.8548,0.3522,0.4969,0.5975,0.283,18.0,19.3958,0.9444,5.0,metrics_hybrid_bins_splitC.csv,bin_eval=length_bin:len_q4; stage=OOD; eval_track=deployment_threshold; n_total=192; n_pos=159; n_neg=33,OOD_BIN_LENGTH_BIN_LEN_Q4,,
C,hybrid,HYBRID_SEM_ANCHORED_IBVS_BOOST,deployment_threshold,OOD,ood_test_injection_standard,length_bin,len_q4,997,734,263,0.7332,0.6646,0.8613,0.7311,0.0559,0.1213,0.2766,0.1948,217.0,275.008,0.5932,5.0547,metrics_hybrid_bins_splitC__ood-ood_test_injection_standard.csv,bin_eval=length_bin:len_q4; stage=OOD; eval_track=deployment_threshold; n_total=997; n_pos=734; n_neg=263; ood_name=ood_test_injection_standard,OOD_BIN_LENGTH_BIN_LEN_Q4,,
C,hybrid,HYBRID_SEM_ANCHORED_IBVS_BOOST_V2,deployment_threshold,OOD,,length_bin,len_q4,192,159,33,0.7292,0.6571,0.9651,0.8548,0.3522,0.4969,0.5975,0.283,18.0,19.3958,0.9444,5.0,metrics_hybrid_bins_splitC.csv,bin_eval=length_bin:len_q4; stage=OOD; eval_track=deployment_threshold; n_total=192; n_pos=159; n_neg=33,OOD_BIN_LENGTH_BIN_LEN_Q4,,
C,hybrid,HYBRID_SEM_ANCHORED_IBVS_BOOST_V2,deployment_threshold,OOD,ood_test_injection_standard,length_bin,len_q4,997,734,263,0.7332,0.6646,0.8613,0.7311,0.0559,0.1213,0.2766,0.1948,217.0,275.008,0.5932,5.0547,metrics_hybrid_bins_splitC__ood-ood_test_injection_standard.csv,bin_eval=length_bin:len_q4; stage=OOD; eval_track=deployment_threshold; n_total=997; n_pos=734; n_neg=263; ood_name=ood_test_injection_standard,OOD_BIN_LENGTH_BIN_LEN_Q4,,
C,hybrid,HYBRID_SEM_ANCHORED_IBVS_VETO,deployment_threshold,OOD,,length_bin,len_q4,192,159,33,0.8229,0.703,0.9651,0.8548,0.3522,0.4969,0.5975,0.1195,18.0,19.3958,0.9444,5.0,metrics_hybrid_bins_splitC.csv,bin_eval=length_bin:len_q4; stage=OOD; eval_track=deployment_threshold; n_total=192; n_pos=159; n_neg=33,OOD_BIN_LENGTH_BIN_LEN_Q4,,
C,hybrid,HYBRID_SEM_ANCHORED_IBVS_VETO,deployment_threshold,OOD,ood_test_injection_standard,length_bin,len_q4,997,734,263,0.7753,0.6891,0.8613,0.7311,0.0559,0.1213,0.2766,0.1158,217.0,275.008,0.5932,5.0547,metrics_hybrid_bins_splitC__ood-ood_test_injection_standard.csv,bin_eval=length_bin:len_q4; stage=OOD; eval_track=deployment_threshold; n_total=997; n_pos=734; n_neg=263; ood_name=ood_test_injection_standard,OOD_BIN_LENGTH_BIN_LEN_Q4,,
C,hybrid,HYBRID_SEM_EXPERT_GATE_M1_M3,deployment_threshold,OOD,,length_bin,len_q4,192,159,33,0.651,0.5921,0.934,0.7598,0.2579,0.2579,0.3585,0.3774,18.0,19.3958,0.9444,5.0,metrics_hybrid_bins_splitC.csv,bin_eval=length_bin:len_q4; stage=OOD; eval_track=deployment_threshold; n_total=192; n_pos=159; n_neg=33,OOD_BIN_LENGTH_BIN_LEN_Q4,,
C,hybrid,HYBRID_SEM_EXPERT_GATE_M1_M3,deployment_threshold,OOD,ood_test_injection_standard,length_bin,len_q4,997,734,263,0.7372,0.6426,0.8129,0.6469,0.0,0.0,0.1989,0.1499,217.0,275.008,0.5932,5.0547,metrics_hybrid_bins_splitC__ood-ood_test_injection_standard.csv,bin_eval=length_bin:len_q4; stage=OOD; eval_track=deployment_threshold; n_total=997; n_pos=734; n_neg=263; ood_name=ood_test_injection_standard,OOD_BIN_LENGTH_BIN_LEN_Q4,,
C,hybrid,HYBRID_SEM_GATE_ELSE_M3_IBVS_V2,deployment_threshold,OOD,,length_bin,len_q4,192,159,33,0.6615,0.6005,0.8905,0.6791,0.0692,0.1006,0.1447,0.3648,18.0,19.3958,0.9444,5.0,metrics_hybrid_bins_splitC.csv,bin_eval=length_bin:len_q4; stage=OOD; eval_track=deployment_threshold; n_total=192; n_pos=159; n_neg=33,OOD_BIN_LENGTH_BIN_LEN_Q4,,
C,hybrid,HYBRID_SEM_GATE_ELSE_M3_IBVS_V2,deployment_threshold,OOD,ood_test_injection_standard,length_bin,len_q4,997,734,263,0.7061,0.6174,0.7763,0.5797,0.0163,0.0695,0.1281,0.1935,217.0,275.008,0.5932,5.0547,metrics_hybrid_bins_splitC__ood-ood_test_injection_standard.csv,bin_eval=length_bin:len_q4; stage=OOD; eval_track=deployment_threshold; n_total=997; n_pos=734; n_neg=263; ood_name=ood_test_injection_standard,OOD_BIN_LENGTH_BIN_LEN_Q4,,
C,hybrid,HYBRID_SEM_LEARNED_META_FUSION,deployment_threshold,OOD,,length_bin,len_q4,192,159,33,0.7604,0.6662,0.9446,0.7953,0.2516,0.3396,0.434,0.2201,18.0,19.3958,0.9444,5.0,metrics_hybrid_bins_splitC.csv,bin_eval=length_bin:len_q4; stage=OOD; eval_track=deployment_threshold; n_total=192; n_pos=159; n_neg=33,OOD_BIN_LENGTH_BIN_LEN_Q4,,
C,hybrid,HYBRID_SEM_LEARNED_META_FUSION,deployment_threshold,OOD,ood_test_injection_standard,length_bin,len_q4,997,734,263,0.7693,0.6817,0.8432,0.7148,0.0,0.0,0.2725,0.1213,217.0,275.008,0.5932,5.0547,metrics_hybrid_bins_splitC__ood-ood_test_injection_standard.csv,bin_eval=length_bin:len_q4; stage=OOD; eval_track=deployment_threshold; n_total=997; n_pos=734; n_neg=263; ood_name=ood_test_injection_standard,OOD_BIN_LENGTH_BIN_LEN_Q4,,
C,semantic,SEM_LOGREG_BGE,deployment_threshold,OOD,ood_test,length_bin,len_q4,192,159,33,0.8229,0.703,0.9651,0.8548,0.3522,0.4969,0.5975,0.1195,18.0,19.3958,0.9444,5.0,metrics_semantic_bins_splitC.csv,bin_eval=length_bin:len_q4; stage=OOD; eval_track=deployment_threshold; n_total=192; n_pos=159; n_neg=33; ood_name=ood_test,OOD_BIN_LENGTH_BIN_LEN_Q4,,
C,semantic,SEM_LOGREG_BGE,deployment_threshold,OOD,ood_test_injection_standard,length_bin,len_q4,997,734,263,0.7753,0.6891,0.8613,0.7311,0.0559,0.1213,0.2766,0.1158,217.0,275.008,0.5932,5.0547,metrics_semantic_bins_splitC__ood-ood_test_injection_standard.csv,bin_eval=length_bin:len_q4; stage=OOD; eval_track=deployment_threshold; n_total=997; n_pos=734; n_neg=263; ood_name=ood_test_injection_standard,OOD_BIN_LENGTH_BIN_LEN_Q4,,
C,ablation,M1_TFIDF_ONLY,deployment_threshold,TEST,,complexity_bin,complex_q1,38,28,10,0.5263,0.525,0.9178,0.8429,0.1429,0.1429,0.7143,0.6071,15.0,21.2105,0.8889,4.7,metrics_ablation_bins_splitC.csv,bin_eval=complexity_bin:complex_q1; stage=TEST; eval_track=deployment_threshold; n_total=38; n_pos=28; n_neg=10,TEST_BIN_COMPLEXITY_BIN_COMPLEX_Q1,,
C,ablation,M1_TFIDF_ONLY,ranking,TEST,,complexity_bin,complex_q1,38,28,10,0.8421,0.8081,0.9178,0.8429,0.1429,0.1429,0.7143,0.1429,15.0,21.2105,0.8889,4.7,metrics_ablation_bins_splitC.csv,bin_eval=complexity_bin:complex_q1; stage=TEST; eval_track=ranking; n_total=38; n_pos=28; n_neg=10,TEST_BIN_COMPLEXITY_BIN_COMPLEX_Q1,,
C,ablation,M2_TFIDF_PLUS_FLAGS,deployment_threshold,TEST,,complexity_bin,complex_q1,38,28,10,0.6316,0.6222,0.9459,0.8964,0.25,0.25,0.7857,0.4643,15.0,21.2105,0.8889,4.7,metrics_ablation_bins_splitC.csv,bin_eval=complexity_bin:complex_q1; stage=TEST; eval_track=deployment_threshold; n_total=38; n_pos=28; n_neg=10,TEST_BIN_COMPLEXITY_BIN_COMPLEX_Q1,,
C,ablation,M2_TFIDF_PLUS_FLAGS,ranking,TEST,,complexity_bin,complex_q1,38,28,10,0.9211,0.8863,0.9459,0.8964,0.25,0.25,0.7857,0.0,15.0,21.2105,0.8889,4.7,metrics_ablation_bins_splitC.csv,bin_eval=complexity_bin:complex_q1; stage=TEST; eval_track=ranking; n_total=38; n_pos=28; n_neg=10,TEST_BIN_COMPLEXITY_BIN_COMPLEX_Q1,,
C,ablation,M3_TFIDF_PLUS_FLAGS_PLUS_IBVS_V1_TOTAL,deployment_threshold,TEST,,complexity_bin,complex_q1,38,28,10,0.7632,0.7415,0.957,0.9143,0.3214,0.3214,0.8214,0.2857,15.0,21.2105,0.8889,4.7,metrics_ablation_bins_splitC.csv,bin_eval=complexity_bin:complex_q1; stage=TEST; eval_track=deployment_threshold; n_total=38; n_pos=28; n_neg=10,TEST_BIN_COMPLEXITY_BIN_COMPLEX_Q1,,
C,ablation,M3_TFIDF_PLUS_FLAGS_PLUS_IBVS_V1_TOTAL,ranking,TEST,,complexity_bin,complex_q1,38,28,10,0.8684,0.8355,0.957,0.9143,0.3214,0.3214,0.8214,0.1071,15.0,21.2105,0.8889,4.7,metrics_ablation_bins_splitC.csv,bin_eval=complexity_bin:complex_q1; stage=TEST; eval_track=ranking; n_total=38; n_pos=28; n_neg=10,TEST_BIN_COMPLEXITY_BIN_COMPLEX_Q1,,
C,ablation,M3_TFIDF_PLUS_FLAGS_PLUS_IBVS_V2_STRUCTURED,deployment_threshold,TEST,,complexity_bin,complex_q1,38,28,10,0.7368,0.7173,0.947,0.9,0.25,0.25,0.7857,0.3214,15.0,21.2105,0.8889,4.7,metrics_ablation_bins_splitC.csv,bin_eval=complexity_bin:complex_q1; stage=TEST; eval_track=deployment_threshold; n_total=38; n_pos=28; n_neg=10,TEST_BIN_COMPLEXITY_BIN_COMPLEX_Q1,,
C,ablation,M3_TFIDF_PLUS_FLAGS_PLUS_IBVS_V2_STRUCTURED,ranking,TEST,,complexity_bin,complex_q1,38,28,10,0.9211,0.8863,0.947,0.9,0.25,0.25,0.7857,0.0,15.0,21.2105,0.8889,4.7,metrics_ablation_bins_splitC.csv,bin_eval=complexity_bin:complex_q1; stage=TEST; eval_track=ranking; n_total=38; n_pos=28; n_neg=10,TEST_BIN_COMPLEXITY_BIN_COMPLEX_Q1,,
C,ablation,M3_TFIDF_PLUS_FLAGS_PLUS_IBVS_V2_TAILCAL,deployment_threshold,TEST,,complexity_bin,complex_q1,38,28,10,0.6316,0.6222,0.9472,0.9,0.25,0.25,0.8214,0.4643,15.0,21.2105,0.8889,4.7,metrics_ablation_bins_splitC.csv,bin_eval=complexity_bin:complex_q1; stage=TEST; eval_track=deployment_threshold; n_total=38; n_pos=28; n_neg=10,TEST_BIN_COMPLEXITY_BIN_COMPLEX_Q1,,
C,ablation,M3_TFIDF_PLUS_FLAGS_PLUS_IBVS_V2_TAILCAL,ranking,TEST,,complexity_bin,complex_q1,38,28,10,0.9211,0.8863,0.9472,0.9,0.25,0.25,0.8214,0.0,15.0,21.2105,0.8889,4.7,metrics_ablation_bins_splitC.csv,bin_eval=complexity_bin:complex_q1; stage=TEST; eval_track=ranking; n_total=38; n_pos=28; n_neg=10,TEST_BIN_COMPLEXITY_BIN_COMPLEX_Q1,,
C,ablation,M3_TFIDF_PLUS_FLAGS_PLUS_IBVS_V2_TOTAL,deployment_threshold,TEST,,complexity_bin,complex_q1,38,28,10,0.6316,0.6222,0.9315,0.8893,0.1429,0.1429,0.7857,0.4643,15.0,21.2105,0.8889,4.7,metrics_ablation_bins_splitC.csv,bin_eval=complexity_bin:complex_q1; stage=TEST; eval_track=deployment_threshold; n_total=38; n_pos=28; n_neg=10,TEST_BIN_COMPLEXITY_BIN_COMPLEX_Q1,,
C,ablation,M3_TFIDF_PLUS_FLAGS_PLUS_IBVS_V2_TOTAL,ranking,TEST,,complexity_bin,complex_q1,38,28,10,0.9211,0.8863,0.9315,0.8893,0.1429,0.1429,0.7857,0.0,15.0,21.2105,0.8889,4.7,metrics_ablation_bins_splitC.csv,bin_eval=complexity_bin:complex_q1; stage=TEST; eval_track=ranking; n_total=38; n_pos=28; n_neg=10,TEST_BIN_COMPLEXITY_BIN_COMPLEX_Q1,,
C,ablation,M3_TFIDF_PLUS_FLAGS_PLUS_IBVS_V2_TRIPWIRE,deployment_threshold,TEST,,complexity_bin,complex_q1,38,28,10,0.6053,0.5983,0.9509,0.9036,0.2857,0.2857,0.7857,0.5,15.0,21.2105,0.8889,4.7,metrics_ablation_bins_splitC.csv,bin_eval=complexity_bin:complex_q1; stage=TEST; eval_track=deployment_threshold; n_total=38; n_pos=28; n_neg=10,TEST_BIN_COMPLEXITY_BIN_COMPLEX_Q1,,
C,ablation,M3_TFIDF_PLUS_FLAGS_PLUS_IBVS_V2_TRIPWIRE,ranking,TEST,,complexity_bin,complex_q1,38,28,10,0.9211,0.8863,0.9509,0.9036,0.2857,0.2857,0.7857,0.0,15.0,21.2105,0.8889,4.7,metrics_ablation_bins_splitC.csv,bin_eval=complexity_bin:complex_q1; stage=TEST; eval_track=ranking; n_total=38; n_pos=28; n_neg=10,TEST_BIN_COMPLEXITY_BIN_COMPLEX_Q1,,
C,hybrid,HYBRID_SEM_ANCHORED_IBVS_BOOST,deployment_threshold,TEST,,complexity_bin,complex_q1,38,28,10,0.8947,0.8721,0.9775,0.9321,0.75,0.75,0.8929,0.1071,15.0,21.2105,0.8889,4.7,metrics_hybrid_bins_splitC.csv,bin_eval=complexity_bin:complex_q1; stage=TEST; eval_track=deployment_threshold; n_total=38; n_pos=28; n_neg=10,TEST_BIN_COMPLEXITY_BIN_COMPLEX_Q1,,
C,hybrid,HYBRID_SEM_ANCHORED_IBVS_BOOST_V2,deployment_threshold,TEST,,complexity_bin,complex_q1,38,28,10,0.8947,0.8721,0.9775,0.9321,0.75,0.75,0.8929,0.1071,15.0,21.2105,0.8889,4.7,metrics_hybrid_bins_splitC.csv,bin_eval=complexity_bin:complex_q1; stage=TEST; eval_track=deployment_threshold; n_total=38; n_pos=28; n_neg=10,TEST_BIN_COMPLEXITY_BIN_COMPLEX_Q1,,
C,hybrid,HYBRID_SEM_ANCHORED_IBVS_VETO,deployment_threshold,TEST,,complexity_bin,complex_q1,38,28,10,0.8684,0.8355,0.9775,0.9321,0.75,0.75,0.8929,0.1071,15.0,21.2105,0.8889,4.7,metrics_hybrid_bins_splitC.csv,bin_eval=complexity_bin:complex_q1; stage=TEST; eval_track=deployment_threshold; n_total=38; n_pos=28; n_neg=10,TEST_BIN_COMPLEXITY_BIN_COMPLEX_Q1,,
C,hybrid,HYBRID_SEM_EXPERT_GATE_M1_M3,deployment_threshold,TEST,,complexity_bin,complex_q1,38,28,10,0.8947,0.8721,0.976,0.9375,0.7857,0.7857,0.8214,0.1071,15.0,21.2105,0.8889,4.7,metrics_hybrid_bins_splitC.csv,bin_eval=complexity_bin:complex_q1; stage=TEST; eval_track=deployment_threshold; n_total=38; n_pos=28; n_neg=10,TEST_BIN_COMPLEXITY_BIN_COMPLEX_Q1,,
C,hybrid,HYBRID_SEM_GATE_ELSE_M3_IBVS_V2,deployment_threshold,TEST,,complexity_bin,complex_q1,38,28,10,0.8421,0.8173,0.8567,0.7893,0.0357,0.0357,0.1786,0.1786,15.0,21.2105,0.8889,4.7,metrics_hybrid_bins_splitC.csv,bin_eval=complexity_bin:complex_q1; stage=TEST; eval_track=deployment_threshold; n_total=38; n_pos=28; n_neg=10,TEST_BIN_COMPLEXITY_BIN_COMPLEX_Q1,,
C,hybrid,HYBRID_SEM_LEARNED_META_FUSION,deployment_threshold,TEST,,complexity_bin,complex_q1,38,28,10,0.8947,0.8721,0.977,0.9446,0.75,0.75,0.8929,0.1071,15.0,21.2105,0.8889,4.7,metrics_hybrid_bins_splitC.csv,bin_eval=complexity_bin:complex_q1; stage=TEST; eval_track=deployment_threshold; n_total=38; n_pos=28; n_neg=10,TEST_BIN_COMPLEXITY_BIN_COMPLEX_Q1,,
C,semantic,SEM_LOGREG_BGE,deployment_threshold,TEST,id,complexity_bin,complex_q1,38,28,10,0.8684,0.8355,0.9775,0.9321,0.75,0.75,0.8929,0.1071,15.0,21.2105,0.8889,4.7,metrics_semantic_bins_splitC.csv,bin_eval=complexity_bin:complex_q1; stage=TEST; eval_track=deployment_threshold; n_total=38; n_pos=28; n_neg=10; ood_name=id,TEST_BIN_COMPLEXITY_BIN_COMPLEX_Q1,,
C,ablation,M1_TFIDF_ONLY,deployment_threshold,TEST,,complexity_bin,complex_q2,37,30,7,0.5405,0.5281,0.9792,0.9095,0.7333,0.7333,0.7333,0.5667,14.0,14.8649,0.9286,4.8235,metrics_ablation_bins_splitC.csv,bin_eval=complexity_bin:complex_q2; stage=TEST; eval_track=deployment_threshold; n_total=37; n_pos=30; n_neg=7,TEST_BIN_COMPLEXITY_BIN_COMPLEX_Q2,,
C,ablation,M1_TFIDF_ONLY,ranking,TEST,,complexity_bin,complex_q2,37,30,7,0.8649,0.791,0.9792,0.9095,0.7333,0.7333,0.7333,0.1,14.0,14.8649,0.9286,4.8235,metrics_ablation_bins_splitC.csv,bin_eval=complexity_bin:complex_q2; stage=TEST; eval_track=ranking; n_total=37; n_pos=30; n_neg=7,TEST_BIN_COMPLEXITY_BIN_COMPLEX_Q2,,
C,ablation,M2_TFIDF_PLUS_FLAGS,deployment_threshold,TEST,,complexity_bin,complex_q2,37,30,7,0.6757,0.6442,0.9989,0.9952,0.9667,0.9667,0.9667,0.4,14.0,14.8649,0.9286,4.8235,metrics_ablation_bins_splitC.csv,bin_eval=complexity_bin:complex_q2; stage=TEST; eval_track=deployment_threshold; n_total=37; n_pos=30; n_neg=7,TEST_BIN_COMPLEXITY_BIN_COMPLEX_Q2,,
C,ablation,M2_TFIDF_PLUS_FLAGS,ranking,TEST,,complexity_bin,complex_q2,37,30,7,0.8649,0.6838,0.9989,0.9952,0.9667,0.9667,0.9667,0.0,14.0,14.8649,0.9286,4.8235,metrics_ablation_bins_splitC.csv,bin_eval=complexity_bin:complex_q2; stage=TEST; eval_track=ranking; n_total=37; n_pos=30; n_neg=7,TEST_BIN_COMPLEXITY_BIN_COMPLEX_Q2,,
C,ablation,M3_TFIDF_PLUS_FLAGS_PLUS_IBVS_V1_TOTAL,deployment_threshold,TEST,,complexity_bin,complex_q2,37,30,7,0.7297,0.6917,0.9967,0.9857,0.9,0.9,0.9,0.3333,14.0,14.8649,0.9286,4.8235,metrics_ablation_bins_splitC.csv,bin_eval=complexity_bin:complex_q2; stage=TEST; eval_track=deployment_threshold; n_total=37; n_pos=30; n_neg=7,TEST_BIN_COMPLEXITY_BIN_COMPLEX_Q2,,
C,ablation,M3_TFIDF_PLUS_FLAGS_PLUS_IBVS_V1_TOTAL,ranking,TEST,,complexity_bin,complex_q2,37,30,7,0.9459,0.9005,0.9967,0.9857,0.9,0.9,0.9,0.0,14.0,14.8649,0.9286,4.8235,metrics_ablation_bins_splitC.csv,bin_eval=complexity_bin:complex_q2; stage=TEST; eval_track=ranking; n_total=37; n_pos=30; n_neg=7,TEST_BIN_COMPLEXITY_BIN_COMPLEX_Q2,,
C,ablation,M3_TFIDF_PLUS_FLAGS_PLUS_IBVS_V2_STRUCTURED,deployment_threshold,TEST,,complexity_bin,complex_q2,37,30,7,0.7297,0.6917,0.9979,0.9905,0.9667,0.9667,0.9667,0.3333,14.0,14.8649,0.9286,4.8235,metrics_ablation_bins_splitC.csv,bin_eval=complexity_bin:complex_q2; stage=TEST; eval_track=deployment_threshold; n_total=37; n_pos=30; n_neg=7,TEST_BIN_COMPLEXITY_BIN_COMPLEX_Q2,,
C,ablation,M3_TFIDF_PLUS_FLAGS_PLUS_IBVS_V2_STRUCTURED,ranking,TEST,,complexity_bin,complex_q2,37,30,7,0.8649,0.6838,0.9979,0.9905,0.9667,0.9667,0.9667,0.0,14.0,14.8649,0.9286,4.8235,metrics_ablation_bins_splitC.csv,bin_eval=complexity_bin:complex_q2; stage=TEST; eval_track=ranking; n_total=37; n_pos=30; n_neg=7,TEST_BIN_COMPLEXITY_BIN_COMPLEX_Q2,,
C,ablation,M3_TFIDF_PLUS_FLAGS_PLUS_IBVS_V2_TAILCAL,deployment_threshold,TEST,,complexity_bin,complex_q2,37,30,7,0.5676,0.5515,0.9978,0.9905,0.9333,0.9333,0.9333,0.5333,14.0,14.8649,0.9286,4.8235,metrics_ablation_bins_splitC.csv,bin_eval=complexity_bin:complex_q2; stage=TEST; eval_track=deployment_threshold; n_total=37; n_pos=30; n_neg=7,TEST_BIN_COMPLEXITY_BIN_COMPLEX_Q2,,
C,ablation,M3_TFIDF_PLUS_FLAGS_PLUS_IBVS_V2_TAILCAL,ranking,TEST,,complexity_bin,complex_q2,37,30,7,0.8649,0.6838,0.9978,0.9905,0.9333,0.9333,0.9333,0.0,14.0,14.8649,0.9286,4.8235,metrics_ablation_bins_splitC.csv,bin_eval=complexity_bin:complex_q2; stage=TEST; eval_track=ranking; n_total=37; n_pos=30; n_neg=7,TEST_BIN_COMPLEXITY_BIN_COMPLEX_Q2,,
C,ablation,M3_TFIDF_PLUS_FLAGS_PLUS_IBVS_V2_TOTAL,deployment_threshold,TEST,,complexity_bin,complex_q2,37,30,7,0.6486,0.621,0.9979,0.9905,0.9667,0.9667,0.9667,0.4333,14.0,14.8649,0.9286,4.8235,metrics_ablation_bins_splitC.csv,bin_eval=complexity_bin:complex_q2; stage=TEST; eval_track=deployment_threshold; n_total=37; n_pos=30; n_neg=7,TEST_BIN_COMPLEXITY_BIN_COMPLEX_Q2,,
C,ablation,M3_TFIDF_PLUS_FLAGS_PLUS_IBVS_V2_TOTAL,ranking,TEST,,complexity_bin,complex_q2,37,30,7,0.8919,0.7688,0.9979,0.9905,0.9667,0.9667,0.9667,0.0,14.0,14.8649,0.9286,4.8235,metrics_ablation_bins_splitC.csv,bin_eval=complexity_bin:complex_q2; stage=TEST; eval_track=ranking; n_total=37; n_pos=30; n_neg=7,TEST_BIN_COMPLEXITY_BIN_COMPLEX_Q2,,
C,ablation,M3_TFIDF_PLUS_FLAGS_PLUS_IBVS_V2_TRIPWIRE,deployment_threshold,TEST,,complexity_bin,complex_q2,37,30,7,0.5946,0.5747,0.9989,0.9952,0.9667,0.9667,0.9667,0.5,14.0,14.8649,0.9286,4.8235,metrics_ablation_bins_splitC.csv,bin_eval=complexity_bin:complex_q2; stage=TEST; eval_track=deployment_threshold; n_total=37; n_pos=30; n_neg=7,TEST_BIN_COMPLEXITY_BIN_COMPLEX_Q2,,
C,ablation,M3_TFIDF_PLUS_FLAGS_PLUS_IBVS_V2_TRIPWIRE,ranking,TEST,,complexity_bin,complex_q2,37,30,7,0.8919,0.7688,0.9989,0.9952,0.9667,0.9667,0.9667,0.0,14.0,14.8649,0.9286,4.8235,metrics_ablation_bins_splitC.csv,bin_eval=complexity_bin:complex_q2; stage=TEST; eval_track=ranking; n_total=37; n_pos=30; n_neg=7,TEST_BIN_COMPLEXITY_BIN_COMPLEX_Q2,,
C,hybrid,HYBRID_SEM_ANCHORED_IBVS_BOOST,deployment_threshold,TEST,,complexity_bin,complex_q2,37,30,7,0.8649,0.791,0.9713,0.8952,0.5333,0.5333,0.5333,0.1,14.0,14.8649,0.9286,4.8235,metrics_hybrid_bins_splitC.csv,bin_eval=complexity_bin:complex_q2; stage=TEST; eval_track=deployment_threshold; n_total=37; n_pos=30; n_neg=7,TEST_BIN_COMPLEXITY_BIN_COMPLEX_Q2,,
C,hybrid,HYBRID_SEM_ANCHORED_IBVS_BOOST_V2,deployment_threshold,TEST,,complexity_bin,complex_q2,37,30,7,0.8649,0.791,0.9713,0.8952,0.5333,0.5333,0.5333,0.1,14.0,14.8649,0.9286,4.8235,metrics_hybrid_bins_splitC.csv,bin_eval=complexity_bin:complex_q2; stage=TEST; eval_track=deployment_threshold; n_total=37; n_pos=30; n_neg=7,TEST_BIN_COMPLEXITY_BIN_COMPLEX_Q2,,
C,hybrid,HYBRID_SEM_ANCHORED_IBVS_VETO,deployment_threshold,TEST,,complexity_bin,complex_q2,37,30,7,0.8649,0.791,0.9713,0.8952,0.5333,0.5333,0.5333,0.1,14.0,14.8649,0.9286,4.8235,metrics_hybrid_bins_splitC.csv,bin_eval=complexity_bin:complex_q2; stage=TEST; eval_track=deployment_threshold; n_total=37; n_pos=30; n_neg=7,TEST_BIN_COMPLEXITY_BIN_COMPLEX_Q2,,
C,hybrid,HYBRID_SEM_EXPERT_GATE_M1_M3,deployment_threshold,TEST,,complexity_bin,complex_q2,37,30,7,0.8649,0.8091,0.9496,0.8857,0.0,0.0,0.0,0.1333,14.0,14.8649,0.9286,4.8235,metrics_hybrid_bins_splitC.csv,bin_eval=complexity_bin:complex_q2; stage=TEST; eval_track=deployment_threshold; n_total=37; n_pos=30; n_neg=7,TEST_BIN_COMPLEXITY_BIN_COMPLEX_Q2,,
C,hybrid,HYBRID_SEM_GATE_ELSE_M3_IBVS_V2,deployment_threshold,TEST,,complexity_bin,complex_q2,37,30,7,0.8919,0.8405,0.9862,0.9429,0.7667,0.7667,0.7667,0.1,14.0,14.8649,0.9286,4.8235,metrics_hybrid_bins_splitC.csv,bin_eval=complexity_bin:complex_q2; stage=TEST; eval_track=deployment_threshold; n_total=37; n_pos=30; n_neg=7,TEST_BIN_COMPLEXITY_BIN_COMPLEX_Q2,,
C,hybrid,HYBRID_SEM_LEARNED_META_FUSION,deployment_threshold,TEST,,complexity_bin,complex_q2,37,30,7,0.8649,0.791,0.9458,0.869,0.0,0.0,0.0,0.1,14.0,14.8649,0.9286,4.8235,metrics_hybrid_bins_splitC.csv,bin_eval=complexity_bin:complex_q2; stage=TEST; eval_track=deployment_threshold; n_total=37; n_pos=30; n_neg=7,TEST_BIN_COMPLEXITY_BIN_COMPLEX_Q2,,
C,semantic,SEM_LOGREG_BGE,deployment_threshold,TEST,id,complexity_bin,complex_q2,37,30,7,0.8649,0.791,0.9713,0.8952,0.5333,0.5333,0.5333,0.1,14.0,14.8649,0.9286,4.8235,metrics_semantic_bins_splitC.csv,bin_eval=complexity_bin:complex_q2; stage=TEST; eval_track=deployment_threshold; n_total=37; n_pos=30; n_neg=7; ood_name=id,TEST_BIN_COMPLEXITY_BIN_COMPLEX_Q2,,
C,ablation,M1_TFIDF_ONLY,deployment_threshold,TEST,,complexity_bin,complex_q3,37,36,1,0.3784,0.3053,0.9992,0.9722,0.9722,0.9722,0.9722,0.6389,11.0,11.5946,1.0,5.1,metrics_ablation_bins_splitC.csv,bin_eval=complexity_bin:complex_q3; stage=TEST; eval_track=deployment_threshold; n_total=37; n_pos=36; n_neg=1,TEST_BIN_COMPLEXITY_BIN_COMPLEX_Q3,,
C,ablation,M1_TFIDF_ONLY,ranking,TEST,,complexity_bin,complex_q3,37,36,1,0.973,0.8263,0.9992,0.9722,0.9722,0.9722,0.9722,0.0278,11.0,11.5946,1.0,5.1,metrics_ablation_bins_splitC.csv,bin_eval=complexity_bin:complex_q3; stage=TEST; eval_track=ranking; n_total=37; n_pos=36; n_neg=1,TEST_BIN_COMPLEXITY_BIN_COMPLEX_Q3,,
C,ablation,M2_TFIDF_PLUS_FLAGS,deployment_threshold,TEST,,complexity_bin,complex_q3,37,36,1,0.5946,0.4272,1.0,1.0,1.0,1.0,1.0,0.4167,11.0,11.5946,1.0,5.1,metrics_ablation_bins_splitC.csv,bin_eval=complexity_bin:complex_q3; stage=TEST; eval_track=deployment_threshold; n_total=37; n_pos=36; n_neg=1,TEST_BIN_COMPLEXITY_BIN_COMPLEX_Q3,,
C,ablation,M2_TFIDF_PLUS_FLAGS,ranking,TEST,,complexity_bin,complex_q3,37,36,1,1.0,1.0,1.0,1.0,1.0,1.0,1.0,0.0,11.0,11.5946,1.0,5.1,metrics_ablation_bins_splitC.csv,bin_eval=complexity_bin:complex_q3; stage=TEST; eval_track=ranking; n_total=37; n_pos=36; n_neg=1,TEST_BIN_COMPLEXITY_BIN_COMPLEX_Q3,,
C,ablation,M3_TFIDF_PLUS_FLAGS_PLUS_IBVS_V1_TOTAL,deployment_threshold,TEST,,complexity_bin,complex_q3,37,36,1,0.8108,0.5573,1.0,1.0,1.0,1.0,1.0,0.1944,11.0,11.5946,1.0,5.1,metrics_ablation_bins_splitC.csv,bin_eval=complexity_bin:complex_q3; stage=TEST; eval_track=deployment_threshold; n_total=37; n_pos=36; n_neg=1,TEST_BIN_COMPLEXITY_BIN_COMPLEX_Q3,,
C,ablation,M3_TFIDF_PLUS_FLAGS_PLUS_IBVS_V1_TOTAL,ranking,TEST,,complexity_bin,complex_q3,37,36,1,1.0,1.0,1.0,1.0,1.0,1.0,1.0,0.0,11.0,11.5946,1.0,5.1,metrics_ablation_bins_splitC.csv,bin_eval=complexity_bin:complex_q3; stage=TEST; eval_track=ranking; n_total=37; n_pos=36; n_neg=1,TEST_BIN_COMPLEXITY_BIN_COMPLEX_Q3,,
C,ablation,M3_TFIDF_PLUS_FLAGS_PLUS_IBVS_V2_STRUCTURED,deployment_threshold,TEST,,complexity_bin,complex_q3,37,36,1,0.5405,0.3981,1.0,1.0,1.0,1.0,1.0,0.4722,11.0,11.5946,1.0,5.1,metrics_ablation_bins_splitC.csv,bin_eval=complexity_bin:complex_q3; stage=TEST; eval_track=deployment_threshold; n_total=37; n_pos=36; n_neg=1,TEST_BIN_COMPLEXITY_BIN_COMPLEX_Q3,,
C,ablation,M3_TFIDF_PLUS_FLAGS_PLUS_IBVS_V2_STRUCTURED,ranking,TEST,,complexity_bin,complex_q3,37,36,1,1.0,1.0,1.0,1.0,1.0,1.0,1.0,0.0,11.0,11.5946,1.0,5.1,metrics_ablation_bins_splitC.csv,bin_eval=complexity_bin:complex_q3; stage=TEST; eval_track=ranking; n_total=37; n_pos=36; n_neg=1,TEST_BIN_COMPLEXITY_BIN_COMPLEX_Q3,,
C,ablation,M3_TFIDF_PLUS_FLAGS_PLUS_IBVS_V2_TAILCAL,deployment_threshold,TEST,,complexity_bin,complex_q3,37,36,1,0.4054,0.3217,1.0,1.0,1.0,1.0,1.0,0.6111,11.0,11.5946,1.0,5.1,metrics_ablation_bins_splitC.csv,bin_eval=complexity_bin:complex_q3; stage=TEST; eval_track=deployment_threshold; n_total=37; n_pos=36; n_neg=1,TEST_BIN_COMPLEXITY_BIN_COMPLEX_Q3,,
C,ablation,M3_TFIDF_PLUS_FLAGS_PLUS_IBVS_V2_TAILCAL,ranking,TEST,,complexity_bin,complex_q3,37,36,1,1.0,1.0,1.0,1.0,1.0,1.0,1.0,0.0,11.0,11.5946,1.0,5.1,metrics_ablation_bins_splitC.csv,bin_eval=complexity_bin:complex_q3; stage=TEST; eval_track=ranking; n_total=37; n_pos=36; n_neg=1,TEST_BIN_COMPLEXITY_BIN_COMPLEX_Q3,,
C,ablation,M3_TFIDF_PLUS_FLAGS_PLUS_IBVS_V2_TOTAL,deployment_threshold,TEST,,complexity_bin,complex_q3,37,36,1,0.4865,0.3684,1.0,1.0,1.0,1.0,1.0,0.5278,11.0,11.5946,1.0,5.1,metrics_ablation_bins_splitC.csv,bin_eval=complexity_bin:complex_q3; stage=TEST; eval_track=deployment_threshold; n_total=37; n_pos=36; n_neg=1,TEST_BIN_COMPLEXITY_BIN_COMPLEX_Q3,,
C,ablation,M3_TFIDF_PLUS_FLAGS_PLUS_IBVS_V2_TOTAL,ranking,TEST,,complexity_bin,complex_q3,37,36,1,1.0,1.0,1.0,1.0,1.0,1.0,1.0,0.0,11.0,11.5946,1.0,5.1,metrics_ablation_bins_splitC.csv,bin_eval=complexity_bin:complex_q3; stage=TEST; eval_track=ranking; n_total=37; n_pos=36; n_neg=1,TEST_BIN_COMPLEXITY_BIN_COMPLEX_Q3,,
C,ablation,M3_TFIDF_PLUS_FLAGS_PLUS_IBVS_V2_TRIPWIRE,deployment_threshold,TEST,,complexity_bin,complex_q3,37,36,1,0.4054,0.3217,1.0,1.0,1.0,1.0,1.0,0.6111,11.0,11.5946,1.0,5.1,metrics_ablation_bins_splitC.csv,bin_eval=complexity_bin:complex_q3; stage=TEST; eval_track=deployment_threshold; n_total=37; n_pos=36; n_neg=1,TEST_BIN_COMPLEXITY_BIN_COMPLEX_Q3,,
C,ablation,M3_TFIDF_PLUS_FLAGS_PLUS_IBVS_V2_TRIPWIRE,ranking,TEST,,complexity_bin,complex_q3,37,36,1,1.0,1.0,1.0,1.0,1.0,1.0,1.0,0.0,11.0,11.5946,1.0,5.1,metrics_ablation_bins_splitC.csv,bin_eval=complexity_bin:complex_q3; stage=TEST; eval_track=ranking; n_total=37; n_pos=36; n_neg=1,TEST_BIN_COMPLEXITY_BIN_COMPLEX_Q3,,
C,hybrid,HYBRID_SEM_ANCHORED_IBVS_BOOST,deployment_threshold,TEST,,complexity_bin,complex_q3,37,36,1,0.9189,0.6783,1.0,1.0,1.0,1.0,1.0,0.0833,11.0,11.5946,1.0,5.1,metrics_hybrid_bins_splitC.csv,bin_eval=complexity_bin:complex_q3; stage=TEST; eval_track=deployment_threshold; n_total=37; n_pos=36; n_neg=1,TEST_BIN_COMPLEXITY_BIN_COMPLEX_Q3,,
C,hybrid,HYBRID_SEM_ANCHORED_IBVS_BOOST_V2,deployment_threshold,TEST,,complexity_bin,complex_q3,37,36,1,0.9189,0.6783,1.0,1.0,1.0,1.0,1.0,0.0833,11.0,11.5946,1.0,5.1,metrics_hybrid_bins_splitC.csv,bin_eval=complexity_bin:complex_q3; stage=TEST; eval_track=deployment_threshold; n_total=37; n_pos=36; n_neg=1,TEST_BIN_COMPLEXITY_BIN_COMPLEX_Q3,,
C,hybrid,HYBRID_SEM_ANCHORED_IBVS_VETO,deployment_threshold,TEST,,complexity_bin,complex_q3,37,36,1,0.973,0.8263,1.0,1.0,1.0,1.0,1.0,0.0278,11.0,11.5946,1.0,5.1,metrics_hybrid_bins_splitC.csv,bin_eval=complexity_bin:complex_q3; stage=TEST; eval_track=deployment_threshold; n_total=37; n_pos=36; n_neg=1,TEST_BIN_COMPLEXITY_BIN_COMPLEX_Q3,,
C,hybrid,HYBRID_SEM_EXPERT_GATE_M1_M3,deployment_threshold,TEST,,complexity_bin,complex_q3,37,36,1,0.973,0.8263,1.0,1.0,1.0,1.0,1.0,0.0278,11.0,11.5946,1.0,5.1,metrics_hybrid_bins_splitC.csv,bin_eval=complexity_bin:complex_q3; stage=TEST; eval_track=deployment_threshold; n_total=37; n_pos=36; n_neg=1,TEST_BIN_COMPLEXITY_BIN_COMPLEX_Q3,,
C,hybrid,HYBRID_SEM_GATE_ELSE_M3_IBVS_V2,deployment_threshold,TEST,,complexity_bin,complex_q3,37,36,1,0.9189,0.6783,1.0,1.0,1.0,1.0,1.0,0.0833,11.0,11.5946,1.0,5.1,metrics_hybrid_bins_splitC.csv,bin_eval=complexity_bin:complex_q3; stage=TEST; eval_track=deployment_threshold; n_total=37; n_pos=36; n_neg=1,TEST_BIN_COMPLEXITY_BIN_COMPLEX_Q3,,
C,hybrid,HYBRID_SEM_LEARNED_META_FUSION,deployment_threshold,TEST,,complexity_bin,complex_q3,37,36,1,0.9459,0.7357,1.0,1.0,1.0,1.0,1.0,0.0556,11.0,11.5946,1.0,5.1,metrics_hybrid_bins_splitC.csv,bin_eval=complexity_bin:complex_q3; stage=TEST; eval_track=deployment_threshold; n_total=37; n_pos=36; n_neg=1,TEST_BIN_COMPLEXITY_BIN_COMPLEX_Q3,,
C,semantic,SEM_LOGREG_BGE,deployment_threshold,TEST,id,complexity_bin,complex_q3,37,36,1,0.973,0.8263,1.0,1.0,1.0,1.0,1.0,0.0278,11.0,11.5946,1.0,5.1,metrics_semantic_bins_splitC.csv,bin_eval=complexity_bin:complex_q3; stage=TEST; eval_track=deployment_threshold; n_total=37; n_pos=36; n_neg=1; ood_name=id,TEST_BIN_COMPLEXITY_BIN_COMPLEX_Q3,,
C,ablation,M1_TFIDF_ONLY,deployment_threshold,TEST,,complexity_bin,complex_q4,37,14,23,0.6486,0.4565,0.7981,0.8137,0.4286,0.5714,0.5714,0.9286,9.0,9.0541,1.0,5.375,metrics_ablation_bins_splitC.csv,bin_eval=complexity_bin:complex_q4; stage=TEST; eval_track=deployment_threshold; n_total=37; n_pos=14; n_neg=23,TEST_BIN_COMPLEXITY_BIN_COMPLEX_Q4,,
C,ablation,M1_TFIDF_ONLY,ranking,TEST,,complexity_bin,complex_q4,37,14,23,0.7568,0.7282,0.7981,0.8137,0.4286,0.5714,0.5714,0.4286,9.0,9.0541,1.0,5.375,metrics_ablation_bins_splitC.csv,bin_eval=complexity_bin:complex_q4; stage=TEST; eval_track=ranking; n_total=37; n_pos=14; n_neg=23,TEST_BIN_COMPLEXITY_BIN_COMPLEX_Q4,,
C,ablation,M2_TFIDF_PLUS_FLAGS,deployment_threshold,TEST,,complexity_bin,complex_q4,37,14,23,0.7027,0.58,0.84,0.8665,0.5,0.6429,0.6429,0.7857,9.0,9.0541,1.0,5.375,metrics_ablation_bins_splitC.csv,bin_eval=complexity_bin:complex_q4; stage=TEST; eval_track=deployment_threshold; n_total=37; n_pos=14; n_neg=23,TEST_BIN_COMPLEXITY_BIN_COMPLEX_Q4,,
C,ablation,M2_TFIDF_PLUS_FLAGS,ranking,TEST,,complexity_bin,complex_q4,37,14,23,0.7297,0.7197,0.84,0.8665,0.5,0.6429,0.6429,0.2857,9.0,9.0541,1.0,5.375,metrics_ablation_bins_splitC.csv,bin_eval=complexity_bin:complex_q4; stage=TEST; eval_track=ranking; n_total=37; n_pos=14; n_neg=23,TEST_BIN_COMPLEXITY_BIN_COMPLEX_Q4,,
C,ablation,M3_TFIDF_PLUS_FLAGS_PLUS_IBVS_V1_TOTAL,deployment_threshold,TEST,,complexity_bin,complex_q4,37,14,23,0.7568,0.6813,0.7755,0.8106,0.3571,0.4286,0.5,0.6429,9.0,9.0541,1.0,5.375,metrics_ablation_bins_splitC.csv,bin_eval=complexity_bin:complex_q4; stage=TEST; eval_track=deployment_threshold; n_total=37; n_pos=14; n_neg=23,TEST_BIN_COMPLEXITY_BIN_COMPLEX_Q4,,
C,ablation,M3_TFIDF_PLUS_FLAGS_PLUS_IBVS_V1_TOTAL,ranking,TEST,,complexity_bin,complex_q4,37,14,23,0.7297,0.7035,0.7755,0.8106,0.3571,0.4286,0.5,0.4286,9.0,9.0541,1.0,5.375,metrics_ablation_bins_splitC.csv,bin_eval=complexity_bin:complex_q4; stage=TEST; eval_track=ranking; n_total=37; n_pos=14; n_neg=23,TEST_BIN_COMPLEXITY_BIN_COMPLEX_Q4,,
C,ablation,M3_TFIDF_PLUS_FLAGS_PLUS_IBVS_V2_STRUCTURED,deployment_threshold,TEST,,complexity_bin,complex_q4,37,14,23,0.7027,0.58,0.8209,0.8416,0.5,0.5714,0.5714,0.7857,9.0,9.0541,1.0,5.375,metrics_ablation_bins_splitC.csv,bin_eval=complexity_bin:complex_q4; stage=TEST; eval_track=deployment_threshold; n_total=37; n_pos=14; n_neg=23,TEST_BIN_COMPLEXITY_BIN_COMPLEX_Q4,,
C,ablation,M3_TFIDF_PLUS_FLAGS_PLUS_IBVS_V2_STRUCTURED,ranking,TEST,,complexity_bin,complex_q4,37,14,23,0.7568,0.7502,0.8209,0.8416,0.5,0.5714,0.5714,0.2143,9.0,9.0541,1.0,5.375,metrics_ablation_bins_splitC.csv,bin_eval=complexity_bin:complex_q4; stage=TEST; eval_track=ranking; n_total=37; n_pos=14; n_neg=23,TEST_BIN_COMPLEXITY_BIN_COMPLEX_Q4,,
C,ablation,M3_TFIDF_PLUS_FLAGS_PLUS_IBVS_V2_TAILCAL,deployment_threshold,TEST,,complexity_bin,complex_q4,37,14,23,0.6757,0.5216,0.8282,0.8571,0.5,0.5714,0.5714,0.8571,9.0,9.0541,1.0,5.375,metrics_ablation_bins_splitC.csv,bin_eval=complexity_bin:complex_q4; stage=TEST; eval_track=deployment_threshold; n_total=37; n_pos=14; n_neg=23,TEST_BIN_COMPLEXITY_BIN_COMPLEX_Q4,,
C,ablation,M3_TFIDF_PLUS_FLAGS_PLUS_IBVS_V2_TAILCAL,ranking,TEST,,complexity_bin,complex_q4,37,14,23,0.7297,0.7197,0.8282,0.8571,0.5,0.5714,0.5714,0.2857,9.0,9.0541,1.0,5.375,metrics_ablation_bins_splitC.csv,bin_eval=complexity_bin:complex_q4; stage=TEST; eval_track=ranking; n_total=37; n_pos=14; n_neg=23,TEST_BIN_COMPLEXITY_BIN_COMPLEX_Q4,,
C,ablation,M3_TFIDF_PLUS_FLAGS_PLUS_IBVS_V2_TOTAL,deployment_threshold,TEST,,complexity_bin,complex_q4,37,14,23,0.7027,0.58,0.8167,0.8292,0.5,0.5714,0.5714,0.7857,9.0,9.0541,1.0,5.375,metrics_ablation_bins_splitC.csv,bin_eval=complexity_bin:complex_q4; stage=TEST; eval_track=deployment_threshold; n_total=37; n_pos=14; n_neg=23,TEST_BIN_COMPLEXITY_BIN_COMPLEX_Q4,,
C,ablation,M3_TFIDF_PLUS_FLAGS_PLUS_IBVS_V2_TOTAL,ranking,TEST,,complexity_bin,complex_q4,37,14,23,0.7297,0.7197,0.8167,0.8292,0.5,0.5714,0.5714,0.2857,9.0,9.0541,1.0,5.375,metrics_ablation_bins_splitC.csv,bin_eval=complexity_bin:complex_q4; stage=TEST; eval_track=ranking; n_total=37; n_pos=14; n_neg=23,TEST_BIN_COMPLEXITY_BIN_COMPLEX_Q4,,
C,ablation,M3_TFIDF_PLUS_FLAGS_PLUS_IBVS_V2_TRIPWIRE,deployment_threshold,TEST,,complexity_bin,complex_q4,37,14,23,0.6757,0.5216,0.8389,0.8634,0.5,0.6429,0.6429,0.8571,9.0,9.0541,1.0,5.375,metrics_ablation_bins_splitC.csv,bin_eval=complexity_bin:complex_q4; stage=TEST; eval_track=deployment_threshold; n_total=37; n_pos=14; n_neg=23,TEST_BIN_COMPLEXITY_BIN_COMPLEX_Q4,,
C,ablation,M3_TFIDF_PLUS_FLAGS_PLUS_IBVS_V2_TRIPWIRE,ranking,TEST,,complexity_bin,complex_q4,37,14,23,0.7297,0.7197,0.8389,0.8634,0.5,0.6429,0.6429,0.2857,9.0,9.0541,1.0,5.375,metrics_ablation_bins_splitC.csv,bin_eval=complexity_bin:complex_q4; stage=TEST; eval_track=ranking; n_total=37; n_pos=14; n_neg=23,TEST_BIN_COMPLEXITY_BIN_COMPLEX_Q4,,
C,hybrid,HYBRID_SEM_ANCHORED_IBVS_BOOST,deployment_threshold,TEST,,complexity_bin,complex_q4,37,14,23,0.8378,0.815,0.9301,0.9658,0.3571,0.9286,0.9286,0.3571,9.0,9.0541,1.0,5.375,metrics_hybrid_bins_splitC.csv,bin_eval=complexity_bin:complex_q4; stage=TEST; eval_track=deployment_threshold; n_total=37; n_pos=14; n_neg=23,TEST_BIN_COMPLEXITY_BIN_COMPLEX_Q4,,
C,hybrid,HYBRID_SEM_ANCHORED_IBVS_BOOST_V2,deployment_threshold,TEST,,complexity_bin,complex_q4,37,14,23,0.8378,0.815,0.9301,0.9658,0.3571,0.9286,0.9286,0.3571,9.0,9.0541,1.0,5.375,metrics_hybrid_bins_splitC.csv,bin_eval=complexity_bin:complex_q4; stage=TEST; eval_track=deployment_threshold; n_total=37; n_pos=14; n_neg=23,TEST_BIN_COMPLEXITY_BIN_COMPLEX_Q4,,
C,hybrid,HYBRID_SEM_ANCHORED_IBVS_VETO,deployment_threshold,TEST,,complexity_bin,complex_q4,37,14,23,0.9189,0.9125,0.9301,0.9658,0.3571,0.9286,0.9286,0.1429,9.0,9.0541,1.0,5.375,metrics_hybrid_bins_splitC.csv,bin_eval=complexity_bin:complex_q4; stage=TEST; eval_track=deployment_threshold; n_total=37; n_pos=14; n_neg=23,TEST_BIN_COMPLEXITY_BIN_COMPLEX_Q4,,
C,hybrid,HYBRID_SEM_EXPERT_GATE_M1_M3,deployment_threshold,TEST,,complexity_bin,complex_q4,37,14,23,0.8378,0.8059,0.8413,0.8789,0.5,0.6429,0.6429,0.4286,9.0,9.0541,1.0,5.375,metrics_hybrid_bins_splitC.csv,bin_eval=complexity_bin:complex_q4; stage=TEST; eval_track=deployment_threshold; n_total=37; n_pos=14; n_neg=23,TEST_BIN_COMPLEXITY_BIN_COMPLEX_Q4,,
C,hybrid,HYBRID_SEM_GATE_ELSE_M3_IBVS_V2,deployment_threshold,TEST,,complexity_bin,complex_q4,37,14,23,0.7568,0.7008,0.7446,0.7453,0.2143,0.5714,0.6429,0.5714,9.0,9.0541,1.0,5.375,metrics_hybrid_bins_splitC.csv,bin_eval=complexity_bin:complex_q4; stage=TEST; eval_track=deployment_threshold; n_total=37; n_pos=14; n_neg=23,TEST_BIN_COMPLEXITY_BIN_COMPLEX_Q4,,
C,hybrid,HYBRID_SEM_LEARNED_META_FUSION,deployment_threshold,TEST,,complexity_bin,complex_q4,37,14,23,0.8378,0.8059,0.8287,0.868,0.5714,0.5714,0.5714,0.4286,9.0,9.0541,1.0,5.375,metrics_hybrid_bins_splitC.csv,bin_eval=complexity_bin:complex_q4; stage=TEST; eval_track=deployment_threshold; n_total=37; n_pos=14; n_neg=23,TEST_BIN_COMPLEXITY_BIN_COMPLEX_Q4,,
C,semantic,SEM_LOGREG_BGE,deployment_threshold,TEST,id,complexity_bin,complex_q4,37,14,23,0.9189,0.9125,0.9301,0.9658,0.3571,0.9286,0.9286,0.1429,9.0,9.0541,1.0,5.375,metrics_semantic_bins_splitC.csv,bin_eval=complexity_bin:complex_q4; stage=TEST; eval_track=deployment_threshold; n_total=37; n_pos=14; n_neg=23; ood_name=id,TEST_BIN_COMPLEXITY_BIN_COMPLEX_Q4,,
C,ablation,M1_TFIDF_ONLY,deployment_threshold,TEST,,length_bin,len_q1,38,19,19,0.5526,0.4407,0.9619,0.9418,0.8947,0.8947,0.8947,0.8947,8.5,7.3684,1.0,5.1111,metrics_ablation_bins_splitC.csv,bin_eval=length_bin:len_q1; stage=TEST; eval_track=deployment_threshold; n_total=38; n_pos=19; n_neg=19,TEST_BIN_LENGTH_BIN_LEN_Q1,,
C,ablation,M1_TFIDF_ONLY,ranking,TEST,,length_bin,len_q1,38,19,19,0.9211,0.9206,0.9619,0.9418,0.8947,0.8947,0.8947,0.1579,8.5,7.3684,1.0,5.1111,metrics_ablation_bins_splitC.csv,bin_eval=length_bin:len_q1; stage=TEST; eval_track=ranking; n_total=38; n_pos=19; n_neg=19,TEST_BIN_LENGTH_BIN_LEN_Q1,,
C,ablation,M2_TFIDF_PLUS_FLAGS,deployment_threshold,TEST,,length_bin,len_q1,38,19,19,0.6842,0.6492,0.9694,0.9668,0.8421,0.8421,0.8947,0.6316,8.5,7.3684,1.0,5.1111,metrics_ablation_bins_splitC.csv,bin_eval=length_bin:len_q1; stage=TEST; eval_track=deployment_threshold; n_total=38; n_pos=19; n_neg=19,TEST_BIN_LENGTH_BIN_LEN_Q1,,
C,ablation,M2_TFIDF_PLUS_FLAGS,ranking,TEST,,length_bin,len_q1,38,19,19,0.8947,0.8944,0.9694,0.9668,0.8421,0.8421,0.8947,0.1579,8.5,7.3684,1.0,5.1111,metrics_ablation_bins_splitC.csv,bin_eval=length_bin:len_q1; stage=TEST; eval_track=ranking; n_total=38; n_pos=19; n_neg=19,TEST_BIN_LENGTH_BIN_LEN_Q1,,
C,ablation,M3_TFIDF_PLUS_FLAGS_PLUS_IBVS_V1_TOTAL,deployment_threshold,TEST,,length_bin,len_q1,38,19,19,0.8421,0.8381,0.9531,0.9363,0.8421,0.8421,0.8421,0.3158,8.5,7.3684,1.0,5.1111,metrics_ablation_bins_splitC.csv,bin_eval=length_bin:len_q1; stage=TEST; eval_track=deployment_threshold; n_total=38; n_pos=19; n_neg=19,TEST_BIN_LENGTH_BIN_LEN_Q1,,
C,ablation,M3_TFIDF_PLUS_FLAGS_PLUS_IBVS_V1_TOTAL,ranking,TEST,,length_bin,len_q1,38,19,19,0.8684,0.8661,0.9531,0.9363,0.8421,0.8421,0.8421,0.2632,8.5,7.3684,1.0,5.1111,metrics_ablation_bins_splitC.csv,bin_eval=length_bin:len_q1; stage=TEST; eval_track=ranking; n_total=38; n_pos=19; n_neg=19,TEST_BIN_LENGTH_BIN_LEN_Q1,,
C,ablation,M3_TFIDF_PLUS_FLAGS_PLUS_IBVS_V2_STRUCTURED,deployment_threshold,TEST,,length_bin,len_q1,38,19,19,0.6316,0.5737,0.9601,0.9501,0.8421,0.8421,0.8947,0.7368,8.5,7.3684,1.0,5.1111,metrics_ablation_bins_splitC.csv,bin_eval=length_bin:len_q1; stage=TEST; eval_track=deployment_threshold; n_total=38; n_pos=19; n_neg=19,TEST_BIN_LENGTH_BIN_LEN_Q1,,
C,ablation,M3_TFIDF_PLUS_FLAGS_PLUS_IBVS_V2_STRUCTURED,ranking,TEST,,length_bin,len_q1,38,19,19,0.9211,0.921,0.9601,0.9501,0.8421,0.8421,0.8947,0.1053,8.5,7.3684,1.0,5.1111,metrics_ablation_bins_splitC.csv,bin_eval=length_bin:len_q1; stage=TEST; eval_track=ranking; n_total=38; n_pos=19; n_neg=19,TEST_BIN_LENGTH_BIN_LEN_Q1,,
C,ablation,M3_TFIDF_PLUS_FLAGS_PLUS_IBVS_V2_TAILCAL,deployment_threshold,TEST,,length_bin,len_q1,38,19,19,0.5526,0.4407,0.9682,0.964,0.8421,0.8421,0.8947,0.8947,8.5,7.3684,1.0,5.1111,metrics_ablation_bins_splitC.csv,bin_eval=length_bin:len_q1; stage=TEST; eval_track=deployment_threshold; n_total=38; n_pos=19; n_neg=19,TEST_BIN_LENGTH_BIN_LEN_Q1,,
C,ablation,M3_TFIDF_PLUS_FLAGS_PLUS_IBVS_V2_TAILCAL,ranking,TEST,,length_bin,len_q1,38,19,19,0.8947,0.8944,0.9682,0.964,0.8421,0.8421,0.8947,0.1579,8.5,7.3684,1.0,5.1111,metrics_ablation_bins_splitC.csv,bin_eval=length_bin:len_q1; stage=TEST; eval_track=ranking; n_total=38; n_pos=19; n_neg=19,TEST_BIN_LENGTH_BIN_LEN_Q1,,
C,ablation,M3_TFIDF_PLUS_FLAGS_PLUS_IBVS_V2_TOTAL,deployment_threshold,TEST,,length_bin,len_q1,38,19,19,0.5789,0.4882,0.9556,0.9391,0.8421,0.8421,0.8947,0.8421,8.5,7.3684,1.0,5.1111,metrics_ablation_bins_splitC.csv,bin_eval=length_bin:len_q1; stage=TEST; eval_track=deployment_threshold; n_total=38; n_pos=19; n_neg=19,TEST_BIN_LENGTH_BIN_LEN_Q1,,
C,ablation,M3_TFIDF_PLUS_FLAGS_PLUS_IBVS_V2_TOTAL,ranking,TEST,,length_bin,len_q1,38,19,19,0.8947,0.8944,0.9556,0.9391,0.8421,0.8421,0.8947,0.1579,8.5,7.3684,1.0,5.1111,metrics_ablation_bins_splitC.csv,bin_eval=length_bin:len_q1; stage=TEST; eval_track=ranking; n_total=38; n_pos=19; n_neg=19,TEST_BIN_LENGTH_BIN_LEN_Q1,,
C,ablation,M3_TFIDF_PLUS_FLAGS_PLUS_IBVS_V2_TRIPWIRE,deployment_threshold,TEST,,length_bin,len_q1,38,19,19,0.5526,0.4407,0.9682,0.964,0.8421,0.8421,0.8947,0.8947,8.5,7.3684,1.0,5.1111,metrics_ablation_bins_splitC.csv,bin_eval=length_bin:len_q1; stage=TEST; eval_track=deployment_threshold; n_total=38; n_pos=19; n_neg=19,TEST_BIN_LENGTH_BIN_LEN_Q1,,
C,ablation,M3_TFIDF_PLUS_FLAGS_PLUS_IBVS_V2_TRIPWIRE,ranking,TEST,,length_bin,len_q1,38,19,19,0.8947,0.8944,0.9682,0.964,0.8421,0.8421,0.8947,0.1579,8.5,7.3684,1.0,5.1111,metrics_ablation_bins_splitC.csv,bin_eval=length_bin:len_q1; stage=TEST; eval_track=ranking; n_total=38; n_pos=19; n_neg=19,TEST_BIN_LENGTH_BIN_LEN_Q1,,
C,hybrid,HYBRID_SEM_ANCHORED_IBVS_BOOST,deployment_threshold,TEST,,length_bin,len_q1,38,19,19,0.8684,0.8661,0.9974,0.9972,0.9474,0.9474,1.0,0.2632,8.5,7.3684,1.0,5.1111,metrics_hybrid_bins_splitC.csv,bin_eval=length_bin:len_q1; stage=TEST; eval_track=deployment_threshold; n_total=38; n_pos=19; n_neg=19,TEST_BIN_LENGTH_BIN_LEN_Q1,,
C,hybrid,HYBRID_SEM_ANCHORED_IBVS_BOOST_V2,deployment_threshold,TEST,,length_bin,len_q1,38,19,19,0.8684,0.8661,0.9974,0.9972,0.9474,0.9474,1.0,0.2632,8.5,7.3684,1.0,5.1111,metrics_hybrid_bins_splitC.csv,bin_eval=length_bin:len_q1; stage=TEST; eval_track=deployment_threshold; n_total=38; n_pos=19; n_neg=19,TEST_BIN_LENGTH_BIN_LEN_Q1,,
C,hybrid,HYBRID_SEM_ANCHORED_IBVS_VETO,deployment_threshold,TEST,,length_bin,len_q1,38,19,19,0.9737,0.9737,0.9974,0.9972,0.9474,0.9474,1.0,0.0,8.5,7.3684,1.0,5.1111,metrics_hybrid_bins_splitC.csv,bin_eval=length_bin:len_q1; stage=TEST; eval_track=deployment_threshold; n_total=38; n_pos=19; n_neg=19,TEST_BIN_LENGTH_BIN_LEN_Q1,,
C,hybrid,HYBRID_SEM_EXPERT_GATE_M1_M3,deployment_threshold,TEST,,length_bin,len_q1,38,19,19,0.9211,0.9206,0.9734,0.9695,0.8421,0.8421,0.8421,0.1579,8.5,7.3684,1.0,5.1111,metrics_hybrid_bins_splitC.csv,bin_eval=length_bin:len_q1; stage=TEST; eval_track=deployment_threshold; n_total=38; n_pos=19; n_neg=19,TEST_BIN_LENGTH_BIN_LEN_Q1,,
C,hybrid,HYBRID_SEM_GATE_ELSE_M3_IBVS_V2,deployment_threshold,TEST,,length_bin,len_q1,38,19,19,0.8421,0.8381,0.9305,0.8753,0.8421,0.8421,0.8421,0.3158,8.5,7.3684,1.0,5.1111,metrics_hybrid_bins_splitC.csv,bin_eval=length_bin:len_q1; stage=TEST; eval_track=deployment_threshold; n_total=38; n_pos=19; n_neg=19,TEST_BIN_LENGTH_BIN_LEN_Q1,,
C,hybrid,HYBRID_SEM_LEARNED_META_FUSION,deployment_threshold,TEST,,length_bin,len_q1,38,19,19,0.9211,0.9206,0.9717,0.9668,0.8421,0.8421,0.8421,0.1579,8.5,7.3684,1.0,5.1111,metrics_hybrid_bins_splitC.csv,bin_eval=length_bin:len_q1; stage=TEST; eval_track=deployment_threshold; n_total=38; n_pos=19; n_neg=19,TEST_BIN_LENGTH_BIN_LEN_Q1,,
C,semantic,SEM_LOGREG_BGE,deployment_threshold,TEST,id,length_bin,len_q1,38,19,19,0.9737,0.9737,0.9974,0.9972,0.9474,0.9474,1.0,0.0,8.5,7.3684,1.0,5.1111,metrics_semantic_bins_splitC.csv,bin_eval=length_bin:len_q1; stage=TEST; eval_track=deployment_threshold; n_total=38; n_pos=19; n_neg=19; ood_name=id,TEST_BIN_LENGTH_BIN_LEN_Q1,,
C,ablation,M1_TFIDF_ONLY,deployment_threshold,TEST,,length_bin,len_q2,37,31,6,0.4865,0.4726,0.9939,0.9677,0.871,0.871,0.871,0.6129,11.0,10.9189,1.0,5.1,metrics_ablation_bins_splitC.csv,bin_eval=length_bin:len_q2; stage=TEST; eval_track=deployment_threshold; n_total=37; n_pos=31; n_neg=6,TEST_BIN_LENGTH_BIN_LEN_Q2,,
C,ablation,M1_TFIDF_ONLY,ranking,TEST,,length_bin,len_q2,37,31,6,0.9459,0.9005,0.9939,0.9677,0.871,0.871,0.871,0.0323,11.0,10.9189,1.0,5.1,metrics_ablation_bins_splitC.csv,bin_eval=length_bin:len_q2; stage=TEST; eval_track=ranking; n_total=37; n_pos=31; n_neg=6,TEST_BIN_LENGTH_BIN_LEN_Q2,,
C,ablation,M2_TFIDF_PLUS_FLAGS,deployment_threshold,TEST,,length_bin,len_q2,37,31,6,0.6216,0.5849,0.9972,0.9839,0.9677,0.9677,0.9677,0.4516,11.0,10.9189,1.0,5.1,metrics_ablation_bins_splitC.csv,bin_eval=length_bin:len_q2; stage=TEST; eval_track=deployment_threshold; n_total=37; n_pos=31; n_neg=6,TEST_BIN_LENGTH_BIN_LEN_Q2,,
C,ablation,M2_TFIDF_PLUS_FLAGS,ranking,TEST,,length_bin,len_q2,37,31,6,0.9189,0.8103,0.9972,0.9839,0.9677,0.9677,0.9677,0.0,11.0,10.9189,1.0,5.1,metrics_ablation_bins_splitC.csv,bin_eval=length_bin:len_q2; stage=TEST; eval_track=ranking; n_total=37; n_pos=31; n_neg=6,TEST_BIN_LENGTH_BIN_LEN_Q2,,
C,ablation,M3_TFIDF_PLUS_FLAGS_PLUS_IBVS_V1_TOTAL,deployment_threshold,TEST,,length_bin,len_q2,37,31,6,0.7027,0.653,0.9951,0.9731,0.9355,0.9355,0.9355,0.3548,11.0,10.9189,1.0,5.1,metrics_ablation_bins_splitC.csv,bin_eval=length_bin:len_q2; stage=TEST; eval_track=deployment_threshold; n_total=37; n_pos=31; n_neg=6,TEST_BIN_LENGTH_BIN_LEN_Q2,,
C,ablation,M3_TFIDF_PLUS_FLAGS_PLUS_IBVS_V1_TOTAL,ranking,TEST,,length_bin,len_q2,37,31,6,0.9189,0.8398,0.9951,0.9731,0.9355,0.9355,0.9355,0.0323,11.0,10.9189,1.0,5.1,metrics_ablation_bins_splitC.csv,bin_eval=length_bin:len_q2; stage=TEST; eval_track=ranking; n_total=37; n_pos=31; n_neg=6,TEST_BIN_LENGTH_BIN_LEN_Q2,,
C,ablation,M3_TFIDF_PLUS_FLAGS_PLUS_IBVS_V2_STRUCTURED,deployment_threshold,TEST,,length_bin,len_q2,37,31,6,0.6486,0.6073,0.9972,0.9839,0.9677,0.9677,0.9677,0.4194,11.0,10.9189,1.0,5.1,metrics_ablation_bins_splitC.csv,bin_eval=length_bin:len_q2; stage=TEST; eval_track=deployment_threshold; n_total=37; n_pos=31; n_neg=6,TEST_BIN_LENGTH_BIN_LEN_Q2,,
C,ablation,M3_TFIDF_PLUS_FLAGS_PLUS_IBVS_V2_STRUCTURED,ranking,TEST,,length_bin,len_q2,37,31,6,0.9189,0.8103,0.9972,0.9839,0.9677,0.9677,0.9677,0.0,11.0,10.9189,1.0,5.1,metrics_ablation_bins_splitC.csv,bin_eval=length_bin:len_q2; stage=TEST; eval_track=ranking; n_total=37; n_pos=31; n_neg=6,TEST_BIN_LENGTH_BIN_LEN_Q2,,
C,ablation,M3_TFIDF_PLUS_FLAGS_PLUS_IBVS_V2_TAILCAL,deployment_threshold,TEST,,length_bin,len_q2,37,31,6,0.5676,0.5404,0.9972,0.9839,0.9677,0.9677,0.9677,0.5161,11.0,10.9189,1.0,5.1,metrics_ablation_bins_splitC.csv,bin_eval=length_bin:len_q2; stage=TEST; eval_track=deployment_threshold; n_total=37; n_pos=31; n_neg=6,TEST_BIN_LENGTH_BIN_LEN_Q2,,
C,ablation,M3_TFIDF_PLUS_FLAGS_PLUS_IBVS_V2_TAILCAL,ranking,TEST,,length_bin,len_q2,37,31,6,0.9189,0.8103,0.9972,0.9839,0.9677,0.9677,0.9677,0.0,11.0,10.9189,1.0,5.1,metrics_ablation_bins_splitC.csv,bin_eval=length_bin:len_q2; stage=TEST; eval_track=ranking; n_total=37; n_pos=31; n_neg=6,TEST_BIN_LENGTH_BIN_LEN_Q2,,
C,ablation,M3_TFIDF_PLUS_FLAGS_PLUS_IBVS_V2_TOTAL,deployment_threshold,TEST,,length_bin,len_q2,37,31,6,0.6216,0.5849,0.9972,0.9839,0.9677,0.9677,0.9677,0.4516,11.0,10.9189,1.0,5.1,metrics_ablation_bins_splitC.csv,bin_eval=length_bin:len_q2; stage=TEST; eval_track=deployment_threshold; n_total=37; n_pos=31; n_neg=6,TEST_BIN_LENGTH_BIN_LEN_Q2,,
C,ablation,M3_TFIDF_PLUS_FLAGS_PLUS_IBVS_V2_TOTAL,ranking,TEST,,length_bin,len_q2,37,31,6,0.9189,0.8103,0.9972,0.9839,0.9677,0.9677,0.9677,0.0,11.0,10.9189,1.0,5.1,metrics_ablation_bins_splitC.csv,bin_eval=length_bin:len_q2; stage=TEST; eval_track=ranking; n_total=37; n_pos=31; n_neg=6,TEST_BIN_LENGTH_BIN_LEN_Q2,,
C,ablation,M3_TFIDF_PLUS_FLAGS_PLUS_IBVS_V2_TRIPWIRE,deployment_threshold,TEST,,length_bin,len_q2,37,31,6,0.5405,0.518,0.9972,0.9839,0.9677,0.9677,0.9677,0.5484,11.0,10.9189,1.0,5.1,metrics_ablation_bins_splitC.csv,bin_eval=length_bin:len_q2; stage=TEST; eval_track=deployment_threshold; n_total=37; n_pos=31; n_neg=6,TEST_BIN_LENGTH_BIN_LEN_Q2,,
C,ablation,M3_TFIDF_PLUS_FLAGS_PLUS_IBVS_V2_TRIPWIRE,ranking,TEST,,length_bin,len_q2,37,31,6,0.9189,0.8103,0.9972,0.9839,0.9677,0.9677,0.9677,0.0,11.0,10.9189,1.0,5.1,metrics_ablation_bins_splitC.csv,bin_eval=length_bin:len_q2; stage=TEST; eval_track=ranking; n_total=37; n_pos=31; n_neg=6,TEST_BIN_LENGTH_BIN_LEN_Q2,,
C,hybrid,HYBRID_SEM_ANCHORED_IBVS_BOOST,deployment_threshold,TEST,,length_bin,len_q2,37,31,6,1.0,1.0,1.0,1.0,1.0,1.0,1.0,0.0,11.0,10.9189,1.0,5.1,metrics_hybrid_bins_splitC.csv,bin_eval=length_bin:len_q2; stage=TEST; eval_track=deployment_threshold; n_total=37; n_pos=31; n_neg=6,TEST_BIN_LENGTH_BIN_LEN_Q2,,
C,hybrid,HYBRID_SEM_ANCHORED_IBVS_BOOST_V2,deployment_threshold,TEST,,length_bin,len_q2,37,31,6,1.0,1.0,1.0,1.0,1.0,1.0,1.0,0.0,11.0,10.9189,1.0,5.1,metrics_hybrid_bins_splitC.csv,bin_eval=length_bin:len_q2; stage=TEST; eval_track=deployment_threshold; n_total=37; n_pos=31; n_neg=6,TEST_BIN_LENGTH_BIN_LEN_Q2,,
C,hybrid,HYBRID_SEM_ANCHORED_IBVS_VETO,deployment_threshold,TEST,,length_bin,len_q2,37,31,6,1.0,1.0,1.0,1.0,1.0,1.0,1.0,0.0,11.0,10.9189,1.0,5.1,metrics_hybrid_bins_splitC.csv,bin_eval=length_bin:len_q2; stage=TEST; eval_track=deployment_threshold; n_total=37; n_pos=31; n_neg=6,TEST_BIN_LENGTH_BIN_LEN_Q2,,
C,hybrid,HYBRID_SEM_EXPERT_GATE_M1_M3,deployment_threshold,TEST,,length_bin,len_q2,37,31,6,0.973,0.9533,0.9972,0.9839,0.9677,0.9677,0.9677,0.0323,11.0,10.9189,1.0,5.1,metrics_hybrid_bins_splitC.csv,bin_eval=length_bin:len_q2; stage=TEST; eval_track=deployment_threshold; n_total=37; n_pos=31; n_neg=6,TEST_BIN_LENGTH_BIN_LEN_Q2,,
C,hybrid,HYBRID_SEM_GATE_ELSE_M3_IBVS_V2,deployment_threshold,TEST,,length_bin,len_q2,37,31,6,0.973,0.9533,0.998,0.9892,0.9677,0.9677,0.9677,0.0323,11.0,10.9189,1.0,5.1,metrics_hybrid_bins_splitC.csv,bin_eval=length_bin:len_q2; stage=TEST; eval_track=deployment_threshold; n_total=37; n_pos=31; n_neg=6,TEST_BIN_LENGTH_BIN_LEN_Q2,,
C,hybrid,HYBRID_SEM_LEARNED_META_FUSION,deployment_threshold,TEST,,length_bin,len_q2,37,31,6,0.9459,0.9119,0.9942,0.9677,0.9355,0.9355,0.9355,0.0645,11.0,10.9189,1.0,5.1,metrics_hybrid_bins_splitC.csv,bin_eval=length_bin:len_q2; stage=TEST; eval_track=deployment_threshold; n_total=37; n_pos=31; n_neg=6,TEST_BIN_LENGTH_BIN_LEN_Q2,,
C,semantic,SEM_LOGREG_BGE,deployment_threshold,TEST,id,length_bin,len_q2,37,31,6,1.0,1.0,1.0,1.0,1.0,1.0,1.0,0.0,11.0,10.9189,1.0,5.1,metrics_semantic_bins_splitC.csv,bin_eval=length_bin:len_q2; stage=TEST; eval_track=deployment_threshold; n_total=37; n_pos=31; n_neg=6; ood_name=id,TEST_BIN_LENGTH_BIN_LEN_Q2,,
C,ablation,M1_TFIDF_ONLY,deployment_threshold,TEST,,length_bin,len_q3,37,32,5,0.6216,0.5683,0.9799,0.8688,0.75,0.75,0.75,0.4375,14.0,13.7838,0.9286,4.6667,metrics_ablation_bins_splitC.csv,bin_eval=length_bin:len_q3; stage=TEST; eval_track=deployment_threshold; n_total=37; n_pos=32; n_neg=5,TEST_BIN_LENGTH_BIN_LEN_Q3,,
C,ablation,M1_TFIDF_ONLY,ranking,TEST,,length_bin,len_q3,37,32,5,0.8378,0.7016,0.9799,0.8688,0.75,0.75,0.75,0.125,14.0,13.7838,0.9286,4.6667,metrics_ablation_bins_splitC.csv,bin_eval=length_bin:len_q3; stage=TEST; eval_track=ranking; n_total=37; n_pos=32; n_neg=5,TEST_BIN_LENGTH_BIN_LEN_Q3,,
C,ablation,M2_TFIDF_PLUS_FLAGS,deployment_threshold,TEST,,length_bin,len_q3,37,32,5,0.7297,0.6574,0.9938,0.9562,0.9062,0.9062,0.9062,0.3125,14.0,13.7838,0.9286,4.6667,metrics_ablation_bins_splitC.csv,bin_eval=length_bin:len_q3; stage=TEST; eval_track=deployment_threshold; n_total=37; n_pos=32; n_neg=5,TEST_BIN_LENGTH_BIN_LEN_Q3,,
C,ablation,M2_TFIDF_PLUS_FLAGS,ranking,TEST,,length_bin,len_q3,37,32,5,0.8378,0.4559,0.9938,0.9562,0.9062,0.9062,0.9062,0.0312,14.0,13.7838,0.9286,4.6667,metrics_ablation_bins_splitC.csv,bin_eval=length_bin:len_q3; stage=TEST; eval_track=ranking; n_total=37; n_pos=32; n_neg=5,TEST_BIN_LENGTH_BIN_LEN_Q3,,
C,ablation,M3_TFIDF_PLUS_FLAGS_PLUS_IBVS_V1_TOTAL,deployment_threshold,TEST,,length_bin,len_q3,37,32,5,0.7838,0.7063,0.9888,0.925,0.8438,0.8438,0.8438,0.25,14.0,13.7838,0.9286,4.6667,metrics_ablation_bins_splitC.csv,bin_eval=length_bin:len_q3; stage=TEST; eval_track=deployment_threshold; n_total=37; n_pos=32; n_neg=5,TEST_BIN_LENGTH_BIN_LEN_Q3,,
C,ablation,M3_TFIDF_PLUS_FLAGS_PLUS_IBVS_V1_TOTAL,ranking,TEST,,length_bin,len_q3,37,32,5,0.8919,0.7197,0.9888,0.925,0.8438,0.8438,0.8438,0.0312,14.0,13.7838,0.9286,4.6667,metrics_ablation_bins_splitC.csv,bin_eval=length_bin:len_q3; stage=TEST; eval_track=ranking; n_total=37; n_pos=32; n_neg=5,TEST_BIN_LENGTH_BIN_LEN_Q3,,
C,ablation,M3_TFIDF_PLUS_FLAGS_PLUS_IBVS_V2_STRUCTURED,deployment_threshold,TEST,,length_bin,len_q3,37,32,5,0.7568,0.6813,0.9938,0.9562,0.9062,0.9062,0.9062,0.2812,14.0,13.7838,0.9286,4.6667,metrics_ablation_bins_splitC.csv,bin_eval=length_bin:len_q3; stage=TEST; eval_track=deployment_threshold; n_total=37; n_pos=32; n_neg=5,TEST_BIN_LENGTH_BIN_LEN_Q3,,
C,ablation,M3_TFIDF_PLUS_FLAGS_PLUS_IBVS_V2_STRUCTURED,ranking,TEST,,length_bin,len_q3,37,32,5,0.8378,0.4559,0.9938,0.9562,0.9062,0.9062,0.9062,0.0312,14.0,13.7838,0.9286,4.6667,metrics_ablation_bins_splitC.csv,bin_eval=length_bin:len_q3; stage=TEST; eval_track=ranking; n_total=37; n_pos=32; n_neg=5,TEST_BIN_LENGTH_BIN_LEN_Q3,,
C,ablation,M3_TFIDF_PLUS_FLAGS_PLUS_IBVS_V2_TAILCAL,deployment_threshold,TEST,,length_bin,len_q3,37,32,5,0.6216,0.5683,0.9938,0.9562,0.9062,0.9062,0.9062,0.4375,14.0,13.7838,0.9286,4.6667,metrics_ablation_bins_splitC.csv,bin_eval=length_bin:len_q3; stage=TEST; eval_track=deployment_threshold; n_total=37; n_pos=32; n_neg=5,TEST_BIN_LENGTH_BIN_LEN_Q3,,
C,ablation,M3_TFIDF_PLUS_FLAGS_PLUS_IBVS_V2_TAILCAL,ranking,TEST,,length_bin,len_q3,37,32,5,0.8378,0.4559,0.9938,0.9562,0.9062,0.9062,0.9062,0.0312,14.0,13.7838,0.9286,4.6667,metrics_ablation_bins_splitC.csv,bin_eval=length_bin:len_q3; stage=TEST; eval_track=ranking; n_total=37; n_pos=32; n_neg=5,TEST_BIN_LENGTH_BIN_LEN_Q3,,
C,ablation,M3_TFIDF_PLUS_FLAGS_PLUS_IBVS_V2_TOTAL,deployment_threshold,TEST,,length_bin,len_q3,37,32,5,0.6757,0.6119,0.9938,0.9562,0.9062,0.9062,0.9062,0.375,14.0,13.7838,0.9286,4.6667,metrics_ablation_bins_splitC.csv,bin_eval=length_bin:len_q3; stage=TEST; eval_track=deployment_threshold; n_total=37; n_pos=32; n_neg=5,TEST_BIN_LENGTH_BIN_LEN_Q3,,
C,ablation,M3_TFIDF_PLUS_FLAGS_PLUS_IBVS_V2_TOTAL,ranking,TEST,,length_bin,len_q3,37,32,5,0.8649,0.6055,0.9938,0.9562,0.9062,0.9062,0.9062,0.0312,14.0,13.7838,0.9286,4.6667,metrics_ablation_bins_splitC.csv,bin_eval=length_bin:len_q3; stage=TEST; eval_track=ranking; n_total=37; n_pos=32; n_neg=5,TEST_BIN_LENGTH_BIN_LEN_Q3,,
C,ablation,M3_TFIDF_PLUS_FLAGS_PLUS_IBVS_V2_TRIPWIRE,deployment_threshold,TEST,,length_bin,len_q3,37,32,5,0.6216,0.5683,0.9948,0.9625,0.9375,0.9375,0.9375,0.4375,14.0,13.7838,0.9286,4.6667,metrics_ablation_bins_splitC.csv,bin_eval=length_bin:len_q3; stage=TEST; eval_track=deployment_threshold; n_total=37; n_pos=32; n_neg=5,TEST_BIN_LENGTH_BIN_LEN_Q3,,
C,ablation,M3_TFIDF_PLUS_FLAGS_PLUS_IBVS_V2_TRIPWIRE,ranking,TEST,,length_bin,len_q3,37,32,5,0.8649,0.6055,0.9948,0.9625,0.9375,0.9375,0.9375,0.0312,14.0,13.7838,0.9286,4.6667,metrics_ablation_bins_splitC.csv,bin_eval=length_bin:len_q3; stage=TEST; eval_track=ranking; n_total=37; n_pos=32; n_neg=5,TEST_BIN_LENGTH_BIN_LEN_Q3,,
C,hybrid,HYBRID_SEM_ANCHORED_IBVS_BOOST,deployment_threshold,TEST,,length_bin,len_q3,37,32,5,0.9189,0.8398,0.9909,0.9438,0.7812,0.7812,0.7812,0.0625,14.0,13.7838,0.9286,4.6667,metrics_hybrid_bins_splitC.csv,bin_eval=length_bin:len_q3; stage=TEST; eval_track=deployment_threshold; n_total=37; n_pos=32; n_neg=5,TEST_BIN_LENGTH_BIN_LEN_Q3,,
C,hybrid,HYBRID_SEM_ANCHORED_IBVS_BOOST_V2,deployment_threshold,TEST,,length_bin,len_q3,37,32,5,0.9189,0.8398,0.9909,0.9438,0.7812,0.7812,0.7812,0.0625,14.0,13.7838,0.9286,4.6667,metrics_hybrid_bins_splitC.csv,bin_eval=length_bin:len_q3; stage=TEST; eval_track=deployment_threshold; n_total=37; n_pos=32; n_neg=5,TEST_BIN_LENGTH_BIN_LEN_Q3,,
C,hybrid,HYBRID_SEM_ANCHORED_IBVS_VETO,deployment_threshold,TEST,,length_bin,len_q3,37,32,5,0.9189,0.8398,0.9909,0.9438,0.7812,0.7812,0.7812,0.0625,14.0,13.7838,0.9286,4.6667,metrics_hybrid_bins_splitC.csv,bin_eval=length_bin:len_q3; stage=TEST; eval_track=deployment_threshold; n_total=37; n_pos=32; n_neg=5,TEST_BIN_LENGTH_BIN_LEN_Q3,,
C,hybrid,HYBRID_SEM_EXPERT_GATE_M1_M3,deployment_threshold,TEST,,length_bin,len_q3,37,32,5,0.9189,0.86,0.9897,0.9438,0.8438,0.8438,0.8438,0.0938,14.0,13.7838,0.9286,4.6667,metrics_hybrid_bins_splitC.csv,bin_eval=length_bin:len_q3; stage=TEST; eval_track=deployment_threshold; n_total=37; n_pos=32; n_neg=5,TEST_BIN_LENGTH_BIN_LEN_Q3,,
C,hybrid,HYBRID_SEM_GATE_ELSE_M3_IBVS_V2,deployment_threshold,TEST,,length_bin,len_q3,37,32,5,0.9189,0.8398,0.9798,0.8875,0.5625,0.5625,0.5625,0.0625,14.0,13.7838,0.9286,4.6667,metrics_hybrid_bins_splitC.csv,bin_eval=length_bin:len_q3; stage=TEST; eval_track=deployment_threshold; n_total=37; n_pos=32; n_neg=5,TEST_BIN_LENGTH_BIN_LEN_Q3,,
C,hybrid,HYBRID_SEM_LEARNED_META_FUSION,deployment_threshold,TEST,,length_bin,len_q3,37,32,5,0.9459,0.9005,0.9963,0.9875,0.9375,0.9375,0.9375,0.0625,14.0,13.7838,0.9286,4.6667,metrics_hybrid_bins_splitC.csv,bin_eval=length_bin:len_q3; stage=TEST; eval_track=deployment_threshold; n_total=37; n_pos=32; n_neg=5,TEST_BIN_LENGTH_BIN_LEN_Q3,,
C,semantic,SEM_LOGREG_BGE,deployment_threshold,TEST,id,length_bin,len_q3,37,32,5,0.9189,0.8398,0.9909,0.9438,0.7812,0.7812,0.7812,0.0625,14.0,13.7838,0.9286,4.6667,metrics_semantic_bins_splitC.csv,bin_eval=length_bin:len_q3; stage=TEST; eval_track=deployment_threshold; n_total=37; n_pos=32; n_neg=5; ood_name=id,TEST_BIN_LENGTH_BIN_LEN_Q3,,
C,ablation,M1_TFIDF_ONLY,deployment_threshold,TEST,,length_bin,len_q4,37,26,11,0.4324,0.4257,0.9009,0.7902,0.2308,0.2308,0.6923,0.7692,17.0,25.027,0.9167,4.75,metrics_ablation_bins_splitC.csv,bin_eval=length_bin:len_q4; stage=TEST; eval_track=deployment_threshold; n_total=37; n_pos=26; n_neg=11,TEST_BIN_LENGTH_BIN_LEN_Q4,,
C,ablation,M1_TFIDF_ONLY,ranking,TEST,,length_bin,len_q4,37,26,11,0.7297,0.6917,0.9009,0.7902,0.2308,0.2308,0.6923,0.2308,17.0,25.027,0.9167,4.75,metrics_ablation_bins_splitC.csv,bin_eval=length_bin:len_q4; stage=TEST; eval_track=ranking; n_total=37; n_pos=26; n_neg=11,TEST_BIN_LENGTH_BIN_LEN_Q4,,
C,ablation,M2_TFIDF_PLUS_FLAGS,deployment_threshold,TEST,,length_bin,len_q4,37,26,11,0.5676,0.5673,0.93,0.8706,0.2692,0.2692,0.6538,0.5769,17.0,25.027,0.9167,4.75,metrics_ablation_bins_splitC.csv,bin_eval=length_bin:len_q4; stage=TEST; eval_track=deployment_threshold; n_total=37; n_pos=26; n_neg=11,TEST_BIN_LENGTH_BIN_LEN_Q4,,
C,ablation,M2_TFIDF_PLUS_FLAGS,ranking,TEST,,length_bin,len_q4,37,26,11,0.8649,0.8091,0.93,0.8706,0.2692,0.2692,0.6538,0.0,17.0,25.027,0.9167,4.75,metrics_ablation_bins_splitC.csv,bin_eval=length_bin:len_q4; stage=TEST; eval_track=ranking; n_total=37; n_pos=26; n_neg=11,TEST_BIN_LENGTH_BIN_LEN_Q4,,
C,ablation,M3_TFIDF_PLUS_FLAGS_PLUS_IBVS_V1_TOTAL,deployment_threshold,TEST,,length_bin,len_q4,37,26,11,0.7297,0.7197,0.9396,0.8951,0.2692,0.2692,0.7692,0.3462,17.0,25.027,0.9167,4.75,metrics_ablation_bins_splitC.csv,bin_eval=length_bin:len_q4; stage=TEST; eval_track=deployment_threshold; n_total=37; n_pos=26; n_neg=11,TEST_BIN_LENGTH_BIN_LEN_Q4,,
C,ablation,M3_TFIDF_PLUS_FLAGS_PLUS_IBVS_V1_TOTAL,ranking,TEST,,length_bin,len_q4,37,26,11,0.8649,0.8338,0.9396,0.8951,0.2692,0.2692,0.7692,0.0769,17.0,25.027,0.9167,4.75,metrics_ablation_bins_splitC.csv,bin_eval=length_bin:len_q4; stage=TEST; eval_track=ranking; n_total=37; n_pos=26; n_neg=11,TEST_BIN_LENGTH_BIN_LEN_Q4,,
C,ablation,M3_TFIDF_PLUS_FLAGS_PLUS_IBVS_V2_STRUCTURED,deployment_threshold,TEST,,length_bin,len_q4,37,26,11,0.6757,0.6696,0.9255,0.8671,0.2308,0.2308,0.6923,0.4231,17.0,25.027,0.9167,4.75,metrics_ablation_bins_splitC.csv,bin_eval=length_bin:len_q4; stage=TEST; eval_track=deployment_threshold; n_total=37; n_pos=26; n_neg=11,TEST_BIN_LENGTH_BIN_LEN_Q4,,
C,ablation,M3_TFIDF_PLUS_FLAGS_PLUS_IBVS_V2_STRUCTURED,ranking,TEST,,length_bin,len_q4,37,26,11,0.8649,0.8091,0.9255,0.8671,0.2308,0.2308,0.6923,0.0,17.0,25.027,0.9167,4.75,metrics_ablation_bins_splitC.csv,bin_eval=length_bin:len_q4; stage=TEST; eval_track=ranking; n_total=37; n_pos=26; n_neg=11,TEST_BIN_LENGTH_BIN_LEN_Q4,,
C,ablation,M3_TFIDF_PLUS_FLAGS_PLUS_IBVS_V2_TAILCAL,deployment_threshold,TEST,,length_bin,len_q4,37,26,11,0.5405,0.5405,0.9257,0.8671,0.2308,0.2308,0.7308,0.6154,17.0,25.027,0.9167,4.75,metrics_ablation_bins_splitC.csv,bin_eval=length_bin:len_q4; stage=TEST; eval_track=deployment_threshold; n_total=37; n_pos=26; n_neg=11,TEST_BIN_LENGTH_BIN_LEN_Q4,,
C,ablation,M3_TFIDF_PLUS_FLAGS_PLUS_IBVS_V2_TAILCAL,ranking,TEST,,length_bin,len_q4,37,26,11,0.8649,0.8091,0.9257,0.8671,0.2308,0.2308,0.7308,0.0,17.0,25.027,0.9167,4.75,metrics_ablation_bins_splitC.csv,bin_eval=length_bin:len_q4; stage=TEST; eval_track=ranking; n_total=37; n_pos=26; n_neg=11,TEST_BIN_LENGTH_BIN_LEN_Q4,,
C,ablation,M3_TFIDF_PLUS_FLAGS_PLUS_IBVS_V2_TOTAL,deployment_threshold,TEST,,length_bin,len_q4,37,26,11,0.5946,0.5934,0.9135,0.8601,0.1538,0.1538,0.6923,0.5385,17.0,25.027,0.9167,4.75,metrics_ablation_bins_splitC.csv,bin_eval=length_bin:len_q4; stage=TEST; eval_track=deployment_threshold; n_total=37; n_pos=26; n_neg=11,TEST_BIN_LENGTH_BIN_LEN_Q4,,
C,ablation,M3_TFIDF_PLUS_FLAGS_PLUS_IBVS_V2_TOTAL,ranking,TEST,,length_bin,len_q4,37,26,11,0.8649,0.8091,0.9135,0.8601,0.1538,0.1538,0.6923,0.0,17.0,25.027,0.9167,4.75,metrics_ablation_bins_splitC.csv,bin_eval=length_bin:len_q4; stage=TEST; eval_track=ranking; n_total=37; n_pos=26; n_neg=11,TEST_BIN_LENGTH_BIN_LEN_Q4,,
C,ablation,M3_TFIDF_PLUS_FLAGS_PLUS_IBVS_V2_TRIPWIRE,deployment_threshold,TEST,,length_bin,len_q4,37,26,11,0.5676,0.5673,0.9303,0.8706,0.2692,0.2692,0.6923,0.5769,17.0,25.027,0.9167,4.75,metrics_ablation_bins_splitC.csv,bin_eval=length_bin:len_q4; stage=TEST; eval_track=deployment_threshold; n_total=37; n_pos=26; n_neg=11,TEST_BIN_LENGTH_BIN_LEN_Q4,,
C,ablation,M3_TFIDF_PLUS_FLAGS_PLUS_IBVS_V2_TRIPWIRE,ranking,TEST,,length_bin,len_q4,37,26,11,0.8649,0.8091,0.9303,0.8706,0.2692,0.2692,0.6923,0.0,17.0,25.027,0.9167,4.75,metrics_ablation_bins_splitC.csv,bin_eval=length_bin:len_q4; stage=TEST; eval_track=ranking; n_total=37; n_pos=26; n_neg=11,TEST_BIN_LENGTH_BIN_LEN_Q4,,
C,hybrid,HYBRID_SEM_ANCHORED_IBVS_BOOST,deployment_threshold,TEST,,length_bin,len_q4,37,26,11,0.7297,0.7035,0.9093,0.8182,0.3462,0.3462,0.4615,0.2692,17.0,25.027,0.9167,4.75,metrics_hybrid_bins_splitC.csv,bin_eval=length_bin:len_q4; stage=TEST; eval_track=deployment_threshold; n_total=37; n_pos=26; n_neg=11,TEST_BIN_LENGTH_BIN_LEN_Q4,,
C,hybrid,HYBRID_SEM_ANCHORED_IBVS_BOOST_V2,deployment_threshold,TEST,,length_bin,len_q4,37,26,11,0.7297,0.7035,0.9093,0.8182,0.3462,0.3462,0.4615,0.2692,17.0,25.027,0.9167,4.75,metrics_hybrid_bins_splitC.csv,bin_eval=length_bin:len_q4; stage=TEST; eval_track=deployment_threshold; n_total=37; n_pos=26; n_neg=11,TEST_BIN_LENGTH_BIN_LEN_Q4,,
C,hybrid,HYBRID_SEM_ANCHORED_IBVS_VETO,deployment_threshold,TEST,,length_bin,len_q4,37,26,11,0.7297,0.7035,0.9093,0.8182,0.3462,0.3462,0.4615,0.2692,17.0,25.027,0.9167,4.75,metrics_hybrid_bins_splitC.csv,bin_eval=length_bin:len_q4; stage=TEST; eval_track=deployment_threshold; n_total=37; n_pos=26; n_neg=11,TEST_BIN_LENGTH_BIN_LEN_Q4,,
C,hybrid,HYBRID_SEM_EXPERT_GATE_M1_M3,deployment_threshold,TEST,,length_bin,len_q4,37,26,11,0.7568,0.7376,0.8864,0.8304,0.0,0.0,0.5385,0.2692,17.0,25.027,0.9167,4.75,metrics_hybrid_bins_splitC.csv,bin_eval=length_bin:len_q4; stage=TEST; eval_track=deployment_threshold; n_total=37; n_pos=26; n_neg=11,TEST_BIN_LENGTH_BIN_LEN_Q4,,
C,hybrid,HYBRID_SEM_GATE_ELSE_M3_IBVS_V2,deployment_threshold,TEST,,length_bin,len_q4,37,26,11,0.6757,0.6636,0.8499,0.7832,0.0385,0.0385,0.3462,0.3846,17.0,25.027,0.9167,4.75,metrics_hybrid_bins_splitC.csv,bin_eval=length_bin:len_q4; stage=TEST; eval_track=deployment_threshold; n_total=37; n_pos=26; n_neg=11,TEST_BIN_LENGTH_BIN_LEN_Q4,,
C,hybrid,HYBRID_SEM_LEARNED_META_FUSION,deployment_threshold,TEST,,length_bin,len_q4,37,26,11,0.7297,0.7035,0.8683,0.7902,0.0,0.0,0.4615,0.2692,17.0,25.027,0.9167,4.75,metrics_hybrid_bins_splitC.csv,bin_eval=length_bin:len_q4; stage=TEST; eval_track=deployment_threshold; n_total=37; n_pos=26; n_neg=11,TEST_BIN_LENGTH_BIN_LEN_Q4,,
C,semantic,SEM_LOGREG_BGE,deployment_threshold,TEST,id,length_bin,len_q4,37,26,11,0.7297,0.7035,0.9093,0.8182,0.3462,0.3462,0.4615,0.2692,17.0,25.027,0.9167,4.75,metrics_semantic_bins_splitC.csv,bin_eval=length_bin:len_q4; stage=TEST; eval_track=deployment_threshold; n_total=37; n_pos=26; n_neg=11; ood_name=id,TEST_BIN_LENGTH_BIN_LEN_Q4,,
